"time","n.risk","n.event","n.censor","surv","std.err","upper","lower","strata","risk_cat","pval.txt","pval","data","subgroup"
9,46,0,1,1,0,1,1,"risk_cat=high-risk","high-risk","p = 0.95",0.949751901724183,"DeepPT","HER2+"
10,45,0,1,1,0,1,1,"risk_cat=high-risk","high-risk","p = 0.95",0.949751901724183,"DeepPT","HER2+"
70,44,0,1,1,0,1,1,"risk_cat=high-risk","high-risk","p = 0.95",0.949751901724183,"DeepPT","HER2+"
116,43,1,0,0.976744186046512,0.0235310402667506,1,0.932719758896868,"risk_cat=high-risk","high-risk","p = 0.95",0.949751901724183,"DeepPT","HER2+"
170,42,0,1,0.976744186046512,0.0235310402667506,1,0.932719758896868,"risk_cat=high-risk","high-risk","p = 0.95",0.949751901724183,"DeepPT","HER2+"
172,41,1,0,0.952921157118548,0.0341096167318897,1,0.891297751719915,"risk_cat=high-risk","high-risk","p = 0.95",0.949751901724183,"DeepPT","HER2+"
196,40,0,1,0.952921157118548,0.0341096167318897,1,0.891297751719915,"risk_cat=high-risk","high-risk","p = 0.95",0.949751901724183,"DeepPT","HER2+"
210,39,0,1,0.952921157118548,0.0341096167318897,1,0.891297751719915,"risk_cat=high-risk","high-risk","p = 0.95",0.949751901724183,"DeepPT","HER2+"
224,38,0,1,0.952921157118548,0.0341096167318897,1,0.891297751719915,"risk_cat=high-risk","high-risk","p = 0.95",0.949751901724183,"DeepPT","HER2+"
231,37,0,1,0.952921157118548,0.0341096167318897,1,0.891297751719915,"risk_cat=high-risk","high-risk","p = 0.95",0.949751901724183,"DeepPT","HER2+"
242,36,0,2,0.952921157118548,0.0341096167318897,1,0.891297751719915,"risk_cat=high-risk","high-risk","p = 0.95",0.949751901724183,"DeepPT","HER2+"
320,34,1,0,0.92489406426212,0.0453291468124469,1,0.846267675303193,"risk_cat=high-risk","high-risk","p = 0.95",0.949751901724183,"DeepPT","HER2+"
332,33,0,1,0.92489406426212,0.0453291468124469,1,0.846267675303193,"risk_cat=high-risk","high-risk","p = 0.95",0.949751901724183,"DeepPT","HER2+"
352,32,0,1,0.92489406426212,0.0453291468124469,1,0.846267675303193,"risk_cat=high-risk","high-risk","p = 0.95",0.949751901724183,"DeepPT","HER2+"
375,31,0,1,0.92489406426212,0.0453291468124469,1,0.846267675303193,"risk_cat=high-risk","high-risk","p = 0.95",0.949751901724183,"DeepPT","HER2+"
394,30,0,1,0.92489406426212,0.0453291468124469,1,0.846267675303193,"risk_cat=high-risk","high-risk","p = 0.95",0.949751901724183,"DeepPT","HER2+"
396,29,0,1,0.92489406426212,0.0453291468124469,1,0.846267675303193,"risk_cat=high-risk","high-risk","p = 0.95",0.949751901724183,"DeepPT","HER2+"
463,28,0,1,0.92489406426212,0.0453291468124469,1,0.846267675303193,"risk_cat=high-risk","high-risk","p = 0.95",0.949751901724183,"DeepPT","HER2+"
506,27,0,1,0.92489406426212,0.0453291468124469,1,0.846267675303193,"risk_cat=high-risk","high-risk","p = 0.95",0.949751901724183,"DeepPT","HER2+"
518,26,0,2,0.92489406426212,0.0453291468124469,1,0.846267675303193,"risk_cat=high-risk","high-risk","p = 0.95",0.949751901724183,"DeepPT","HER2+"
521,24,0,1,0.92489406426212,0.0453291468124469,1,0.846267675303193,"risk_cat=high-risk","high-risk","p = 0.95",0.949751901724183,"DeepPT","HER2+"
529,23,0,1,0.92489406426212,0.0453291468124469,1,0.846267675303193,"risk_cat=high-risk","high-risk","p = 0.95",0.949751901724183,"DeepPT","HER2+"
532,22,0,1,0.92489406426212,0.0453291468124469,1,0.846267675303193,"risk_cat=high-risk","high-risk","p = 0.95",0.949751901724183,"DeepPT","HER2+"
652,21,0,1,0.92489406426212,0.0453291468124469,1,0.846267675303193,"risk_cat=high-risk","high-risk","p = 0.95",0.949751901724183,"DeepPT","HER2+"
664,20,0,1,0.92489406426212,0.0453291468124469,1,0.846267675303193,"risk_cat=high-risk","high-risk","p = 0.95",0.949751901724183,"DeepPT","HER2+"
666,19,0,1,0.92489406426212,0.0453291468124469,1,0.846267675303193,"risk_cat=high-risk","high-risk","p = 0.95",0.949751901724183,"DeepPT","HER2+"
679,18,0,1,0.92489406426212,0.0453291468124469,1,0.846267675303193,"risk_cat=high-risk","high-risk","p = 0.95",0.949751901724183,"DeepPT","HER2+"
707,17,0,1,0.92489406426212,0.0453291468124469,1,0.846267675303193,"risk_cat=high-risk","high-risk","p = 0.95",0.949751901724183,"DeepPT","HER2+"
715,16,0,1,0.92489406426212,0.0453291468124469,1,0.846267675303193,"risk_cat=high-risk","high-risk","p = 0.95",0.949751901724183,"DeepPT","HER2+"
879,15,1,0,0.863234459977979,0.0825629233533378,1,0.734262047698778,"risk_cat=high-risk","high-risk","p = 0.95",0.949751901724183,"DeepPT","HER2+"
1196,14,0,1,0.863234459977979,0.0825629233533378,1,0.734262047698778,"risk_cat=high-risk","high-risk","p = 0.95",0.949751901724183,"DeepPT","HER2+"
1239,13,0,1,0.863234459977979,0.0825629233533378,1,0.734262047698778,"risk_cat=high-risk","high-risk","p = 0.95",0.949751901724183,"DeepPT","HER2+"
1246,12,0,1,0.863234459977979,0.0825629233533378,1,0.734262047698778,"risk_cat=high-risk","high-risk","p = 0.95",0.949751901724183,"DeepPT","HER2+"
1269,11,0,1,0.863234459977979,0.0825629233533378,1,0.734262047698778,"risk_cat=high-risk","high-risk","p = 0.95",0.949751901724183,"DeepPT","HER2+"
1308,10,0,1,0.863234459977979,0.0825629233533378,1,0.734262047698778,"risk_cat=high-risk","high-risk","p = 0.95",0.949751901724183,"DeepPT","HER2+"
1532,9,0,1,0.863234459977979,0.0825629233533378,1,0.734262047698778,"risk_cat=high-risk","high-risk","p = 0.95",0.949751901724183,"DeepPT","HER2+"
1639,8,0,1,0.863234459977979,0.0825629233533378,1,0.734262047698778,"risk_cat=high-risk","high-risk","p = 0.95",0.949751901724183,"DeepPT","HER2+"
1686,7,0,1,0.863234459977979,0.0825629233533378,1,0.734262047698778,"risk_cat=high-risk","high-risk","p = 0.95",0.949751901724183,"DeepPT","HER2+"
1953,6,0,1,0.863234459977979,0.0825629233533378,1,0.734262047698778,"risk_cat=high-risk","high-risk","p = 0.95",0.949751901724183,"DeepPT","HER2+"
2161,5,0,1,0.863234459977979,0.0825629233533378,1,0.734262047698778,"risk_cat=high-risk","high-risk","p = 0.95",0.949751901724183,"DeepPT","HER2+"
2335,4,0,1,0.863234459977979,0.0825629233533378,1,0.734262047698778,"risk_cat=high-risk","high-risk","p = 0.95",0.949751901724183,"DeepPT","HER2+"
2483,3,0,1,0.863234459977979,0.0825629233533378,1,0.734262047698778,"risk_cat=high-risk","high-risk","p = 0.95",0.949751901724183,"DeepPT","HER2+"
2515,2,0,1,0.863234459977979,0.0825629233533378,1,0.734262047698778,"risk_cat=high-risk","high-risk","p = 0.95",0.949751901724183,"DeepPT","HER2+"
3957,1,0,1,0.863234459977979,0.0825629233533378,1,0.734262047698778,"risk_cat=high-risk","high-risk","p = 0.95",0.949751901724183,"DeepPT","HER2+"
10,46,0,2,1,0,1,1,"risk_cat=low-risk","low-risk","p = 0.95",0.949751901724183,"DeepPT","HER2+"
31,44,0,1,1,0,1,1,"risk_cat=low-risk","low-risk","p = 0.95",0.949751901724183,"DeepPT","HER2+"
213,43,0,1,1,0,1,1,"risk_cat=low-risk","low-risk","p = 0.95",0.949751901724183,"DeepPT","HER2+"
218,42,0,1,1,0,1,1,"risk_cat=low-risk","low-risk","p = 0.95",0.949751901724183,"DeepPT","HER2+"
224,41,1,0,0.975609756097561,0.0246932399162397,1,0.929516729600918,"risk_cat=low-risk","low-risk","p = 0.95",0.949751901724183,"DeepPT","HER2+"
273,40,0,1,0.975609756097561,0.0246932399162397,1,0.929516729600918,"risk_cat=low-risk","low-risk","p = 0.95",0.949751901724183,"DeepPT","HER2+"
297,39,0,1,0.975609756097561,0.0246932399162397,1,0.929516729600918,"risk_cat=low-risk","low-risk","p = 0.95",0.949751901724183,"DeepPT","HER2+"
304,38,0,1,0.975609756097561,0.0246932399162397,1,0.929516729600918,"risk_cat=low-risk","low-risk","p = 0.95",0.949751901724183,"DeepPT","HER2+"
323,37,0,1,0.975609756097561,0.0246932399162397,1,0.929516729600918,"risk_cat=low-risk","low-risk","p = 0.95",0.949751901724183,"DeepPT","HER2+"
385,36,1,0,0.948509485094851,0.0374620727030922,1,0.881361152034322,"risk_cat=low-risk","low-risk","p = 0.95",0.949751901724183,"DeepPT","HER2+"
426,35,0,1,0.948509485094851,0.0374620727030922,1,0.881361152034322,"risk_cat=low-risk","low-risk","p = 0.95",0.949751901724183,"DeepPT","HER2+"
502,34,0,1,0.948509485094851,0.0374620727030922,1,0.881361152034322,"risk_cat=low-risk","low-risk","p = 0.95",0.949751901724183,"DeepPT","HER2+"
504,33,0,1,0.948509485094851,0.0374620727030922,1,0.881361152034322,"risk_cat=low-risk","low-risk","p = 0.95",0.949751901724183,"DeepPT","HER2+"
545,32,0,1,0.948509485094851,0.0374620727030922,1,0.881361152034322,"risk_cat=low-risk","low-risk","p = 0.95",0.949751901724183,"DeepPT","HER2+"
607,31,0,1,0.948509485094851,0.0374620727030922,1,0.881361152034322,"risk_cat=low-risk","low-risk","p = 0.95",0.949751901724183,"DeepPT","HER2+"
622,30,0,1,0.948509485094851,0.0374620727030922,1,0.881361152034322,"risk_cat=low-risk","low-risk","p = 0.95",0.949751901724183,"DeepPT","HER2+"
734,29,0,1,0.948509485094851,0.0374620727030922,1,0.881361152034322,"risk_cat=low-risk","low-risk","p = 0.95",0.949751901724183,"DeepPT","HER2+"
881,28,0,1,0.948509485094851,0.0374620727030922,1,0.881361152034322,"risk_cat=low-risk","low-risk","p = 0.95",0.949751901724183,"DeepPT","HER2+"
943,27,0,1,0.948509485094851,0.0374620727030922,1,0.881361152034322,"risk_cat=low-risk","low-risk","p = 0.95",0.949751901724183,"DeepPT","HER2+"
1004,26,0,1,0.948509485094851,0.0374620727030922,1,0.881361152034322,"risk_cat=low-risk","low-risk","p = 0.95",0.949751901724183,"DeepPT","HER2+"
1013,25,0,1,0.948509485094851,0.0374620727030922,1,0.881361152034322,"risk_cat=low-risk","low-risk","p = 0.95",0.949751901724183,"DeepPT","HER2+"
1093,24,0,1,0.948509485094851,0.0374620727030922,1,0.881361152034322,"risk_cat=low-risk","low-risk","p = 0.95",0.949751901724183,"DeepPT","HER2+"
1156,23,0,1,0.948509485094851,0.0374620727030922,1,0.881361152034322,"risk_cat=low-risk","low-risk","p = 0.95",0.949751901724183,"DeepPT","HER2+"
1248,22,0,1,0.948509485094851,0.0374620727030922,1,0.881361152034322,"risk_cat=low-risk","low-risk","p = 0.95",0.949751901724183,"DeepPT","HER2+"
1272,21,1,0,0.903342366757001,0.0615171461640098,1,0.8007351429048,"risk_cat=low-risk","low-risk","p = 0.95",0.949751901724183,"DeepPT","HER2+"
1308,20,0,1,0.903342366757001,0.0615171461640098,1,0.8007351429048,"risk_cat=low-risk","low-risk","p = 0.95",0.949751901724183,"DeepPT","HER2+"
1371,19,0,1,0.903342366757001,0.0615171461640098,1,0.8007351429048,"risk_cat=low-risk","low-risk","p = 0.95",0.949751901724183,"DeepPT","HER2+"
1430,18,1,0,0.853156679714945,0.0839781705467159,1,0.723679794422102,"risk_cat=low-risk","low-risk","p = 0.95",0.949751901724183,"DeepPT","HER2+"
1448,17,0,1,0.853156679714945,0.0839781705467159,1,0.723679794422102,"risk_cat=low-risk","low-risk","p = 0.95",0.949751901724183,"DeepPT","HER2+"
1492,16,0,1,0.853156679714945,0.0839781705467159,1,0.723679794422102,"risk_cat=low-risk","low-risk","p = 0.95",0.949751901724183,"DeepPT","HER2+"
1545,15,0,1,0.853156679714945,0.0839781705467159,1,0.723679794422102,"risk_cat=low-risk","low-risk","p = 0.95",0.949751901724183,"DeepPT","HER2+"
1614,14,0,1,0.853156679714945,0.0839781705467159,1,0.723679794422102,"risk_cat=low-risk","low-risk","p = 0.95",0.949751901724183,"DeepPT","HER2+"
1631,13,0,1,0.853156679714945,0.0839781705467159,1,0.723679794422102,"risk_cat=low-risk","low-risk","p = 0.95",0.949751901724183,"DeepPT","HER2+"
1642,12,0,1,0.853156679714945,0.0839781705467159,1,0.723679794422102,"risk_cat=low-risk","low-risk","p = 0.95",0.949751901724183,"DeepPT","HER2+"
1728,11,0,1,0.853156679714945,0.0839781705467159,1,0.723679794422102,"risk_cat=low-risk","low-risk","p = 0.95",0.949751901724183,"DeepPT","HER2+"
1972,10,0,1,0.853156679714945,0.0839781705467159,1,0.723679794422102,"risk_cat=low-risk","low-risk","p = 0.95",0.949751901724183,"DeepPT","HER2+"
2128,9,0,1,0.853156679714945,0.0839781705467159,1,0.723679794422102,"risk_cat=low-risk","low-risk","p = 0.95",0.949751901724183,"DeepPT","HER2+"
2248,8,0,1,0.853156679714945,0.0839781705467159,1,0.723679794422102,"risk_cat=low-risk","low-risk","p = 0.95",0.949751901724183,"DeepPT","HER2+"
2426,7,0,1,0.853156679714945,0.0839781705467159,1,0.723679794422102,"risk_cat=low-risk","low-risk","p = 0.95",0.949751901724183,"DeepPT","HER2+"
2442,6,0,1,0.853156679714945,0.0839781705467159,1,0.723679794422102,"risk_cat=low-risk","low-risk","p = 0.95",0.949751901724183,"DeepPT","HER2+"
2605,5,0,1,0.853156679714945,0.0839781705467159,1,0.723679794422102,"risk_cat=low-risk","low-risk","p = 0.95",0.949751901724183,"DeepPT","HER2+"
2629,4,0,1,0.853156679714945,0.0839781705467159,1,0.723679794422102,"risk_cat=low-risk","low-risk","p = 0.95",0.949751901724183,"DeepPT","HER2+"
2632,3,0,1,0.853156679714945,0.0839781705467159,1,0.723679794422102,"risk_cat=low-risk","low-risk","p = 0.95",0.949751901724183,"DeepPT","HER2+"
3128,2,0,1,0.853156679714945,0.0839781705467159,1,0.723679794422102,"risk_cat=low-risk","low-risk","p = 0.95",0.949751901724183,"DeepPT","HER2+"
3409,1,1,0,0,Inf,NA,NA,"risk_cat=low-risk","low-risk","p = 0.95",0.949751901724183,"DeepPT","HER2+"
31,49,0,1,1,0,1,1,"risk_cat=high-risk","high-risk","p = 0.94",0.937974405527788,"DeepSpaCE","HER2+"
116,48,1,0,0.979166666666667,0.021053798026663,1,0.939583962226159,"risk_cat=high-risk","high-risk","p = 0.94",0.937974405527788,"DeepSpaCE","HER2+"
170,47,0,1,0.979166666666667,0.021053798026663,1,0.939583962226159,"risk_cat=high-risk","high-risk","p = 0.94",0.937974405527788,"DeepSpaCE","HER2+"
210,46,0,1,0.979166666666667,0.021053798026663,1,0.939583962226159,"risk_cat=high-risk","high-risk","p = 0.94",0.937974405527788,"DeepSpaCE","HER2+"
218,45,0,1,0.979166666666667,0.021053798026663,1,0.939583962226159,"risk_cat=high-risk","high-risk","p = 0.94",0.937974405527788,"DeepSpaCE","HER2+"
231,44,0,1,0.979166666666667,0.021053798026663,1,0.939583962226159,"risk_cat=high-risk","high-risk","p = 0.94",0.937974405527788,"DeepSpaCE","HER2+"
242,43,0,1,0.979166666666667,0.021053798026663,1,0.939583962226159,"risk_cat=high-risk","high-risk","p = 0.94",0.937974405527788,"DeepSpaCE","HER2+"
320,42,1,0,0.955853174603175,0.0319997266279375,1,0.897744948727927,"risk_cat=high-risk","high-risk","p = 0.94",0.937974405527788,"DeepSpaCE","HER2+"
323,41,0,1,0.955853174603175,0.0319997266279375,1,0.897744948727927,"risk_cat=high-risk","high-risk","p = 0.94",0.937974405527788,"DeepSpaCE","HER2+"
332,40,0,1,0.955853174603175,0.0319997266279375,1,0.897744948727927,"risk_cat=high-risk","high-risk","p = 0.94",0.937974405527788,"DeepSpaCE","HER2+"
352,39,0,1,0.955853174603175,0.0319997266279375,1,0.897744948727927,"risk_cat=high-risk","high-risk","p = 0.94",0.937974405527788,"DeepSpaCE","HER2+"
375,38,0,1,0.955853174603175,0.0319997266279375,1,0.897744948727927,"risk_cat=high-risk","high-risk","p = 0.94",0.937974405527788,"DeepSpaCE","HER2+"
396,37,0,1,0.955853174603175,0.0319997266279375,1,0.897744948727927,"risk_cat=high-risk","high-risk","p = 0.94",0.937974405527788,"DeepSpaCE","HER2+"
426,36,0,1,0.955853174603175,0.0319997266279375,1,0.897744948727927,"risk_cat=high-risk","high-risk","p = 0.94",0.937974405527788,"DeepSpaCE","HER2+"
518,35,0,1,0.955853174603175,0.0319997266279375,1,0.897744948727927,"risk_cat=high-risk","high-risk","p = 0.94",0.937974405527788,"DeepSpaCE","HER2+"
529,34,0,1,0.955853174603175,0.0319997266279375,1,0.897744948727927,"risk_cat=high-risk","high-risk","p = 0.94",0.937974405527788,"DeepSpaCE","HER2+"
545,33,0,1,0.955853174603175,0.0319997266279375,1,0.897744948727927,"risk_cat=high-risk","high-risk","p = 0.94",0.937974405527788,"DeepSpaCE","HER2+"
666,32,0,1,0.955853174603175,0.0319997266279375,1,0.897744948727927,"risk_cat=high-risk","high-risk","p = 0.94",0.937974405527788,"DeepSpaCE","HER2+"
679,31,0,1,0.955853174603175,0.0319997266279375,1,0.897744948727927,"risk_cat=high-risk","high-risk","p = 0.94",0.937974405527788,"DeepSpaCE","HER2+"
879,30,1,0,0.923991402116402,0.0466198218745959,1,0.843305758164051,"risk_cat=high-risk","high-risk","p = 0.94",0.937974405527788,"DeepSpaCE","HER2+"
881,29,0,1,0.923991402116402,0.0466198218745959,1,0.843305758164051,"risk_cat=high-risk","high-risk","p = 0.94",0.937974405527788,"DeepSpaCE","HER2+"
943,28,0,1,0.923991402116402,0.0466198218745959,1,0.843305758164051,"risk_cat=high-risk","high-risk","p = 0.94",0.937974405527788,"DeepSpaCE","HER2+"
1013,27,0,1,0.923991402116402,0.0466198218745959,1,0.843305758164051,"risk_cat=high-risk","high-risk","p = 0.94",0.937974405527788,"DeepSpaCE","HER2+"
1093,26,0,1,0.923991402116402,0.0466198218745959,1,0.843305758164051,"risk_cat=high-risk","high-risk","p = 0.94",0.937974405527788,"DeepSpaCE","HER2+"
1239,25,0,1,0.923991402116402,0.0466198218745959,1,0.843305758164051,"risk_cat=high-risk","high-risk","p = 0.94",0.937974405527788,"DeepSpaCE","HER2+"
1246,24,0,1,0.923991402116402,0.0466198218745959,1,0.843305758164051,"risk_cat=high-risk","high-risk","p = 0.94",0.937974405527788,"DeepSpaCE","HER2+"
1248,23,0,1,0.923991402116402,0.0466198218745959,1,0.843305758164051,"risk_cat=high-risk","high-risk","p = 0.94",0.937974405527788,"DeepSpaCE","HER2+"
1269,22,0,1,0.923991402116402,0.0466198218745959,1,0.843305758164051,"risk_cat=high-risk","high-risk","p = 0.94",0.937974405527788,"DeepSpaCE","HER2+"
1272,21,1,0,0.879991811539431,0.0674859998264191,1,0.770964611662635,"risk_cat=high-risk","high-risk","p = 0.94",0.937974405527788,"DeepSpaCE","HER2+"
1308,20,0,1,0.879991811539431,0.0674859998264191,1,0.770964611662635,"risk_cat=high-risk","high-risk","p = 0.94",0.937974405527788,"DeepSpaCE","HER2+"
1430,19,1,0,0.833676453037355,0.0864773772772889,0.987659424257376,0.703700497640197,"risk_cat=high-risk","high-risk","p = 0.94",0.937974405527788,"DeepSpaCE","HER2+"
1448,18,0,1,0.833676453037355,0.0864773772772889,0.987659424257376,0.703700497640197,"risk_cat=high-risk","high-risk","p = 0.94",0.937974405527788,"DeepSpaCE","HER2+"
1532,17,0,1,0.833676453037355,0.0864773772772889,0.987659424257376,0.703700497640197,"risk_cat=high-risk","high-risk","p = 0.94",0.937974405527788,"DeepSpaCE","HER2+"
1614,16,0,1,0.833676453037355,0.0864773772772889,0.987659424257376,0.703700497640197,"risk_cat=high-risk","high-risk","p = 0.94",0.937974405527788,"DeepSpaCE","HER2+"
1631,15,0,1,0.833676453037355,0.0864773772772889,0.987659424257376,0.703700497640197,"risk_cat=high-risk","high-risk","p = 0.94",0.937974405527788,"DeepSpaCE","HER2+"
1639,14,0,1,0.833676453037355,0.0864773772772889,0.987659424257376,0.703700497640197,"risk_cat=high-risk","high-risk","p = 0.94",0.937974405527788,"DeepSpaCE","HER2+"
1728,13,0,1,0.833676453037355,0.0864773772772889,0.987659424257376,0.703700497640197,"risk_cat=high-risk","high-risk","p = 0.94",0.937974405527788,"DeepSpaCE","HER2+"
1972,12,0,1,0.833676453037355,0.0864773772772889,0.987659424257376,0.703700497640197,"risk_cat=high-risk","high-risk","p = 0.94",0.937974405527788,"DeepSpaCE","HER2+"
2128,11,0,1,0.833676453037355,0.0864773772772889,0.987659424257376,0.703700497640197,"risk_cat=high-risk","high-risk","p = 0.94",0.937974405527788,"DeepSpaCE","HER2+"
2161,10,0,1,0.833676453037355,0.0864773772772889,0.987659424257376,0.703700497640197,"risk_cat=high-risk","high-risk","p = 0.94",0.937974405527788,"DeepSpaCE","HER2+"
2248,9,0,1,0.833676453037355,0.0864773772772889,0.987659424257376,0.703700497640197,"risk_cat=high-risk","high-risk","p = 0.94",0.937974405527788,"DeepSpaCE","HER2+"
2335,8,0,1,0.833676453037355,0.0864773772772889,0.987659424257376,0.703700497640197,"risk_cat=high-risk","high-risk","p = 0.94",0.937974405527788,"DeepSpaCE","HER2+"
2426,7,0,1,0.833676453037355,0.0864773772772889,0.987659424257376,0.703700497640197,"risk_cat=high-risk","high-risk","p = 0.94",0.937974405527788,"DeepSpaCE","HER2+"
2515,6,0,1,0.833676453037355,0.0864773772772889,0.987659424257376,0.703700497640197,"risk_cat=high-risk","high-risk","p = 0.94",0.937974405527788,"DeepSpaCE","HER2+"
2629,5,0,1,0.833676453037355,0.0864773772772889,0.987659424257376,0.703700497640197,"risk_cat=high-risk","high-risk","p = 0.94",0.937974405527788,"DeepSpaCE","HER2+"
2632,4,0,1,0.833676453037355,0.0864773772772889,0.987659424257376,0.703700497640197,"risk_cat=high-risk","high-risk","p = 0.94",0.937974405527788,"DeepSpaCE","HER2+"
3128,3,0,1,0.833676453037355,0.0864773772772889,0.987659424257376,0.703700497640197,"risk_cat=high-risk","high-risk","p = 0.94",0.937974405527788,"DeepSpaCE","HER2+"
3409,2,1,0,0.416838226518678,0.712375137677305,1,0.10317933463396,"risk_cat=high-risk","high-risk","p = 0.94",0.937974405527788,"DeepSpaCE","HER2+"
3957,1,0,1,0.416838226518678,0.712375137677305,1,0.10317933463396,"risk_cat=high-risk","high-risk","p = 0.94",0.937974405527788,"DeepSpaCE","HER2+"
9,43,0,1,1,0,1,1,"risk_cat=low-risk","low-risk","p = 0.94",0.937974405527788,"DeepSpaCE","HER2+"
10,42,0,3,1,0,1,1,"risk_cat=low-risk","low-risk","p = 0.94",0.937974405527788,"DeepSpaCE","HER2+"
70,39,0,1,1,0,1,1,"risk_cat=low-risk","low-risk","p = 0.94",0.937974405527788,"DeepSpaCE","HER2+"
172,38,1,0,0.973684210526316,0.0266690373531333,1,0.92409666242619,"risk_cat=low-risk","low-risk","p = 0.94",0.937974405527788,"DeepSpaCE","HER2+"
196,37,0,1,0.973684210526316,0.0266690373531333,1,0.92409666242619,"risk_cat=low-risk","low-risk","p = 0.94",0.937974405527788,"DeepSpaCE","HER2+"
213,36,0,1,0.973684210526316,0.0266690373531333,1,0.92409666242619,"risk_cat=low-risk","low-risk","p = 0.94",0.937974405527788,"DeepSpaCE","HER2+"
224,35,1,1,0.945864661654135,0.0393900201548133,1,0.875588712296613,"risk_cat=low-risk","low-risk","p = 0.94",0.937974405527788,"DeepSpaCE","HER2+"
242,33,0,1,0.945864661654135,0.0393900201548133,1,0.875588712296613,"risk_cat=low-risk","low-risk","p = 0.94",0.937974405527788,"DeepSpaCE","HER2+"
273,32,0,1,0.945864661654135,0.0393900201548133,1,0.875588712296613,"risk_cat=low-risk","low-risk","p = 0.94",0.937974405527788,"DeepSpaCE","HER2+"
297,31,0,1,0.945864661654135,0.0393900201548133,1,0.875588712296613,"risk_cat=low-risk","low-risk","p = 0.94",0.937974405527788,"DeepSpaCE","HER2+"
304,30,0,1,0.945864661654135,0.0393900201548133,1,0.875588712296613,"risk_cat=low-risk","low-risk","p = 0.94",0.937974405527788,"DeepSpaCE","HER2+"
385,29,1,0,0.913248638838476,0.0527551019465668,1,0.823538314872578,"risk_cat=low-risk","low-risk","p = 0.94",0.937974405527788,"DeepSpaCE","HER2+"
394,28,0,1,0.913248638838476,0.0527551019465668,1,0.823538314872578,"risk_cat=low-risk","low-risk","p = 0.94",0.937974405527788,"DeepSpaCE","HER2+"
463,27,0,1,0.913248638838476,0.0527551019465668,1,0.823538314872578,"risk_cat=low-risk","low-risk","p = 0.94",0.937974405527788,"DeepSpaCE","HER2+"
502,26,0,1,0.913248638838476,0.0527551019465668,1,0.823538314872578,"risk_cat=low-risk","low-risk","p = 0.94",0.937974405527788,"DeepSpaCE","HER2+"
504,25,0,1,0.913248638838476,0.0527551019465668,1,0.823538314872578,"risk_cat=low-risk","low-risk","p = 0.94",0.937974405527788,"DeepSpaCE","HER2+"
506,24,0,1,0.913248638838476,0.0527551019465668,1,0.823538314872578,"risk_cat=low-risk","low-risk","p = 0.94",0.937974405527788,"DeepSpaCE","HER2+"
518,23,0,1,0.913248638838476,0.0527551019465668,1,0.823538314872578,"risk_cat=low-risk","low-risk","p = 0.94",0.937974405527788,"DeepSpaCE","HER2+"
521,22,0,1,0.913248638838476,0.0527551019465668,1,0.823538314872578,"risk_cat=low-risk","low-risk","p = 0.94",0.937974405527788,"DeepSpaCE","HER2+"
532,21,0,1,0.913248638838476,0.0527551019465668,1,0.823538314872578,"risk_cat=low-risk","low-risk","p = 0.94",0.937974405527788,"DeepSpaCE","HER2+"
607,20,0,1,0.913248638838476,0.0527551019465668,1,0.823538314872578,"risk_cat=low-risk","low-risk","p = 0.94",0.937974405527788,"DeepSpaCE","HER2+"
622,19,0,1,0.913248638838476,0.0527551019465668,1,0.823538314872578,"risk_cat=low-risk","low-risk","p = 0.94",0.937974405527788,"DeepSpaCE","HER2+"
652,18,0,1,0.913248638838476,0.0527551019465668,1,0.823538314872578,"risk_cat=low-risk","low-risk","p = 0.94",0.937974405527788,"DeepSpaCE","HER2+"
664,17,0,1,0.913248638838476,0.0527551019465668,1,0.823538314872578,"risk_cat=low-risk","low-risk","p = 0.94",0.937974405527788,"DeepSpaCE","HER2+"
707,16,0,1,0.913248638838476,0.0527551019465668,1,0.823538314872578,"risk_cat=low-risk","low-risk","p = 0.94",0.937974405527788,"DeepSpaCE","HER2+"
715,15,0,1,0.913248638838476,0.0527551019465668,1,0.823538314872578,"risk_cat=low-risk","low-risk","p = 0.94",0.937974405527788,"DeepSpaCE","HER2+"
734,14,0,1,0.913248638838476,0.0527551019465668,1,0.823538314872578,"risk_cat=low-risk","low-risk","p = 0.94",0.937974405527788,"DeepSpaCE","HER2+"
1004,13,0,1,0.913248638838476,0.0527551019465668,1,0.823538314872578,"risk_cat=low-risk","low-risk","p = 0.94",0.937974405527788,"DeepSpaCE","HER2+"
1156,12,0,1,0.913248638838476,0.0527551019465668,1,0.823538314872578,"risk_cat=low-risk","low-risk","p = 0.94",0.937974405527788,"DeepSpaCE","HER2+"
1196,11,0,1,0.913248638838476,0.0527551019465668,1,0.823538314872578,"risk_cat=low-risk","low-risk","p = 0.94",0.937974405527788,"DeepSpaCE","HER2+"
1308,10,0,1,0.913248638838476,0.0527551019465668,1,0.823538314872578,"risk_cat=low-risk","low-risk","p = 0.94",0.937974405527788,"DeepSpaCE","HER2+"
1371,9,0,1,0.913248638838476,0.0527551019465668,1,0.823538314872578,"risk_cat=low-risk","low-risk","p = 0.94",0.937974405527788,"DeepSpaCE","HER2+"
1492,8,0,1,0.913248638838476,0.0527551019465668,1,0.823538314872578,"risk_cat=low-risk","low-risk","p = 0.94",0.937974405527788,"DeepSpaCE","HER2+"
1545,7,0,1,0.913248638838476,0.0527551019465668,1,0.823538314872578,"risk_cat=low-risk","low-risk","p = 0.94",0.937974405527788,"DeepSpaCE","HER2+"
1642,6,0,1,0.913248638838476,0.0527551019465668,1,0.823538314872578,"risk_cat=low-risk","low-risk","p = 0.94",0.937974405527788,"DeepSpaCE","HER2+"
1686,5,0,1,0.913248638838476,0.0527551019465668,1,0.823538314872578,"risk_cat=low-risk","low-risk","p = 0.94",0.937974405527788,"DeepSpaCE","HER2+"
1953,4,0,1,0.913248638838476,0.0527551019465668,1,0.823538314872578,"risk_cat=low-risk","low-risk","p = 0.94",0.937974405527788,"DeepSpaCE","HER2+"
2442,3,0,1,0.913248638838476,0.0527551019465668,1,0.823538314872578,"risk_cat=low-risk","low-risk","p = 0.94",0.937974405527788,"DeepSpaCE","HER2+"
2483,2,0,1,0.913248638838476,0.0527551019465668,1,0.823538314872578,"risk_cat=low-risk","low-risk","p = 0.94",0.937974405527788,"DeepSpaCE","HER2+"
2605,1,0,1,0.913248638838476,0.0527551019465668,1,0.823538314872578,"risk_cat=low-risk","low-risk","p = 0.94",0.937974405527788,"DeepSpaCE","HER2+"
10,46,0,1,1,0,1,1,"risk_cat=high-risk","high-risk","p = 0.37",0.372618804133337,"GeneCodeR","HER2+"
31,45,0,1,1,0,1,1,"risk_cat=high-risk","high-risk","p = 0.37",0.372618804133337,"GeneCodeR","HER2+"
70,44,0,1,1,0,1,1,"risk_cat=high-risk","high-risk","p = 0.37",0.372618804133337,"GeneCodeR","HER2+"
116,43,1,0,0.976744186046512,0.0235310402667506,1,0.932719758896868,"risk_cat=high-risk","high-risk","p = 0.37",0.372618804133337,"GeneCodeR","HER2+"
170,42,0,1,0.976744186046512,0.0235310402667506,1,0.932719758896868,"risk_cat=high-risk","high-risk","p = 0.37",0.372618804133337,"GeneCodeR","HER2+"
172,41,1,0,0.952921157118548,0.0341096167318897,1,0.891297751719915,"risk_cat=high-risk","high-risk","p = 0.37",0.372618804133337,"GeneCodeR","HER2+"
196,40,0,1,0.952921157118548,0.0341096167318897,1,0.891297751719915,"risk_cat=high-risk","high-risk","p = 0.37",0.372618804133337,"GeneCodeR","HER2+"
210,39,0,1,0.952921157118548,0.0341096167318897,1,0.891297751719915,"risk_cat=high-risk","high-risk","p = 0.37",0.372618804133337,"GeneCodeR","HER2+"
213,38,0,1,0.952921157118548,0.0341096167318897,1,0.891297751719915,"risk_cat=high-risk","high-risk","p = 0.37",0.372618804133337,"GeneCodeR","HER2+"
231,37,0,1,0.952921157118548,0.0341096167318897,1,0.891297751719915,"risk_cat=high-risk","high-risk","p = 0.37",0.372618804133337,"GeneCodeR","HER2+"
242,36,0,1,0.952921157118548,0.0341096167318897,1,0.891297751719915,"risk_cat=high-risk","high-risk","p = 0.37",0.372618804133337,"GeneCodeR","HER2+"
320,35,1,0,0.925694838343732,0.044763848003162,1,0.847939341694411,"risk_cat=high-risk","high-risk","p = 0.37",0.372618804133337,"GeneCodeR","HER2+"
352,34,0,1,0.925694838343732,0.044763848003162,1,0.847939341694411,"risk_cat=high-risk","high-risk","p = 0.37",0.372618804133337,"GeneCodeR","HER2+"
394,33,0,1,0.925694838343732,0.044763848003162,1,0.847939341694411,"risk_cat=high-risk","high-risk","p = 0.37",0.372618804133337,"GeneCodeR","HER2+"
426,32,0,1,0.925694838343732,0.044763848003162,1,0.847939341694411,"risk_cat=high-risk","high-risk","p = 0.37",0.372618804133337,"GeneCodeR","HER2+"
502,31,0,1,0.925694838343732,0.044763848003162,1,0.847939341694411,"risk_cat=high-risk","high-risk","p = 0.37",0.372618804133337,"GeneCodeR","HER2+"
518,30,0,1,0.925694838343732,0.044763848003162,1,0.847939341694411,"risk_cat=high-risk","high-risk","p = 0.37",0.372618804133337,"GeneCodeR","HER2+"
545,29,0,1,0.925694838343732,0.044763848003162,1,0.847939341694411,"risk_cat=high-risk","high-risk","p = 0.37",0.372618804133337,"GeneCodeR","HER2+"
622,28,0,1,0.925694838343732,0.044763848003162,1,0.847939341694411,"risk_cat=high-risk","high-risk","p = 0.37",0.372618804133337,"GeneCodeR","HER2+"
652,27,0,1,0.925694838343732,0.044763848003162,1,0.847939341694411,"risk_cat=high-risk","high-risk","p = 0.37",0.372618804133337,"GeneCodeR","HER2+"
664,26,0,1,0.925694838343732,0.044763848003162,1,0.847939341694411,"risk_cat=high-risk","high-risk","p = 0.37",0.372618804133337,"GeneCodeR","HER2+"
707,25,0,1,0.925694838343732,0.044763848003162,1,0.847939341694411,"risk_cat=high-risk","high-risk","p = 0.37",0.372618804133337,"GeneCodeR","HER2+"
1156,24,0,1,0.925694838343732,0.044763848003162,1,0.847939341694411,"risk_cat=high-risk","high-risk","p = 0.37",0.372618804133337,"GeneCodeR","HER2+"
1196,23,0,1,0.925694838343732,0.044763848003162,1,0.847939341694411,"risk_cat=high-risk","high-risk","p = 0.37",0.372618804133337,"GeneCodeR","HER2+"
1239,22,0,1,0.925694838343732,0.044763848003162,1,0.847939341694411,"risk_cat=high-risk","high-risk","p = 0.37",0.372618804133337,"GeneCodeR","HER2+"
1246,21,0,1,0.925694838343732,0.044763848003162,1,0.847939341694411,"risk_cat=high-risk","high-risk","p = 0.37",0.372618804133337,"GeneCodeR","HER2+"
1248,20,0,1,0.925694838343732,0.044763848003162,1,0.847939341694411,"risk_cat=high-risk","high-risk","p = 0.37",0.372618804133337,"GeneCodeR","HER2+"
1308,19,0,2,0.925694838343732,0.044763848003162,1,0.847939341694411,"risk_cat=high-risk","high-risk","p = 0.37",0.372618804133337,"GeneCodeR","HER2+"
1448,17,0,1,0.925694838343732,0.044763848003162,1,0.847939341694411,"risk_cat=high-risk","high-risk","p = 0.37",0.372618804133337,"GeneCodeR","HER2+"
1492,16,0,1,0.925694838343732,0.044763848003162,1,0.847939341694411,"risk_cat=high-risk","high-risk","p = 0.37",0.372618804133337,"GeneCodeR","HER2+"
1532,15,0,1,0.925694838343732,0.044763848003162,1,0.847939341694411,"risk_cat=high-risk","high-risk","p = 0.37",0.372618804133337,"GeneCodeR","HER2+"
1545,14,0,1,0.925694838343732,0.044763848003162,1,0.847939341694411,"risk_cat=high-risk","high-risk","p = 0.37",0.372618804133337,"GeneCodeR","HER2+"
1614,13,0,1,0.925694838343732,0.044763848003162,1,0.847939341694411,"risk_cat=high-risk","high-risk","p = 0.37",0.372618804133337,"GeneCodeR","HER2+"
1631,12,0,1,0.925694838343732,0.044763848003162,1,0.847939341694411,"risk_cat=high-risk","high-risk","p = 0.37",0.372618804133337,"GeneCodeR","HER2+"
1639,11,0,1,0.925694838343732,0.044763848003162,1,0.847939341694411,"risk_cat=high-risk","high-risk","p = 0.37",0.372618804133337,"GeneCodeR","HER2+"
1728,10,0,1,0.925694838343732,0.044763848003162,1,0.847939341694411,"risk_cat=high-risk","high-risk","p = 0.37",0.372618804133337,"GeneCodeR","HER2+"
1953,9,0,1,0.925694838343732,0.044763848003162,1,0.847939341694411,"risk_cat=high-risk","high-risk","p = 0.37",0.372618804133337,"GeneCodeR","HER2+"
1972,8,0,1,0.925694838343732,0.044763848003162,1,0.847939341694411,"risk_cat=high-risk","high-risk","p = 0.37",0.372618804133337,"GeneCodeR","HER2+"
2161,7,0,1,0.925694838343732,0.044763848003162,1,0.847939341694411,"risk_cat=high-risk","high-risk","p = 0.37",0.372618804133337,"GeneCodeR","HER2+"
2248,6,0,1,0.925694838343732,0.044763848003162,1,0.847939341694411,"risk_cat=high-risk","high-risk","p = 0.37",0.372618804133337,"GeneCodeR","HER2+"
2335,5,0,1,0.925694838343732,0.044763848003162,1,0.847939341694411,"risk_cat=high-risk","high-risk","p = 0.37",0.372618804133337,"GeneCodeR","HER2+"
2426,4,0,1,0.925694838343732,0.044763848003162,1,0.847939341694411,"risk_cat=high-risk","high-risk","p = 0.37",0.372618804133337,"GeneCodeR","HER2+"
2442,3,0,1,0.925694838343732,0.044763848003162,1,0.847939341694411,"risk_cat=high-risk","high-risk","p = 0.37",0.372618804133337,"GeneCodeR","HER2+"
2483,2,0,1,0.925694838343732,0.044763848003162,1,0.847939341694411,"risk_cat=high-risk","high-risk","p = 0.37",0.372618804133337,"GeneCodeR","HER2+"
2605,1,0,1,0.925694838343732,0.044763848003162,1,0.847939341694411,"risk_cat=high-risk","high-risk","p = 0.37",0.372618804133337,"GeneCodeR","HER2+"
9,46,0,1,1,0,1,1,"risk_cat=low-risk","low-risk","p = 0.37",0.372618804133337,"GeneCodeR","HER2+"
10,45,0,2,1,0,1,1,"risk_cat=low-risk","low-risk","p = 0.37",0.372618804133337,"GeneCodeR","HER2+"
218,43,0,1,1,0,1,1,"risk_cat=low-risk","low-risk","p = 0.37",0.372618804133337,"GeneCodeR","HER2+"
224,42,1,1,0.976190476190476,0.024098134635594,1,0.931155465908631,"risk_cat=low-risk","low-risk","p = 0.37",0.372618804133337,"GeneCodeR","HER2+"
242,40,0,1,0.976190476190476,0.024098134635594,1,0.931155465908631,"risk_cat=low-risk","low-risk","p = 0.37",0.372618804133337,"GeneCodeR","HER2+"
273,39,0,1,0.976190476190476,0.024098134635594,1,0.931155465908631,"risk_cat=low-risk","low-risk","p = 0.37",0.372618804133337,"GeneCodeR","HER2+"
297,38,0,1,0.976190476190476,0.024098134635594,1,0.931155465908631,"risk_cat=low-risk","low-risk","p = 0.37",0.372618804133337,"GeneCodeR","HER2+"
304,37,0,1,0.976190476190476,0.024098134635594,1,0.931155465908631,"risk_cat=low-risk","low-risk","p = 0.37",0.372618804133337,"GeneCodeR","HER2+"
323,36,0,1,0.976190476190476,0.024098134635594,1,0.931155465908631,"risk_cat=low-risk","low-risk","p = 0.37",0.372618804133337,"GeneCodeR","HER2+"
332,35,0,1,0.976190476190476,0.024098134635594,1,0.931155465908631,"risk_cat=low-risk","low-risk","p = 0.37",0.372618804133337,"GeneCodeR","HER2+"
375,34,0,1,0.976190476190476,0.024098134635594,1,0.931155465908631,"risk_cat=low-risk","low-risk","p = 0.37",0.372618804133337,"GeneCodeR","HER2+"
385,33,1,0,0.946608946608947,0.0390856724374151,1,0.876800563128232,"risk_cat=low-risk","low-risk","p = 0.37",0.372618804133337,"GeneCodeR","HER2+"
396,32,0,1,0.946608946608947,0.0390856724374151,1,0.876800563128232,"risk_cat=low-risk","low-risk","p = 0.37",0.372618804133337,"GeneCodeR","HER2+"
463,31,0,1,0.946608946608947,0.0390856724374151,1,0.876800563128232,"risk_cat=low-risk","low-risk","p = 0.37",0.372618804133337,"GeneCodeR","HER2+"
504,30,0,1,0.946608946608947,0.0390856724374151,1,0.876800563128232,"risk_cat=low-risk","low-risk","p = 0.37",0.372618804133337,"GeneCodeR","HER2+"
506,29,0,1,0.946608946608947,0.0390856724374151,1,0.876800563128232,"risk_cat=low-risk","low-risk","p = 0.37",0.372618804133337,"GeneCodeR","HER2+"
518,28,0,1,0.946608946608947,0.0390856724374151,1,0.876800563128232,"risk_cat=low-risk","low-risk","p = 0.37",0.372618804133337,"GeneCodeR","HER2+"
521,27,0,1,0.946608946608947,0.0390856724374151,1,0.876800563128232,"risk_cat=low-risk","low-risk","p = 0.37",0.372618804133337,"GeneCodeR","HER2+"
529,26,0,1,0.946608946608947,0.0390856724374151,1,0.876800563128232,"risk_cat=low-risk","low-risk","p = 0.37",0.372618804133337,"GeneCodeR","HER2+"
532,25,0,1,0.946608946608947,0.0390856724374151,1,0.876800563128232,"risk_cat=low-risk","low-risk","p = 0.37",0.372618804133337,"GeneCodeR","HER2+"
607,24,0,1,0.946608946608947,0.0390856724374151,1,0.876800563128232,"risk_cat=low-risk","low-risk","p = 0.37",0.372618804133337,"GeneCodeR","HER2+"
666,23,0,1,0.946608946608947,0.0390856724374151,1,0.876800563128232,"risk_cat=low-risk","low-risk","p = 0.37",0.372618804133337,"GeneCodeR","HER2+"
679,22,0,1,0.946608946608947,0.0390856724374151,1,0.876800563128232,"risk_cat=low-risk","low-risk","p = 0.37",0.372618804133337,"GeneCodeR","HER2+"
715,21,0,1,0.946608946608947,0.0390856724374151,1,0.876800563128232,"risk_cat=low-risk","low-risk","p = 0.37",0.372618804133337,"GeneCodeR","HER2+"
734,20,0,1,0.946608946608947,0.0390856724374151,1,0.876800563128232,"risk_cat=low-risk","low-risk","p = 0.37",0.372618804133337,"GeneCodeR","HER2+"
879,19,1,0,0.896787423103212,0.0667208093331612,1,0.78685852250255,"risk_cat=low-risk","low-risk","p = 0.37",0.372618804133337,"GeneCodeR","HER2+"
881,18,0,1,0.896787423103212,0.0667208093331612,1,0.78685852250255,"risk_cat=low-risk","low-risk","p = 0.37",0.372618804133337,"GeneCodeR","HER2+"
943,17,0,1,0.896787423103212,0.0667208093331612,1,0.78685852250255,"risk_cat=low-risk","low-risk","p = 0.37",0.372618804133337,"GeneCodeR","HER2+"
1004,16,0,1,0.896787423103212,0.0667208093331612,1,0.78685852250255,"risk_cat=low-risk","low-risk","p = 0.37",0.372618804133337,"GeneCodeR","HER2+"
1013,15,0,1,0.896787423103212,0.0667208093331612,1,0.78685852250255,"risk_cat=low-risk","low-risk","p = 0.37",0.372618804133337,"GeneCodeR","HER2+"
1093,14,0,1,0.896787423103212,0.0667208093331612,1,0.78685852250255,"risk_cat=low-risk","low-risk","p = 0.37",0.372618804133337,"GeneCodeR","HER2+"
1269,13,0,1,0.896787423103212,0.0667208093331612,1,0.78685852250255,"risk_cat=low-risk","low-risk","p = 0.37",0.372618804133337,"GeneCodeR","HER2+"
1272,12,1,0,0.822055137844611,0.1096696128097,1,0.66305568703563,"risk_cat=low-risk","low-risk","p = 0.37",0.372618804133337,"GeneCodeR","HER2+"
1371,11,0,1,0.822055137844611,0.1096696128097,1,0.66305568703563,"risk_cat=low-risk","low-risk","p = 0.37",0.372618804133337,"GeneCodeR","HER2+"
1430,10,1,0,0.73984962406015,0.152113559832583,0.99683379769243,0.549116078817823,"risk_cat=low-risk","low-risk","p = 0.37",0.372618804133337,"GeneCodeR","HER2+"
1642,9,0,1,0.73984962406015,0.152113559832583,0.99683379769243,0.549116078817823,"risk_cat=low-risk","low-risk","p = 0.37",0.372618804133337,"GeneCodeR","HER2+"
1686,8,0,1,0.73984962406015,0.152113559832583,0.99683379769243,0.549116078817823,"risk_cat=low-risk","low-risk","p = 0.37",0.372618804133337,"GeneCodeR","HER2+"
2128,7,0,1,0.73984962406015,0.152113559832583,0.99683379769243,0.549116078817823,"risk_cat=low-risk","low-risk","p = 0.37",0.372618804133337,"GeneCodeR","HER2+"
2515,6,0,1,0.73984962406015,0.152113559832583,0.99683379769243,0.549116078817823,"risk_cat=low-risk","low-risk","p = 0.37",0.372618804133337,"GeneCodeR","HER2+"
2629,5,0,1,0.73984962406015,0.152113559832583,0.99683379769243,0.549116078817823,"risk_cat=low-risk","low-risk","p = 0.37",0.372618804133337,"GeneCodeR","HER2+"
2632,4,0,1,0.73984962406015,0.152113559832583,0.99683379769243,0.549116078817823,"risk_cat=low-risk","low-risk","p = 0.37",0.372618804133337,"GeneCodeR","HER2+"
3128,3,0,1,0.73984962406015,0.152113559832583,0.99683379769243,0.549116078817823,"risk_cat=low-risk","low-risk","p = 0.37",0.372618804133337,"GeneCodeR","HER2+"
3409,2,1,0,0.369924812030075,0.723283163833461,1,0.0896300660709231,"risk_cat=low-risk","low-risk","p = 0.37",0.372618804133337,"GeneCodeR","HER2+"
3957,1,0,1,0.369924812030075,0.723283163833461,1,0.0896300660709231,"risk_cat=low-risk","low-risk","p = 0.37",0.372618804133337,"GeneCodeR","HER2+"
9,65,0,1,1,0,1,1,"risk_cat=high-risk","high-risk","p = 0.00084",0.00083941804776921,"Hist2ST","HER2+"
10,64,0,3,1,0,1,1,"risk_cat=high-risk","high-risk","p = 0.00084",0.00083941804776921,"Hist2ST","HER2+"
31,61,0,1,1,0,1,1,"risk_cat=high-risk","high-risk","p = 0.00084",0.00083941804776921,"Hist2ST","HER2+"
170,60,0,1,1,0,1,1,"risk_cat=high-risk","high-risk","p = 0.00084",0.00083941804776921,"Hist2ST","HER2+"
213,59,0,1,1,0,1,1,"risk_cat=high-risk","high-risk","p = 0.00084",0.00083941804776921,"Hist2ST","HER2+"
224,58,0,1,1,0,1,1,"risk_cat=high-risk","high-risk","p = 0.00084",0.00083941804776921,"Hist2ST","HER2+"
231,57,0,1,1,0,1,1,"risk_cat=high-risk","high-risk","p = 0.00084",0.00083941804776921,"Hist2ST","HER2+"
242,56,0,2,1,0,1,1,"risk_cat=high-risk","high-risk","p = 0.00084",0.00083941804776921,"Hist2ST","HER2+"
273,54,0,1,1,0,1,1,"risk_cat=high-risk","high-risk","p = 0.00084",0.00083941804776921,"Hist2ST","HER2+"
304,53,0,1,1,0,1,1,"risk_cat=high-risk","high-risk","p = 0.00084",0.00083941804776921,"Hist2ST","HER2+"
332,52,0,1,1,0,1,1,"risk_cat=high-risk","high-risk","p = 0.00084",0.00083941804776921,"Hist2ST","HER2+"
352,51,0,1,1,0,1,1,"risk_cat=high-risk","high-risk","p = 0.00084",0.00083941804776921,"Hist2ST","HER2+"
375,50,0,1,1,0,1,1,"risk_cat=high-risk","high-risk","p = 0.00084",0.00083941804776921,"Hist2ST","HER2+"
394,49,0,1,1,0,1,1,"risk_cat=high-risk","high-risk","p = 0.00084",0.00083941804776921,"Hist2ST","HER2+"
396,48,0,1,1,0,1,1,"risk_cat=high-risk","high-risk","p = 0.00084",0.00083941804776921,"Hist2ST","HER2+"
426,47,0,1,1,0,1,1,"risk_cat=high-risk","high-risk","p = 0.00084",0.00083941804776921,"Hist2ST","HER2+"
502,46,0,1,1,0,1,1,"risk_cat=high-risk","high-risk","p = 0.00084",0.00083941804776921,"Hist2ST","HER2+"
518,45,0,2,1,0,1,1,"risk_cat=high-risk","high-risk","p = 0.00084",0.00083941804776921,"Hist2ST","HER2+"
521,43,0,1,1,0,1,1,"risk_cat=high-risk","high-risk","p = 0.00084",0.00083941804776921,"Hist2ST","HER2+"
529,42,0,1,1,0,1,1,"risk_cat=high-risk","high-risk","p = 0.00084",0.00083941804776921,"Hist2ST","HER2+"
532,41,0,1,1,0,1,1,"risk_cat=high-risk","high-risk","p = 0.00084",0.00083941804776921,"Hist2ST","HER2+"
545,40,0,1,1,0,1,1,"risk_cat=high-risk","high-risk","p = 0.00084",0.00083941804776921,"Hist2ST","HER2+"
622,39,0,1,1,0,1,1,"risk_cat=high-risk","high-risk","p = 0.00084",0.00083941804776921,"Hist2ST","HER2+"
652,38,0,1,1,0,1,1,"risk_cat=high-risk","high-risk","p = 0.00084",0.00083941804776921,"Hist2ST","HER2+"
664,37,0,1,1,0,1,1,"risk_cat=high-risk","high-risk","p = 0.00084",0.00083941804776921,"Hist2ST","HER2+"
666,36,0,1,1,0,1,1,"risk_cat=high-risk","high-risk","p = 0.00084",0.00083941804776921,"Hist2ST","HER2+"
679,35,0,1,1,0,1,1,"risk_cat=high-risk","high-risk","p = 0.00084",0.00083941804776921,"Hist2ST","HER2+"
707,34,0,1,1,0,1,1,"risk_cat=high-risk","high-risk","p = 0.00084",0.00083941804776921,"Hist2ST","HER2+"
734,33,0,1,1,0,1,1,"risk_cat=high-risk","high-risk","p = 0.00084",0.00083941804776921,"Hist2ST","HER2+"
881,32,0,1,1,0,1,1,"risk_cat=high-risk","high-risk","p = 0.00084",0.00083941804776921,"Hist2ST","HER2+"
1004,31,0,1,1,0,1,1,"risk_cat=high-risk","high-risk","p = 0.00084",0.00083941804776921,"Hist2ST","HER2+"
1093,30,0,1,1,0,1,1,"risk_cat=high-risk","high-risk","p = 0.00084",0.00083941804776921,"Hist2ST","HER2+"
1156,29,0,1,1,0,1,1,"risk_cat=high-risk","high-risk","p = 0.00084",0.00083941804776921,"Hist2ST","HER2+"
1196,28,0,1,1,0,1,1,"risk_cat=high-risk","high-risk","p = 0.00084",0.00083941804776921,"Hist2ST","HER2+"
1239,27,0,1,1,0,1,1,"risk_cat=high-risk","high-risk","p = 0.00084",0.00083941804776921,"Hist2ST","HER2+"
1246,26,0,1,1,0,1,1,"risk_cat=high-risk","high-risk","p = 0.00084",0.00083941804776921,"Hist2ST","HER2+"
1248,25,0,1,1,0,1,1,"risk_cat=high-risk","high-risk","p = 0.00084",0.00083941804776921,"Hist2ST","HER2+"
1272,24,1,0,0.958333333333333,0.0425628265379374,1,0.881631402331465,"risk_cat=high-risk","high-risk","p = 0.00084",0.00083941804776921,"Hist2ST","HER2+"
1308,23,0,1,0.958333333333333,0.0425628265379374,1,0.881631402331465,"risk_cat=high-risk","high-risk","p = 0.00084",0.00083941804776921,"Hist2ST","HER2+"
1371,22,0,1,0.958333333333333,0.0425628265379374,1,0.881631402331465,"risk_cat=high-risk","high-risk","p = 0.00084",0.00083941804776921,"Hist2ST","HER2+"
1448,21,0,1,0.958333333333333,0.0425628265379374,1,0.881631402331465,"risk_cat=high-risk","high-risk","p = 0.00084",0.00083941804776921,"Hist2ST","HER2+"
1492,20,0,1,0.958333333333333,0.0425628265379374,1,0.881631402331465,"risk_cat=high-risk","high-risk","p = 0.00084",0.00083941804776921,"Hist2ST","HER2+"
1532,19,0,1,0.958333333333333,0.0425628265379374,1,0.881631402331465,"risk_cat=high-risk","high-risk","p = 0.00084",0.00083941804776921,"Hist2ST","HER2+"
1545,18,0,1,0.958333333333333,0.0425628265379374,1,0.881631402331465,"risk_cat=high-risk","high-risk","p = 0.00084",0.00083941804776921,"Hist2ST","HER2+"
1614,17,0,1,0.958333333333333,0.0425628265379374,1,0.881631402331465,"risk_cat=high-risk","high-risk","p = 0.00084",0.00083941804776921,"Hist2ST","HER2+"
1631,16,0,1,0.958333333333333,0.0425628265379374,1,0.881631402331465,"risk_cat=high-risk","high-risk","p = 0.00084",0.00083941804776921,"Hist2ST","HER2+"
1639,15,0,1,0.958333333333333,0.0425628265379374,1,0.881631402331465,"risk_cat=high-risk","high-risk","p = 0.00084",0.00083941804776921,"Hist2ST","HER2+"
1642,14,0,1,0.958333333333333,0.0425628265379374,1,0.881631402331465,"risk_cat=high-risk","high-risk","p = 0.00084",0.00083941804776921,"Hist2ST","HER2+"
1686,13,0,1,0.958333333333333,0.0425628265379374,1,0.881631402331465,"risk_cat=high-risk","high-risk","p = 0.00084",0.00083941804776921,"Hist2ST","HER2+"
1953,12,0,1,0.958333333333333,0.0425628265379374,1,0.881631402331465,"risk_cat=high-risk","high-risk","p = 0.00084",0.00083941804776921,"Hist2ST","HER2+"
1972,11,0,1,0.958333333333333,0.0425628265379374,1,0.881631402331465,"risk_cat=high-risk","high-risk","p = 0.00084",0.00083941804776921,"Hist2ST","HER2+"
2128,10,0,1,0.958333333333333,0.0425628265379374,1,0.881631402331465,"risk_cat=high-risk","high-risk","p = 0.00084",0.00083941804776921,"Hist2ST","HER2+"
2161,9,0,1,0.958333333333333,0.0425628265379374,1,0.881631402331465,"risk_cat=high-risk","high-risk","p = 0.00084",0.00083941804776921,"Hist2ST","HER2+"
2248,8,0,1,0.958333333333333,0.0425628265379374,1,0.881631402331465,"risk_cat=high-risk","high-risk","p = 0.00084",0.00083941804776921,"Hist2ST","HER2+"
2426,7,0,1,0.958333333333333,0.0425628265379374,1,0.881631402331465,"risk_cat=high-risk","high-risk","p = 0.00084",0.00083941804776921,"Hist2ST","HER2+"
2442,6,0,1,0.958333333333333,0.0425628265379374,1,0.881631402331465,"risk_cat=high-risk","high-risk","p = 0.00084",0.00083941804776921,"Hist2ST","HER2+"
2483,5,0,1,0.958333333333333,0.0425628265379374,1,0.881631402331465,"risk_cat=high-risk","high-risk","p = 0.00084",0.00083941804776921,"Hist2ST","HER2+"
2605,4,0,1,0.958333333333333,0.0425628265379374,1,0.881631402331465,"risk_cat=high-risk","high-risk","p = 0.00084",0.00083941804776921,"Hist2ST","HER2+"
2632,3,0,1,0.958333333333333,0.0425628265379374,1,0.881631402331465,"risk_cat=high-risk","high-risk","p = 0.00084",0.00083941804776921,"Hist2ST","HER2+"
3128,2,0,1,0.958333333333333,0.0425628265379374,1,0.881631402331465,"risk_cat=high-risk","high-risk","p = 0.00084",0.00083941804776921,"Hist2ST","HER2+"
3409,1,1,0,0,Inf,NA,NA,"risk_cat=high-risk","high-risk","p = 0.00084",0.00083941804776921,"Hist2ST","HER2+"
70,20,0,1,1,0,1,1,"risk_cat=low-risk","low-risk","p = 0.00084",0.00083941804776921,"Hist2ST","HER2+"
116,19,1,0,0.947368421052632,0.0540738070435875,1,0.852101237732005,"risk_cat=low-risk","low-risk","p = 0.00084",0.00083941804776921,"Hist2ST","HER2+"
172,18,1,0,0.894736842105263,0.0786889475364634,1,0.766858378359225,"risk_cat=low-risk","low-risk","p = 0.00084",0.00083941804776921,"Hist2ST","HER2+"
196,17,0,1,0.894736842105263,0.0786889475364634,1,0.766858378359225,"risk_cat=low-risk","low-risk","p = 0.00084",0.00083941804776921,"Hist2ST","HER2+"
210,16,0,1,0.894736842105263,0.0786889475364634,1,0.766858378359225,"risk_cat=low-risk","low-risk","p = 0.00084",0.00083941804776921,"Hist2ST","HER2+"
224,15,1,0,0.835087719298246,0.104660667044984,1,0.680212761899995,"risk_cat=low-risk","low-risk","p = 0.00084",0.00083941804776921,"Hist2ST","HER2+"
297,14,0,1,0.835087719298246,0.104660667044984,1,0.680212761899995,"risk_cat=low-risk","low-risk","p = 0.00084",0.00083941804776921,"Hist2ST","HER2+"
323,13,0,1,0.835087719298246,0.104660667044984,1,0.680212761899995,"risk_cat=low-risk","low-risk","p = 0.00084",0.00083941804776921,"Hist2ST","HER2+"
385,12,1,0,0.765497076023392,0.136123520385195,0.999567407412147,0.586239376209218,"risk_cat=low-risk","low-risk","p = 0.00084",0.00083941804776921,"Hist2ST","HER2+"
607,11,0,1,0.765497076023392,0.136123520385195,0.999567407412147,0.586239376209218,"risk_cat=low-risk","low-risk","p = 0.00084",0.00083941804776921,"Hist2ST","HER2+"
879,10,1,0,0.688947368421053,0.17216481613027,0.965457149057484,0.491630806108447,"risk_cat=low-risk","low-risk","p = 0.00084",0.00083941804776921,"Hist2ST","HER2+"
943,9,0,1,0.688947368421053,0.17216481613027,0.965457149057484,0.491630806108447,"risk_cat=low-risk","low-risk","p = 0.00084",0.00083941804776921,"Hist2ST","HER2+"
1013,8,0,1,0.688947368421053,0.17216481613027,0.965457149057484,0.491630806108447,"risk_cat=low-risk","low-risk","p = 0.00084",0.00083941804776921,"Hist2ST","HER2+"
1269,7,0,1,0.688947368421053,0.17216481613027,0.965457149057484,0.491630806108447,"risk_cat=low-risk","low-risk","p = 0.00084",0.00083941804776921,"Hist2ST","HER2+"
1308,6,0,1,0.688947368421053,0.17216481613027,0.965457149057484,0.491630806108447,"risk_cat=low-risk","low-risk","p = 0.00084",0.00083941804776921,"Hist2ST","HER2+"
1430,5,1,0,0.551157894736842,0.282206881406478,0.958276781457746,0.317001341166422,"risk_cat=low-risk","low-risk","p = 0.00084",0.00083941804776921,"Hist2ST","HER2+"
2335,4,0,1,0.551157894736842,0.282206881406478,0.958276781457746,0.317001341166422,"risk_cat=low-risk","low-risk","p = 0.00084",0.00083941804776921,"Hist2ST","HER2+"
2515,3,0,1,0.551157894736842,0.282206881406478,0.958276781457746,0.317001341166422,"risk_cat=low-risk","low-risk","p = 0.00084",0.00083941804776921,"Hist2ST","HER2+"
2629,2,0,1,0.551157894736842,0.282206881406478,0.958276781457746,0.317001341166422,"risk_cat=low-risk","low-risk","p = 0.00084",0.00083941804776921,"Hist2ST","HER2+"
3957,1,0,1,0.551157894736842,0.282206881406478,0.958276781457746,0.317001341166422,"risk_cat=low-risk","low-risk","p = 0.00084",0.00083941804776921,"Hist2ST","HER2+"
9,46,0,1,1,0,1,1,"risk_cat=high-risk","high-risk","p = 0.49",0.493261824312152,"HisToGene","HER2+"
10,45,0,3,1,0,1,1,"risk_cat=high-risk","high-risk","p = 0.49",0.493261824312152,"HisToGene","HER2+"
170,42,0,1,1,0,1,1,"risk_cat=high-risk","high-risk","p = 0.49",0.493261824312152,"HisToGene","HER2+"
172,41,1,0,0.975609756097561,0.0246932399162397,1,0.929516729600918,"risk_cat=high-risk","high-risk","p = 0.49",0.493261824312152,"HisToGene","HER2+"
196,40,0,1,0.975609756097561,0.0246932399162397,1,0.929516729600918,"risk_cat=high-risk","high-risk","p = 0.49",0.493261824312152,"HisToGene","HER2+"
210,39,0,1,0.975609756097561,0.0246932399162397,1,0.929516729600918,"risk_cat=high-risk","high-risk","p = 0.49",0.493261824312152,"HisToGene","HER2+"
224,38,0,1,0.975609756097561,0.0246932399162397,1,0.929516729600918,"risk_cat=high-risk","high-risk","p = 0.49",0.493261824312152,"HisToGene","HER2+"
242,37,0,1,0.975609756097561,0.0246932399162397,1,0.929516729600918,"risk_cat=high-risk","high-risk","p = 0.49",0.493261824312152,"HisToGene","HER2+"
273,36,0,1,0.975609756097561,0.0246932399162397,1,0.929516729600918,"risk_cat=high-risk","high-risk","p = 0.49",0.493261824312152,"HisToGene","HER2+"
297,35,0,1,0.975609756097561,0.0246932399162397,1,0.929516729600918,"risk_cat=high-risk","high-risk","p = 0.49",0.493261824312152,"HisToGene","HER2+"
304,34,0,1,0.975609756097561,0.0246932399162397,1,0.929516729600918,"risk_cat=high-risk","high-risk","p = 0.49",0.493261824312152,"HisToGene","HER2+"
320,33,1,0,0.946045824094605,0.0394553645849417,1,0.875644261379065,"risk_cat=high-risk","high-risk","p = 0.49",0.493261824312152,"HisToGene","HER2+"
375,32,0,1,0.946045824094605,0.0394553645849417,1,0.875644261379065,"risk_cat=high-risk","high-risk","p = 0.49",0.493261824312152,"HisToGene","HER2+"
394,31,0,1,0.946045824094605,0.0394553645849417,1,0.875644261379065,"risk_cat=high-risk","high-risk","p = 0.49",0.493261824312152,"HisToGene","HER2+"
396,30,0,1,0.946045824094605,0.0394553645849417,1,0.875644261379065,"risk_cat=high-risk","high-risk","p = 0.49",0.493261824312152,"HisToGene","HER2+"
463,29,0,1,0.946045824094605,0.0394553645849417,1,0.875644261379065,"risk_cat=high-risk","high-risk","p = 0.49",0.493261824312152,"HisToGene","HER2+"
502,28,0,1,0.946045824094605,0.0394553645849417,1,0.875644261379065,"risk_cat=high-risk","high-risk","p = 0.49",0.493261824312152,"HisToGene","HER2+"
504,27,0,1,0.946045824094605,0.0394553645849417,1,0.875644261379065,"risk_cat=high-risk","high-risk","p = 0.49",0.493261824312152,"HisToGene","HER2+"
518,26,0,1,0.946045824094605,0.0394553645849417,1,0.875644261379065,"risk_cat=high-risk","high-risk","p = 0.49",0.493261824312152,"HisToGene","HER2+"
521,25,0,1,0.946045824094605,0.0394553645849417,1,0.875644261379065,"risk_cat=high-risk","high-risk","p = 0.49",0.493261824312152,"HisToGene","HER2+"
529,24,0,1,0.946045824094605,0.0394553645849417,1,0.875644261379065,"risk_cat=high-risk","high-risk","p = 0.49",0.493261824312152,"HisToGene","HER2+"
545,23,0,1,0.946045824094605,0.0394553645849417,1,0.875644261379065,"risk_cat=high-risk","high-risk","p = 0.49",0.493261824312152,"HisToGene","HER2+"
664,22,0,1,0.946045824094605,0.0394553645849417,1,0.875644261379065,"risk_cat=high-risk","high-risk","p = 0.49",0.493261824312152,"HisToGene","HER2+"
715,21,0,1,0.946045824094605,0.0394553645849417,1,0.875644261379065,"risk_cat=high-risk","high-risk","p = 0.49",0.493261824312152,"HisToGene","HER2+"
1156,20,0,1,0.946045824094605,0.0394553645849417,1,0.875644261379065,"risk_cat=high-risk","high-risk","p = 0.49",0.493261824312152,"HisToGene","HER2+"
1246,19,0,1,0.946045824094605,0.0394553645849417,1,0.875644261379065,"risk_cat=high-risk","high-risk","p = 0.49",0.493261824312152,"HisToGene","HER2+"
1248,18,0,1,0.946045824094605,0.0394553645849417,1,0.875644261379065,"risk_cat=high-risk","high-risk","p = 0.49",0.493261824312152,"HisToGene","HER2+"
1269,17,0,1,0.946045824094605,0.0394553645849417,1,0.875644261379065,"risk_cat=high-risk","high-risk","p = 0.49",0.493261824312152,"HisToGene","HER2+"
1430,16,1,0,0.886917960088692,0.075653106090876,1,0.764693517880115,"risk_cat=high-risk","high-risk","p = 0.49",0.493261824312152,"HisToGene","HER2+"
1448,15,0,1,0.886917960088692,0.075653106090876,1,0.764693517880115,"risk_cat=high-risk","high-risk","p = 0.49",0.493261824312152,"HisToGene","HER2+"
1545,14,0,1,0.886917960088692,0.075653106090876,1,0.764693517880115,"risk_cat=high-risk","high-risk","p = 0.49",0.493261824312152,"HisToGene","HER2+"
1614,13,0,1,0.886917960088692,0.075653106090876,1,0.764693517880115,"risk_cat=high-risk","high-risk","p = 0.49",0.493261824312152,"HisToGene","HER2+"
1642,12,0,1,0.886917960088692,0.075653106090876,1,0.764693517880115,"risk_cat=high-risk","high-risk","p = 0.49",0.493261824312152,"HisToGene","HER2+"
1686,11,0,1,0.886917960088692,0.075653106090876,1,0.764693517880115,"risk_cat=high-risk","high-risk","p = 0.49",0.493261824312152,"HisToGene","HER2+"
1728,10,0,1,0.886917960088692,0.075653106090876,1,0.764693517880115,"risk_cat=high-risk","high-risk","p = 0.49",0.493261824312152,"HisToGene","HER2+"
1953,9,0,1,0.886917960088692,0.075653106090876,1,0.764693517880115,"risk_cat=high-risk","high-risk","p = 0.49",0.493261824312152,"HisToGene","HER2+"
1972,8,0,1,0.886917960088692,0.075653106090876,1,0.764693517880115,"risk_cat=high-risk","high-risk","p = 0.49",0.493261824312152,"HisToGene","HER2+"
2161,7,0,1,0.886917960088692,0.075653106090876,1,0.764693517880115,"risk_cat=high-risk","high-risk","p = 0.49",0.493261824312152,"HisToGene","HER2+"
2248,6,0,1,0.886917960088692,0.075653106090876,1,0.764693517880115,"risk_cat=high-risk","high-risk","p = 0.49",0.493261824312152,"HisToGene","HER2+"
2335,5,0,1,0.886917960088692,0.075653106090876,1,0.764693517880115,"risk_cat=high-risk","high-risk","p = 0.49",0.493261824312152,"HisToGene","HER2+"
2442,4,0,1,0.886917960088692,0.075653106090876,1,0.764693517880115,"risk_cat=high-risk","high-risk","p = 0.49",0.493261824312152,"HisToGene","HER2+"
2483,3,0,1,0.886917960088692,0.075653106090876,1,0.764693517880115,"risk_cat=high-risk","high-risk","p = 0.49",0.493261824312152,"HisToGene","HER2+"
2515,2,0,1,0.886917960088692,0.075653106090876,1,0.764693517880115,"risk_cat=high-risk","high-risk","p = 0.49",0.493261824312152,"HisToGene","HER2+"
2605,1,0,1,0.886917960088692,0.075653106090876,1,0.764693517880115,"risk_cat=high-risk","high-risk","p = 0.49",0.493261824312152,"HisToGene","HER2+"
31,46,0,1,1,0,1,1,"risk_cat=low-risk","low-risk","p = 0.49",0.493261824312152,"HisToGene","HER2+"
70,45,0,1,1,0,1,1,"risk_cat=low-risk","low-risk","p = 0.49",0.493261824312152,"HisToGene","HER2+"
116,44,1,0,0.977272727272727,0.0229900244935851,1,0.934214566793645,"risk_cat=low-risk","low-risk","p = 0.49",0.493261824312152,"HisToGene","HER2+"
213,43,0,1,0.977272727272727,0.0229900244935851,1,0.934214566793645,"risk_cat=low-risk","low-risk","p = 0.49",0.493261824312152,"HisToGene","HER2+"
218,42,0,1,0.977272727272727,0.0229900244935851,1,0.934214566793645,"risk_cat=low-risk","low-risk","p = 0.49",0.493261824312152,"HisToGene","HER2+"
224,41,1,0,0.953436807095344,0.0337386621515528,1,0.892428666940925,"risk_cat=low-risk","low-risk","p = 0.49",0.493261824312152,"HisToGene","HER2+"
231,40,0,1,0.953436807095344,0.0337386621515528,1,0.892428666940925,"risk_cat=low-risk","low-risk","p = 0.49",0.493261824312152,"HisToGene","HER2+"
242,39,0,1,0.953436807095344,0.0337386621515528,1,0.892428666940925,"risk_cat=low-risk","low-risk","p = 0.49",0.493261824312152,"HisToGene","HER2+"
323,38,0,1,0.953436807095344,0.0337386621515528,1,0.892428666940925,"risk_cat=low-risk","low-risk","p = 0.49",0.493261824312152,"HisToGene","HER2+"
332,37,0,1,0.953436807095344,0.0337386621515528,1,0.892428666940925,"risk_cat=low-risk","low-risk","p = 0.49",0.493261824312152,"HisToGene","HER2+"
352,36,0,1,0.953436807095344,0.0337386621515528,1,0.892428666940925,"risk_cat=low-risk","low-risk","p = 0.49",0.493261824312152,"HisToGene","HER2+"
385,35,1,0,0.926195755464048,0.0444818329009766,1,0.848867256094712,"risk_cat=low-risk","low-risk","p = 0.49",0.493261824312152,"HisToGene","HER2+"
426,34,0,1,0.926195755464048,0.0444818329009766,1,0.848867256094712,"risk_cat=low-risk","low-risk","p = 0.49",0.493261824312152,"HisToGene","HER2+"
506,33,0,1,0.926195755464048,0.0444818329009766,1,0.848867256094712,"risk_cat=low-risk","low-risk","p = 0.49",0.493261824312152,"HisToGene","HER2+"
518,32,0,1,0.926195755464048,0.0444818329009766,1,0.848867256094712,"risk_cat=low-risk","low-risk","p = 0.49",0.493261824312152,"HisToGene","HER2+"
532,31,0,1,0.926195755464048,0.0444818329009766,1,0.848867256094712,"risk_cat=low-risk","low-risk","p = 0.49",0.493261824312152,"HisToGene","HER2+"
607,30,0,1,0.926195755464048,0.0444818329009766,1,0.848867256094712,"risk_cat=low-risk","low-risk","p = 0.49",0.493261824312152,"HisToGene","HER2+"
622,29,0,1,0.926195755464048,0.0444818329009766,1,0.848867256094712,"risk_cat=low-risk","low-risk","p = 0.49",0.493261824312152,"HisToGene","HER2+"
652,28,0,1,0.926195755464048,0.0444818329009766,1,0.848867256094712,"risk_cat=low-risk","low-risk","p = 0.49",0.493261824312152,"HisToGene","HER2+"
666,27,0,1,0.926195755464048,0.0444818329009766,1,0.848867256094712,"risk_cat=low-risk","low-risk","p = 0.49",0.493261824312152,"HisToGene","HER2+"
679,26,0,1,0.926195755464048,0.0444818329009766,1,0.848867256094712,"risk_cat=low-risk","low-risk","p = 0.49",0.493261824312152,"HisToGene","HER2+"
707,25,0,1,0.926195755464048,0.0444818329009766,1,0.848867256094712,"risk_cat=low-risk","low-risk","p = 0.49",0.493261824312152,"HisToGene","HER2+"
734,24,0,1,0.926195755464048,0.0444818329009766,1,0.848867256094712,"risk_cat=low-risk","low-risk","p = 0.49",0.493261824312152,"HisToGene","HER2+"
879,23,1,0,0.885926374791698,0.0628881391298124,1,0.783190029737539,"risk_cat=low-risk","low-risk","p = 0.49",0.493261824312152,"HisToGene","HER2+"
881,22,0,1,0.885926374791698,0.0628881391298124,1,0.783190029737539,"risk_cat=low-risk","low-risk","p = 0.49",0.493261824312152,"HisToGene","HER2+"
943,21,0,1,0.885926374791698,0.0628881391298124,1,0.783190029737539,"risk_cat=low-risk","low-risk","p = 0.49",0.493261824312152,"HisToGene","HER2+"
1004,20,0,1,0.885926374791698,0.0628881391298124,1,0.783190029737539,"risk_cat=low-risk","low-risk","p = 0.49",0.493261824312152,"HisToGene","HER2+"
1013,19,0,1,0.885926374791698,0.0628881391298124,1,0.783190029737539,"risk_cat=low-risk","low-risk","p = 0.49",0.493261824312152,"HisToGene","HER2+"
1093,18,0,1,0.885926374791698,0.0628881391298124,1,0.783190029737539,"risk_cat=low-risk","low-risk","p = 0.49",0.493261824312152,"HisToGene","HER2+"
1196,17,0,1,0.885926374791698,0.0628881391298124,1,0.783190029737539,"risk_cat=low-risk","low-risk","p = 0.49",0.493261824312152,"HisToGene","HER2+"
1239,16,0,1,0.885926374791698,0.0628881391298124,1,0.783190029737539,"risk_cat=low-risk","low-risk","p = 0.49",0.493261824312152,"HisToGene","HER2+"
1272,15,1,0,0.826864616472252,0.0933639266800374,0.992900950150741,0.688593453224116,"risk_cat=low-risk","low-risk","p = 0.49",0.493261824312152,"HisToGene","HER2+"
1308,14,0,2,0.826864616472252,0.0933639266800374,0.992900950150741,0.688593453224116,"risk_cat=low-risk","low-risk","p = 0.49",0.493261824312152,"HisToGene","HER2+"
1371,12,0,1,0.826864616472252,0.0933639266800374,0.992900950150741,0.688593453224116,"risk_cat=low-risk","low-risk","p = 0.49",0.493261824312152,"HisToGene","HER2+"
1492,11,0,1,0.826864616472252,0.0933639266800374,0.992900950150741,0.688593453224116,"risk_cat=low-risk","low-risk","p = 0.49",0.493261824312152,"HisToGene","HER2+"
1532,10,0,1,0.826864616472252,0.0933639266800374,0.992900950150741,0.688593453224116,"risk_cat=low-risk","low-risk","p = 0.49",0.493261824312152,"HisToGene","HER2+"
1631,9,0,1,0.826864616472252,0.0933639266800374,0.992900950150741,0.688593453224116,"risk_cat=low-risk","low-risk","p = 0.49",0.493261824312152,"HisToGene","HER2+"
1639,8,0,1,0.826864616472252,0.0933639266800374,0.992900950150741,0.688593453224116,"risk_cat=low-risk","low-risk","p = 0.49",0.493261824312152,"HisToGene","HER2+"
2128,7,0,1,0.826864616472252,0.0933639266800374,0.992900950150741,0.688593453224116,"risk_cat=low-risk","low-risk","p = 0.49",0.493261824312152,"HisToGene","HER2+"
2426,6,0,1,0.826864616472252,0.0933639266800374,0.992900950150741,0.688593453224116,"risk_cat=low-risk","low-risk","p = 0.49",0.493261824312152,"HisToGene","HER2+"
2629,5,0,1,0.826864616472252,0.0933639266800374,0.992900950150741,0.688593453224116,"risk_cat=low-risk","low-risk","p = 0.49",0.493261824312152,"HisToGene","HER2+"
2632,4,0,1,0.826864616472252,0.0933639266800374,0.992900950150741,0.688593453224116,"risk_cat=low-risk","low-risk","p = 0.49",0.493261824312152,"HisToGene","HER2+"
3128,3,0,1,0.826864616472252,0.0933639266800374,0.992900950150741,0.688593453224116,"risk_cat=low-risk","low-risk","p = 0.49",0.493261824312152,"HisToGene","HER2+"
3409,2,1,0,0.413432308236126,0.713243873303596,1,0.102162174098563,"risk_cat=low-risk","low-risk","p = 0.49",0.493261824312152,"HisToGene","HER2+"
3957,1,0,1,0.413432308236126,0.713243873303596,1,0.102162174098563,"risk_cat=low-risk","low-risk","p = 0.49",0.493261824312152,"HisToGene","HER2+"
10,69,0,3,1,0,1,1,"risk_cat=high-risk","high-risk","p = 0.017",0.0167339493367832,"GHIST","HER2+"
31,66,0,1,1,0,1,1,"risk_cat=high-risk","high-risk","p = 0.017",0.0167339493367832,"GHIST","HER2+"
70,65,0,1,1,0,1,1,"risk_cat=high-risk","high-risk","p = 0.017",0.0167339493367832,"GHIST","HER2+"
116,64,1,0,0.984375,0.0157485197087178,1,0.954454898467757,"risk_cat=high-risk","high-risk","p = 0.017",0.0167339493367832,"GHIST","HER2+"
170,63,0,1,0.984375,0.0157485197087178,1,0.954454898467757,"risk_cat=high-risk","high-risk","p = 0.017",0.0167339493367832,"GHIST","HER2+"
196,62,0,1,0.984375,0.0157485197087178,1,0.954454898467757,"risk_cat=high-risk","high-risk","p = 0.017",0.0167339493367832,"GHIST","HER2+"
213,61,0,1,0.984375,0.0157485197087178,1,0.954454898467757,"risk_cat=high-risk","high-risk","p = 0.017",0.0167339493367832,"GHIST","HER2+"
218,60,0,1,0.984375,0.0157485197087178,1,0.954454898467757,"risk_cat=high-risk","high-risk","p = 0.017",0.0167339493367832,"GHIST","HER2+"
224,59,0,1,0.984375,0.0157485197087178,1,0.954454898467757,"risk_cat=high-risk","high-risk","p = 0.017",0.0167339493367832,"GHIST","HER2+"
231,58,0,1,0.984375,0.0157485197087178,1,0.954454898467757,"risk_cat=high-risk","high-risk","p = 0.017",0.0167339493367832,"GHIST","HER2+"
242,57,0,1,0.984375,0.0157485197087178,1,0.954454898467757,"risk_cat=high-risk","high-risk","p = 0.017",0.0167339493367832,"GHIST","HER2+"
273,56,0,1,0.984375,0.0157485197087178,1,0.954454898467757,"risk_cat=high-risk","high-risk","p = 0.017",0.0167339493367832,"GHIST","HER2+"
297,55,0,1,0.984375,0.0157485197087178,1,0.954454898467757,"risk_cat=high-risk","high-risk","p = 0.017",0.0167339493367832,"GHIST","HER2+"
304,54,0,1,0.984375,0.0157485197087178,1,0.954454898467757,"risk_cat=high-risk","high-risk","p = 0.017",0.0167339493367832,"GHIST","HER2+"
352,53,0,1,0.984375,0.0157485197087178,1,0.954454898467757,"risk_cat=high-risk","high-risk","p = 0.017",0.0167339493367832,"GHIST","HER2+"
375,52,0,1,0.984375,0.0157485197087178,1,0.954454898467757,"risk_cat=high-risk","high-risk","p = 0.017",0.0167339493367832,"GHIST","HER2+"
385,51,1,0,0.965073529411765,0.0253016350412571,1,0.918382528268981,"risk_cat=high-risk","high-risk","p = 0.017",0.0167339493367832,"GHIST","HER2+"
394,50,0,1,0.965073529411765,0.0253016350412571,1,0.918382528268981,"risk_cat=high-risk","high-risk","p = 0.017",0.0167339493367832,"GHIST","HER2+"
396,49,0,1,0.965073529411765,0.0253016350412571,1,0.918382528268981,"risk_cat=high-risk","high-risk","p = 0.017",0.0167339493367832,"GHIST","HER2+"
426,48,0,1,0.965073529411765,0.0253016350412571,1,0.918382528268981,"risk_cat=high-risk","high-risk","p = 0.017",0.0167339493367832,"GHIST","HER2+"
463,47,0,1,0.965073529411765,0.0253016350412571,1,0.918382528268981,"risk_cat=high-risk","high-risk","p = 0.017",0.0167339493367832,"GHIST","HER2+"
502,46,0,1,0.965073529411765,0.0253016350412571,1,0.918382528268981,"risk_cat=high-risk","high-risk","p = 0.017",0.0167339493367832,"GHIST","HER2+"
504,45,0,1,0.965073529411765,0.0253016350412571,1,0.918382528268981,"risk_cat=high-risk","high-risk","p = 0.017",0.0167339493367832,"GHIST","HER2+"
506,44,0,1,0.965073529411765,0.0253016350412571,1,0.918382528268981,"risk_cat=high-risk","high-risk","p = 0.017",0.0167339493367832,"GHIST","HER2+"
518,43,0,2,0.965073529411765,0.0253016350412571,1,0.918382528268981,"risk_cat=high-risk","high-risk","p = 0.017",0.0167339493367832,"GHIST","HER2+"
521,41,0,1,0.965073529411765,0.0253016350412571,1,0.918382528268981,"risk_cat=high-risk","high-risk","p = 0.017",0.0167339493367832,"GHIST","HER2+"
529,40,0,1,0.965073529411765,0.0253016350412571,1,0.918382528268981,"risk_cat=high-risk","high-risk","p = 0.017",0.0167339493367832,"GHIST","HER2+"
532,39,0,1,0.965073529411765,0.0253016350412571,1,0.918382528268981,"risk_cat=high-risk","high-risk","p = 0.017",0.0167339493367832,"GHIST","HER2+"
545,38,0,1,0.965073529411765,0.0253016350412571,1,0.918382528268981,"risk_cat=high-risk","high-risk","p = 0.017",0.0167339493367832,"GHIST","HER2+"
622,37,0,1,0.965073529411765,0.0253016350412571,1,0.918382528268981,"risk_cat=high-risk","high-risk","p = 0.017",0.0167339493367832,"GHIST","HER2+"
652,36,0,1,0.965073529411765,0.0253016350412571,1,0.918382528268981,"risk_cat=high-risk","high-risk","p = 0.017",0.0167339493367832,"GHIST","HER2+"
664,35,0,1,0.965073529411765,0.0253016350412571,1,0.918382528268981,"risk_cat=high-risk","high-risk","p = 0.017",0.0167339493367832,"GHIST","HER2+"
666,34,0,1,0.965073529411765,0.0253016350412571,1,0.918382528268981,"risk_cat=high-risk","high-risk","p = 0.017",0.0167339493367832,"GHIST","HER2+"
679,33,0,1,0.965073529411765,0.0253016350412571,1,0.918382528268981,"risk_cat=high-risk","high-risk","p = 0.017",0.0167339493367832,"GHIST","HER2+"
734,32,0,1,0.965073529411765,0.0253016350412571,1,0.918382528268981,"risk_cat=high-risk","high-risk","p = 0.017",0.0167339493367832,"GHIST","HER2+"
881,31,0,1,0.965073529411765,0.0253016350412571,1,0.918382528268981,"risk_cat=high-risk","high-risk","p = 0.017",0.0167339493367832,"GHIST","HER2+"
943,30,0,1,0.965073529411765,0.0253016350412571,1,0.918382528268981,"risk_cat=high-risk","high-risk","p = 0.017",0.0167339493367832,"GHIST","HER2+"
1004,29,0,1,0.965073529411765,0.0253016350412571,1,0.918382528268981,"risk_cat=high-risk","high-risk","p = 0.017",0.0167339493367832,"GHIST","HER2+"
1093,28,0,1,0.965073529411765,0.0253016350412571,1,0.918382528268981,"risk_cat=high-risk","high-risk","p = 0.017",0.0167339493367832,"GHIST","HER2+"
1196,27,0,1,0.965073529411765,0.0253016350412571,1,0.918382528268981,"risk_cat=high-risk","high-risk","p = 0.017",0.0167339493367832,"GHIST","HER2+"
1239,26,0,1,0.965073529411765,0.0253016350412571,1,0.918382528268981,"risk_cat=high-risk","high-risk","p = 0.017",0.0167339493367832,"GHIST","HER2+"
1246,25,0,1,0.965073529411765,0.0253016350412571,1,0.918382528268981,"risk_cat=high-risk","high-risk","p = 0.017",0.0167339493367832,"GHIST","HER2+"
1248,24,0,1,0.965073529411765,0.0253016350412571,1,0.918382528268981,"risk_cat=high-risk","high-risk","p = 0.017",0.0167339493367832,"GHIST","HER2+"
1308,23,0,2,0.965073529411765,0.0253016350412571,1,0.918382528268981,"risk_cat=high-risk","high-risk","p = 0.017",0.0167339493367832,"GHIST","HER2+"
1371,21,0,1,0.965073529411765,0.0253016350412571,1,0.918382528268981,"risk_cat=high-risk","high-risk","p = 0.017",0.0167339493367832,"GHIST","HER2+"
1430,20,1,0,0.916819852941176,0.0571992279941731,1,0.819588654481494,"risk_cat=high-risk","high-risk","p = 0.017",0.0167339493367832,"GHIST","HER2+"
1545,19,0,1,0.916819852941176,0.0571992279941731,1,0.819588654481494,"risk_cat=high-risk","high-risk","p = 0.017",0.0167339493367832,"GHIST","HER2+"
1614,18,0,1,0.916819852941176,0.0571992279941731,1,0.819588654481494,"risk_cat=high-risk","high-risk","p = 0.017",0.0167339493367832,"GHIST","HER2+"
1631,17,0,1,0.916819852941176,0.0571992279941731,1,0.819588654481494,"risk_cat=high-risk","high-risk","p = 0.017",0.0167339493367832,"GHIST","HER2+"
1639,16,0,1,0.916819852941176,0.0571992279941731,1,0.819588654481494,"risk_cat=high-risk","high-risk","p = 0.017",0.0167339493367832,"GHIST","HER2+"
1642,15,0,1,0.916819852941176,0.0571992279941731,1,0.819588654481494,"risk_cat=high-risk","high-risk","p = 0.017",0.0167339493367832,"GHIST","HER2+"
1686,14,0,1,0.916819852941176,0.0571992279941731,1,0.819588654481494,"risk_cat=high-risk","high-risk","p = 0.017",0.0167339493367832,"GHIST","HER2+"
1728,13,0,1,0.916819852941176,0.0571992279941731,1,0.819588654481494,"risk_cat=high-risk","high-risk","p = 0.017",0.0167339493367832,"GHIST","HER2+"
1953,12,0,1,0.916819852941176,0.0571992279941731,1,0.819588654481494,"risk_cat=high-risk","high-risk","p = 0.017",0.0167339493367832,"GHIST","HER2+"
1972,11,0,1,0.916819852941176,0.0571992279941731,1,0.819588654481494,"risk_cat=high-risk","high-risk","p = 0.017",0.0167339493367832,"GHIST","HER2+"
2128,10,0,1,0.916819852941176,0.0571992279941731,1,0.819588654481494,"risk_cat=high-risk","high-risk","p = 0.017",0.0167339493367832,"GHIST","HER2+"
2161,9,0,1,0.916819852941176,0.0571992279941731,1,0.819588654481494,"risk_cat=high-risk","high-risk","p = 0.017",0.0167339493367832,"GHIST","HER2+"
2248,8,0,1,0.916819852941176,0.0571992279941731,1,0.819588654481494,"risk_cat=high-risk","high-risk","p = 0.017",0.0167339493367832,"GHIST","HER2+"
2335,7,0,1,0.916819852941176,0.0571992279941731,1,0.819588654481494,"risk_cat=high-risk","high-risk","p = 0.017",0.0167339493367832,"GHIST","HER2+"
2426,6,0,1,0.916819852941176,0.0571992279941731,1,0.819588654481494,"risk_cat=high-risk","high-risk","p = 0.017",0.0167339493367832,"GHIST","HER2+"
2442,5,0,1,0.916819852941176,0.0571992279941731,1,0.819588654481494,"risk_cat=high-risk","high-risk","p = 0.017",0.0167339493367832,"GHIST","HER2+"
2483,4,0,1,0.916819852941176,0.0571992279941731,1,0.819588654481494,"risk_cat=high-risk","high-risk","p = 0.017",0.0167339493367832,"GHIST","HER2+"
2515,3,0,1,0.916819852941176,0.0571992279941731,1,0.819588654481494,"risk_cat=high-risk","high-risk","p = 0.017",0.0167339493367832,"GHIST","HER2+"
2605,2,0,1,0.916819852941176,0.0571992279941731,1,0.819588654481494,"risk_cat=high-risk","high-risk","p = 0.017",0.0167339493367832,"GHIST","HER2+"
2629,1,0,1,0.916819852941176,0.0571992279941731,1,0.819588654481494,"risk_cat=high-risk","high-risk","p = 0.017",0.0167339493367832,"GHIST","HER2+"
9,23,0,1,1,0,1,1,"risk_cat=low-risk","low-risk","p = 0.017",0.0167339493367832,"GHIST","HER2+"
172,22,1,0,0.954545454545455,0.0465242105199235,1,0.871355013076031,"risk_cat=low-risk","low-risk","p = 0.017",0.0167339493367832,"GHIST","HER2+"
210,21,0,1,0.954545454545455,0.0465242105199235,1,0.871355013076031,"risk_cat=low-risk","low-risk","p = 0.017",0.0167339493367832,"GHIST","HER2+"
224,20,1,0,0.906818181818182,0.0692537443888097,1,0.791719469714474,"risk_cat=low-risk","low-risk","p = 0.017",0.0167339493367832,"GHIST","HER2+"
242,19,0,1,0.906818181818182,0.0692537443888097,1,0.791719469714474,"risk_cat=low-risk","low-risk","p = 0.017",0.0167339493367832,"GHIST","HER2+"
320,18,1,0,0.856439393939394,0.0898000833411625,1,0.718221937158198,"risk_cat=low-risk","low-risk","p = 0.017",0.0167339493367832,"GHIST","HER2+"
323,17,0,1,0.856439393939394,0.0898000833411625,1,0.718221937158198,"risk_cat=low-risk","low-risk","p = 0.017",0.0167339493367832,"GHIST","HER2+"
332,16,0,1,0.856439393939394,0.0898000833411625,1,0.718221937158198,"risk_cat=low-risk","low-risk","p = 0.017",0.0167339493367832,"GHIST","HER2+"
607,15,0,1,0.856439393939394,0.0898000833411625,1,0.718221937158198,"risk_cat=low-risk","low-risk","p = 0.017",0.0167339493367832,"GHIST","HER2+"
707,14,0,1,0.856439393939394,0.0898000833411625,1,0.718221937158198,"risk_cat=low-risk","low-risk","p = 0.017",0.0167339493367832,"GHIST","HER2+"
715,13,0,1,0.856439393939394,0.0898000833411625,1,0.718221937158198,"risk_cat=low-risk","low-risk","p = 0.017",0.0167339493367832,"GHIST","HER2+"
879,12,1,0,0.785069444444444,0.125059236139668,1,0.614408845905382,"risk_cat=low-risk","low-risk","p = 0.017",0.0167339493367832,"GHIST","HER2+"
1013,11,0,1,0.785069444444444,0.125059236139668,1,0.614408845905382,"risk_cat=low-risk","low-risk","p = 0.017",0.0167339493367832,"GHIST","HER2+"
1156,10,0,1,0.785069444444444,0.125059236139668,1,0.614408845905382,"risk_cat=low-risk","low-risk","p = 0.017",0.0167339493367832,"GHIST","HER2+"
1269,9,0,1,0.785069444444444,0.125059236139668,1,0.614408845905382,"risk_cat=low-risk","low-risk","p = 0.017",0.0167339493367832,"GHIST","HER2+"
1272,8,1,0,0.686935763888889,0.18302173477754,0.983341822871973,0.479874579453383,"risk_cat=low-risk","low-risk","p = 0.017",0.0167339493367832,"GHIST","HER2+"
1448,7,0,1,0.686935763888889,0.18302173477754,0.983341822871973,0.479874579453383,"risk_cat=low-risk","low-risk","p = 0.017",0.0167339493367832,"GHIST","HER2+"
1492,6,0,1,0.686935763888889,0.18302173477754,0.983341822871973,0.479874579453383,"risk_cat=low-risk","low-risk","p = 0.017",0.0167339493367832,"GHIST","HER2+"
1532,5,0,1,0.686935763888889,0.18302173477754,0.983341822871973,0.479874579453383,"risk_cat=low-risk","low-risk","p = 0.017",0.0167339493367832,"GHIST","HER2+"
2632,4,0,1,0.686935763888889,0.18302173477754,0.983341822871973,0.479874579453383,"risk_cat=low-risk","low-risk","p = 0.017",0.0167339493367832,"GHIST","HER2+"
3128,3,0,1,0.686935763888889,0.18302173477754,0.983341822871973,0.479874579453383,"risk_cat=low-risk","low-risk","p = 0.017",0.0167339493367832,"GHIST","HER2+"
3409,2,1,0,0.343467881944444,0.730408759121206,1,0.0820655848704427,"risk_cat=low-risk","low-risk","p = 0.017",0.0167339493367832,"GHIST","HER2+"
3957,1,0,1,0.343467881944444,0.730408759121206,1,0.0820655848704427,"risk_cat=low-risk","low-risk","p = 0.017",0.0167339493367832,"GHIST","HER2+"
9,55,0,1,1,0,1,1,"risk_cat=high-risk","high-risk","p = 0.06",0.0597134133076612,"ST-Net","HER2+"
10,54,0,2,1,0,1,1,"risk_cat=high-risk","high-risk","p = 0.06",0.0597134133076612,"ST-Net","HER2+"
31,52,0,1,1,0,1,1,"risk_cat=high-risk","high-risk","p = 0.06",0.0597134133076612,"ST-Net","HER2+"
116,51,1,0,0.980392156862745,0.0198029508595335,1,0.943069123094408,"risk_cat=high-risk","high-risk","p = 0.06",0.0597134133076612,"ST-Net","HER2+"
170,50,0,1,0.980392156862745,0.0198029508595335,1,0.943069123094408,"risk_cat=high-risk","high-risk","p = 0.06",0.0597134133076612,"ST-Net","HER2+"
172,49,1,0,0.960384153661465,0.0285889302138487,1,0.90805058818326,"risk_cat=high-risk","high-risk","p = 0.06",0.0597134133076612,"ST-Net","HER2+"
196,48,0,1,0.960384153661465,0.0285889302138487,1,0.90805058818326,"risk_cat=high-risk","high-risk","p = 0.06",0.0597134133076612,"ST-Net","HER2+"
224,47,1,1,0.939950448264412,0.0357751536806492,1,0.876300568232533,"risk_cat=high-risk","high-risk","p = 0.06",0.0597134133076612,"ST-Net","HER2+"
231,45,0,1,0.939950448264412,0.0357751536806492,1,0.876300568232533,"risk_cat=high-risk","high-risk","p = 0.06",0.0597134133076612,"ST-Net","HER2+"
273,44,0,1,0.939950448264412,0.0357751536806492,1,0.876300568232533,"risk_cat=high-risk","high-risk","p = 0.06",0.0597134133076612,"ST-Net","HER2+"
320,43,1,0,0.918091135514077,0.0428202227564209,0.998468650995777,0.844184073549939,"risk_cat=high-risk","high-risk","p = 0.06",0.0597134133076612,"ST-Net","HER2+"
323,42,0,1,0.918091135514077,0.0428202227564209,0.998468650995777,0.844184073549939,"risk_cat=high-risk","high-risk","p = 0.06",0.0597134133076612,"ST-Net","HER2+"
352,41,0,1,0.918091135514077,0.0428202227564209,0.998468650995777,0.844184073549939,"risk_cat=high-risk","high-risk","p = 0.06",0.0597134133076612,"ST-Net","HER2+"
375,40,0,1,0.918091135514077,0.0428202227564209,0.998468650995777,0.844184073549939,"risk_cat=high-risk","high-risk","p = 0.06",0.0597134133076612,"ST-Net","HER2+"
394,39,0,1,0.918091135514077,0.0428202227564209,0.998468650995777,0.844184073549939,"risk_cat=high-risk","high-risk","p = 0.06",0.0597134133076612,"ST-Net","HER2+"
396,38,0,1,0.918091135514077,0.0428202227564209,0.998468650995777,0.844184073549939,"risk_cat=high-risk","high-risk","p = 0.06",0.0597134133076612,"ST-Net","HER2+"
502,37,0,1,0.918091135514077,0.0428202227564209,0.998468650995777,0.844184073549939,"risk_cat=high-risk","high-risk","p = 0.06",0.0597134133076612,"ST-Net","HER2+"
506,36,0,1,0.918091135514077,0.0428202227564209,0.998468650995777,0.844184073549939,"risk_cat=high-risk","high-risk","p = 0.06",0.0597134133076612,"ST-Net","HER2+"
518,35,0,1,0.918091135514077,0.0428202227564209,0.998468650995777,0.844184073549939,"risk_cat=high-risk","high-risk","p = 0.06",0.0597134133076612,"ST-Net","HER2+"
521,34,0,1,0.918091135514077,0.0428202227564209,0.998468650995777,0.844184073549939,"risk_cat=high-risk","high-risk","p = 0.06",0.0597134133076612,"ST-Net","HER2+"
607,33,0,1,0.918091135514077,0.0428202227564209,0.998468650995777,0.844184073549939,"risk_cat=high-risk","high-risk","p = 0.06",0.0597134133076612,"ST-Net","HER2+"
622,32,0,1,0.918091135514077,0.0428202227564209,0.998468650995777,0.844184073549939,"risk_cat=high-risk","high-risk","p = 0.06",0.0597134133076612,"ST-Net","HER2+"
652,31,0,1,0.918091135514077,0.0428202227564209,0.998468650995777,0.844184073549939,"risk_cat=high-risk","high-risk","p = 0.06",0.0597134133076612,"ST-Net","HER2+"
664,30,0,1,0.918091135514077,0.0428202227564209,0.998468650995777,0.844184073549939,"risk_cat=high-risk","high-risk","p = 0.06",0.0597134133076612,"ST-Net","HER2+"
666,29,0,1,0.918091135514077,0.0428202227564209,0.998468650995777,0.844184073549939,"risk_cat=high-risk","high-risk","p = 0.06",0.0597134133076612,"ST-Net","HER2+"
679,28,0,1,0.918091135514077,0.0428202227564209,0.998468650995777,0.844184073549939,"risk_cat=high-risk","high-risk","p = 0.06",0.0597134133076612,"ST-Net","HER2+"
715,27,0,1,0.918091135514077,0.0428202227564209,0.998468650995777,0.844184073549939,"risk_cat=high-risk","high-risk","p = 0.06",0.0597134133076612,"ST-Net","HER2+"
734,26,0,1,0.918091135514077,0.0428202227564209,0.998468650995777,0.844184073549939,"risk_cat=high-risk","high-risk","p = 0.06",0.0597134133076612,"ST-Net","HER2+"
879,25,1,0,0.881367490093514,0.0591628104773275,0.989729471912356,0.784869678673698,"risk_cat=high-risk","high-risk","p = 0.06",0.0597134133076612,"ST-Net","HER2+"
881,24,0,1,0.881367490093514,0.0591628104773275,0.989729471912356,0.784869678673698,"risk_cat=high-risk","high-risk","p = 0.06",0.0597134133076612,"ST-Net","HER2+"
1004,23,0,1,0.881367490093514,0.0591628104773275,0.989729471912356,0.784869678673698,"risk_cat=high-risk","high-risk","p = 0.06",0.0597134133076612,"ST-Net","HER2+"
1013,22,0,1,0.881367490093514,0.0591628104773275,0.989729471912356,0.784869678673698,"risk_cat=high-risk","high-risk","p = 0.06",0.0597134133076612,"ST-Net","HER2+"
1093,21,0,1,0.881367490093514,0.0591628104773275,0.989729471912356,0.784869678673698,"risk_cat=high-risk","high-risk","p = 0.06",0.0597134133076612,"ST-Net","HER2+"
1269,20,0,1,0.881367490093514,0.0591628104773275,0.989729471912356,0.784869678673698,"risk_cat=high-risk","high-risk","p = 0.06",0.0597134133076612,"ST-Net","HER2+"
1272,19,1,0,0.834979727457013,0.0801511993158138,0.977013930160849,0.713593863650856,"risk_cat=high-risk","high-risk","p = 0.06",0.0597134133076612,"ST-Net","HER2+"
1308,18,0,2,0.834979727457013,0.0801511993158138,0.977013930160849,0.713593863650856,"risk_cat=high-risk","high-risk","p = 0.06",0.0597134133076612,"ST-Net","HER2+"
1371,16,0,1,0.834979727457013,0.0801511993158138,0.977013930160849,0.713593863650856,"risk_cat=high-risk","high-risk","p = 0.06",0.0597134133076612,"ST-Net","HER2+"
1430,15,1,0,0.779314412293212,0.105764452977681,0.958825495497515,0.633411351763006,"risk_cat=high-risk","high-risk","p = 0.06",0.0597134133076612,"ST-Net","HER2+"
1492,14,0,1,0.779314412293212,0.105764452977681,0.958825495497515,0.633411351763006,"risk_cat=high-risk","high-risk","p = 0.06",0.0597134133076612,"ST-Net","HER2+"
1532,13,0,1,0.779314412293212,0.105764452977681,0.958825495497515,0.633411351763006,"risk_cat=high-risk","high-risk","p = 0.06",0.0597134133076612,"ST-Net","HER2+"
1545,12,0,1,0.779314412293212,0.105764452977681,0.958825495497515,0.633411351763006,"risk_cat=high-risk","high-risk","p = 0.06",0.0597134133076612,"ST-Net","HER2+"
1614,11,0,1,0.779314412293212,0.105764452977681,0.958825495497515,0.633411351763006,"risk_cat=high-risk","high-risk","p = 0.06",0.0597134133076612,"ST-Net","HER2+"
1631,10,0,1,0.779314412293212,0.105764452977681,0.958825495497515,0.633411351763006,"risk_cat=high-risk","high-risk","p = 0.06",0.0597134133076612,"ST-Net","HER2+"
1639,9,0,1,0.779314412293212,0.105764452977681,0.958825495497515,0.633411351763006,"risk_cat=high-risk","high-risk","p = 0.06",0.0597134133076612,"ST-Net","HER2+"
1642,8,0,1,0.779314412293212,0.105764452977681,0.958825495497515,0.633411351763006,"risk_cat=high-risk","high-risk","p = 0.06",0.0597134133076612,"ST-Net","HER2+"
1953,7,0,1,0.779314412293212,0.105764452977681,0.958825495497515,0.633411351763006,"risk_cat=high-risk","high-risk","p = 0.06",0.0597134133076612,"ST-Net","HER2+"
1972,6,0,1,0.779314412293212,0.105764452977681,0.958825495497515,0.633411351763006,"risk_cat=high-risk","high-risk","p = 0.06",0.0597134133076612,"ST-Net","HER2+"
2248,5,0,1,0.779314412293212,0.105764452977681,0.958825495497515,0.633411351763006,"risk_cat=high-risk","high-risk","p = 0.06",0.0597134133076612,"ST-Net","HER2+"
2335,4,0,1,0.779314412293212,0.105764452977681,0.958825495497515,0.633411351763006,"risk_cat=high-risk","high-risk","p = 0.06",0.0597134133076612,"ST-Net","HER2+"
2442,3,0,1,0.779314412293212,0.105764452977681,0.958825495497515,0.633411351763006,"risk_cat=high-risk","high-risk","p = 0.06",0.0597134133076612,"ST-Net","HER2+"
2632,2,0,1,0.779314412293212,0.105764452977681,0.958825495497515,0.633411351763006,"risk_cat=high-risk","high-risk","p = 0.06",0.0597134133076612,"ST-Net","HER2+"
3409,1,1,0,0,Inf,NA,NA,"risk_cat=high-risk","high-risk","p = 0.06",0.0597134133076612,"ST-Net","HER2+"
10,37,0,1,1,0,1,1,"risk_cat=low-risk","low-risk","p = 0.06",0.0597134133076612,"ST-Net","HER2+"
70,36,0,1,1,0,1,1,"risk_cat=low-risk","low-risk","p = 0.06",0.0597134133076612,"ST-Net","HER2+"
210,35,0,1,1,0,1,1,"risk_cat=low-risk","low-risk","p = 0.06",0.0597134133076612,"ST-Net","HER2+"
213,34,0,1,1,0,1,1,"risk_cat=low-risk","low-risk","p = 0.06",0.0597134133076612,"ST-Net","HER2+"
218,33,0,1,1,0,1,1,"risk_cat=low-risk","low-risk","p = 0.06",0.0597134133076612,"ST-Net","HER2+"
242,32,0,2,1,0,1,1,"risk_cat=low-risk","low-risk","p = 0.06",0.0597134133076612,"ST-Net","HER2+"
297,30,0,1,1,0,1,1,"risk_cat=low-risk","low-risk","p = 0.06",0.0597134133076612,"ST-Net","HER2+"
304,29,0,1,1,0,1,1,"risk_cat=low-risk","low-risk","p = 0.06",0.0597134133076612,"ST-Net","HER2+"
332,28,0,1,1,0,1,1,"risk_cat=low-risk","low-risk","p = 0.06",0.0597134133076612,"ST-Net","HER2+"
385,27,1,0,0.962962962962963,0.0377425678048199,1,0.894299631607184,"risk_cat=low-risk","low-risk","p = 0.06",0.0597134133076612,"ST-Net","HER2+"
426,26,0,1,0.962962962962963,0.0377425678048199,1,0.894299631607184,"risk_cat=low-risk","low-risk","p = 0.06",0.0597134133076612,"ST-Net","HER2+"
463,25,0,1,0.962962962962963,0.0377425678048199,1,0.894299631607184,"risk_cat=low-risk","low-risk","p = 0.06",0.0597134133076612,"ST-Net","HER2+"
504,24,0,1,0.962962962962963,0.0377425678048199,1,0.894299631607184,"risk_cat=low-risk","low-risk","p = 0.06",0.0597134133076612,"ST-Net","HER2+"
518,23,0,1,0.962962962962963,0.0377425678048199,1,0.894299631607184,"risk_cat=low-risk","low-risk","p = 0.06",0.0597134133076612,"ST-Net","HER2+"
529,22,0,1,0.962962962962963,0.0377425678048199,1,0.894299631607184,"risk_cat=low-risk","low-risk","p = 0.06",0.0597134133076612,"ST-Net","HER2+"
532,21,0,1,0.962962962962963,0.0377425678048199,1,0.894299631607184,"risk_cat=low-risk","low-risk","p = 0.06",0.0597134133076612,"ST-Net","HER2+"
545,20,0,1,0.962962962962963,0.0377425678048199,1,0.894299631607184,"risk_cat=low-risk","low-risk","p = 0.06",0.0597134133076612,"ST-Net","HER2+"
707,19,0,1,0.962962962962963,0.0377425678048199,1,0.894299631607184,"risk_cat=low-risk","low-risk","p = 0.06",0.0597134133076612,"ST-Net","HER2+"
943,18,0,1,0.962962962962963,0.0377425678048199,1,0.894299631607184,"risk_cat=low-risk","low-risk","p = 0.06",0.0597134133076612,"ST-Net","HER2+"
1156,17,0,1,0.962962962962963,0.0377425678048199,1,0.894299631607184,"risk_cat=low-risk","low-risk","p = 0.06",0.0597134133076612,"ST-Net","HER2+"
1196,16,0,1,0.962962962962963,0.0377425678048199,1,0.894299631607184,"risk_cat=low-risk","low-risk","p = 0.06",0.0597134133076612,"ST-Net","HER2+"
1239,15,0,1,0.962962962962963,0.0377425678048199,1,0.894299631607184,"risk_cat=low-risk","low-risk","p = 0.06",0.0597134133076612,"ST-Net","HER2+"
1246,14,0,1,0.962962962962963,0.0377425678048199,1,0.894299631607184,"risk_cat=low-risk","low-risk","p = 0.06",0.0597134133076612,"ST-Net","HER2+"
1248,13,0,1,0.962962962962963,0.0377425678048199,1,0.894299631607184,"risk_cat=low-risk","low-risk","p = 0.06",0.0597134133076612,"ST-Net","HER2+"
1448,12,0,1,0.962962962962963,0.0377425678048199,1,0.894299631607184,"risk_cat=low-risk","low-risk","p = 0.06",0.0597134133076612,"ST-Net","HER2+"
1686,11,0,1,0.962962962962963,0.0377425678048199,1,0.894299631607184,"risk_cat=low-risk","low-risk","p = 0.06",0.0597134133076612,"ST-Net","HER2+"
1728,10,0,1,0.962962962962963,0.0377425678048199,1,0.894299631607184,"risk_cat=low-risk","low-risk","p = 0.06",0.0597134133076612,"ST-Net","HER2+"
2128,9,0,1,0.962962962962963,0.0377425678048199,1,0.894299631607184,"risk_cat=low-risk","low-risk","p = 0.06",0.0597134133076612,"ST-Net","HER2+"
2161,8,0,1,0.962962962962963,0.0377425678048199,1,0.894299631607184,"risk_cat=low-risk","low-risk","p = 0.06",0.0597134133076612,"ST-Net","HER2+"
2426,7,0,1,0.962962962962963,0.0377425678048199,1,0.894299631607184,"risk_cat=low-risk","low-risk","p = 0.06",0.0597134133076612,"ST-Net","HER2+"
2483,6,0,1,0.962962962962963,0.0377425678048199,1,0.894299631607184,"risk_cat=low-risk","low-risk","p = 0.06",0.0597134133076612,"ST-Net","HER2+"
2515,5,0,1,0.962962962962963,0.0377425678048199,1,0.894299631607184,"risk_cat=low-risk","low-risk","p = 0.06",0.0597134133076612,"ST-Net","HER2+"
2605,4,0,1,0.962962962962963,0.0377425678048199,1,0.894299631607184,"risk_cat=low-risk","low-risk","p = 0.06",0.0597134133076612,"ST-Net","HER2+"
2629,3,0,1,0.962962962962963,0.0377425678048199,1,0.894299631607184,"risk_cat=low-risk","low-risk","p = 0.06",0.0597134133076612,"ST-Net","HER2+"
3128,2,0,1,0.962962962962963,0.0377425678048199,1,0.894299631607184,"risk_cat=low-risk","low-risk","p = 0.06",0.0597134133076612,"ST-Net","HER2+"
3957,1,0,1,0.962962962962963,0.0377425678048199,1,0.894299631607184,"risk_cat=low-risk","low-risk","p = 0.06",0.0597134133076612,"ST-Net","HER2+"
10,46,0,1,1,0,1,1,"risk_cat=high-risk","high-risk","p = 0.44",0.437544880408305,"THItoGene","HER2+"
31,45,0,1,1,0,1,1,"risk_cat=high-risk","high-risk","p = 0.44",0.437544880408305,"THItoGene","HER2+"
116,44,1,0,0.977272727272727,0.0229900244935851,1,0.934214566793645,"risk_cat=high-risk","high-risk","p = 0.44",0.437544880408305,"THItoGene","HER2+"
170,43,0,1,0.977272727272727,0.0229900244935851,1,0.934214566793645,"risk_cat=high-risk","high-risk","p = 0.44",0.437544880408305,"THItoGene","HER2+"
224,42,1,0,0.954004329004329,0.0333055748956666,1,0.893718172243643,"risk_cat=high-risk","high-risk","p = 0.44",0.437544880408305,"THItoGene","HER2+"
231,41,0,1,0.954004329004329,0.0333055748956666,1,0.893718172243643,"risk_cat=high-risk","high-risk","p = 0.44",0.437544880408305,"THItoGene","HER2+"
242,40,0,1,0.954004329004329,0.0333055748956666,1,0.893718172243643,"risk_cat=high-risk","high-risk","p = 0.44",0.437544880408305,"THItoGene","HER2+"
320,39,1,0,0.929542679542679,0.0422377219057731,1,0.855690126670992,"risk_cat=high-risk","high-risk","p = 0.44",0.437544880408305,"THItoGene","HER2+"
323,38,0,1,0.929542679542679,0.0422377219057731,1,0.855690126670992,"risk_cat=high-risk","high-risk","p = 0.44",0.437544880408305,"THItoGene","HER2+"
352,37,0,1,0.929542679542679,0.0422377219057731,1,0.855690126670992,"risk_cat=high-risk","high-risk","p = 0.44",0.437544880408305,"THItoGene","HER2+"
426,36,0,1,0.929542679542679,0.0422377219057731,1,0.855690126670992,"risk_cat=high-risk","high-risk","p = 0.44",0.437544880408305,"THItoGene","HER2+"
463,35,0,1,0.929542679542679,0.0422377219057731,1,0.855690126670992,"risk_cat=high-risk","high-risk","p = 0.44",0.437544880408305,"THItoGene","HER2+"
502,34,0,1,0.929542679542679,0.0422377219057731,1,0.855690126670992,"risk_cat=high-risk","high-risk","p = 0.44",0.437544880408305,"THItoGene","HER2+"
518,33,0,1,0.929542679542679,0.0422377219057731,1,0.855690126670992,"risk_cat=high-risk","high-risk","p = 0.44",0.437544880408305,"THItoGene","HER2+"
521,32,0,1,0.929542679542679,0.0422377219057731,1,0.855690126670992,"risk_cat=high-risk","high-risk","p = 0.44",0.437544880408305,"THItoGene","HER2+"
529,31,0,1,0.929542679542679,0.0422377219057731,1,0.855690126670992,"risk_cat=high-risk","high-risk","p = 0.44",0.437544880408305,"THItoGene","HER2+"
532,30,0,1,0.929542679542679,0.0422377219057731,1,0.855690126670992,"risk_cat=high-risk","high-risk","p = 0.44",0.437544880408305,"THItoGene","HER2+"
545,29,0,1,0.929542679542679,0.0422377219057731,1,0.855690126670992,"risk_cat=high-risk","high-risk","p = 0.44",0.437544880408305,"THItoGene","HER2+"
607,28,0,1,0.929542679542679,0.0422377219057731,1,0.855690126670992,"risk_cat=high-risk","high-risk","p = 0.44",0.437544880408305,"THItoGene","HER2+"
652,27,0,1,0.929542679542679,0.0422377219057731,1,0.855690126670992,"risk_cat=high-risk","high-risk","p = 0.44",0.437544880408305,"THItoGene","HER2+"
679,26,0,1,0.929542679542679,0.0422377219057731,1,0.855690126670992,"risk_cat=high-risk","high-risk","p = 0.44",0.437544880408305,"THItoGene","HER2+"
715,25,0,1,0.929542679542679,0.0422377219057731,1,0.855690126670992,"risk_cat=high-risk","high-risk","p = 0.44",0.437544880408305,"THItoGene","HER2+"
734,24,0,1,0.929542679542679,0.0422377219057731,1,0.855690126670992,"risk_cat=high-risk","high-risk","p = 0.44",0.437544880408305,"THItoGene","HER2+"
881,23,0,1,0.929542679542679,0.0422377219057731,1,0.855690126670992,"risk_cat=high-risk","high-risk","p = 0.44",0.437544880408305,"THItoGene","HER2+"
1004,22,0,1,0.929542679542679,0.0422377219057731,1,0.855690126670992,"risk_cat=high-risk","high-risk","p = 0.44",0.437544880408305,"THItoGene","HER2+"
1156,21,0,1,0.929542679542679,0.0422377219057731,1,0.855690126670992,"risk_cat=high-risk","high-risk","p = 0.44",0.437544880408305,"THItoGene","HER2+"
1248,20,0,1,0.929542679542679,0.0422377219057731,1,0.855690126670992,"risk_cat=high-risk","high-risk","p = 0.44",0.437544880408305,"THItoGene","HER2+"
1272,19,1,0,0.88061938061938,0.0686148800186706,1,0.769809289244243,"risk_cat=high-risk","high-risk","p = 0.44",0.437544880408305,"THItoGene","HER2+"
1308,18,0,2,0.88061938061938,0.0686148800186706,1,0.769809289244243,"risk_cat=high-risk","high-risk","p = 0.44",0.437544880408305,"THItoGene","HER2+"
1371,16,0,1,0.88061938061938,0.0686148800186706,1,0.769809289244243,"risk_cat=high-risk","high-risk","p = 0.44",0.437544880408305,"THItoGene","HER2+"
1430,15,1,0,0.821911421911422,0.0973134447128521,0.99462270756002,0.679190591903604,"risk_cat=high-risk","high-risk","p = 0.44",0.437544880408305,"THItoGene","HER2+"
1492,14,0,1,0.821911421911422,0.0973134447128521,0.99462270756002,0.679190591903604,"risk_cat=high-risk","high-risk","p = 0.44",0.437544880408305,"THItoGene","HER2+"
1642,13,0,1,0.821911421911422,0.0973134447128521,0.99462270756002,0.679190591903604,"risk_cat=high-risk","high-risk","p = 0.44",0.437544880408305,"THItoGene","HER2+"
1686,12,0,1,0.821911421911422,0.0973134447128521,0.99462270756002,0.679190591903604,"risk_cat=high-risk","high-risk","p = 0.44",0.437544880408305,"THItoGene","HER2+"
1728,11,0,1,0.821911421911422,0.0973134447128521,0.99462270756002,0.679190591903604,"risk_cat=high-risk","high-risk","p = 0.44",0.437544880408305,"THItoGene","HER2+"
1953,10,0,1,0.821911421911422,0.0973134447128521,0.99462270756002,0.679190591903604,"risk_cat=high-risk","high-risk","p = 0.44",0.437544880408305,"THItoGene","HER2+"
1972,9,0,1,0.821911421911422,0.0973134447128521,0.99462270756002,0.679190591903604,"risk_cat=high-risk","high-risk","p = 0.44",0.437544880408305,"THItoGene","HER2+"
2248,8,0,1,0.821911421911422,0.0973134447128521,0.99462270756002,0.679190591903604,"risk_cat=high-risk","high-risk","p = 0.44",0.437544880408305,"THItoGene","HER2+"
2335,7,0,1,0.821911421911422,0.0973134447128521,0.99462270756002,0.679190591903604,"risk_cat=high-risk","high-risk","p = 0.44",0.437544880408305,"THItoGene","HER2+"
2442,6,0,1,0.821911421911422,0.0973134447128521,0.99462270756002,0.679190591903604,"risk_cat=high-risk","high-risk","p = 0.44",0.437544880408305,"THItoGene","HER2+"
2483,5,0,1,0.821911421911422,0.0973134447128521,0.99462270756002,0.679190591903604,"risk_cat=high-risk","high-risk","p = 0.44",0.437544880408305,"THItoGene","HER2+"
2515,4,0,1,0.821911421911422,0.0973134447128521,0.99462270756002,0.679190591903604,"risk_cat=high-risk","high-risk","p = 0.44",0.437544880408305,"THItoGene","HER2+"
2605,3,0,1,0.821911421911422,0.0973134447128521,0.99462270756002,0.679190591903604,"risk_cat=high-risk","high-risk","p = 0.44",0.437544880408305,"THItoGene","HER2+"
3128,2,0,1,0.821911421911422,0.0973134447128521,0.99462270756002,0.679190591903604,"risk_cat=high-risk","high-risk","p = 0.44",0.437544880408305,"THItoGene","HER2+"
3409,1,1,0,0,Inf,NA,NA,"risk_cat=high-risk","high-risk","p = 0.44",0.437544880408305,"THItoGene","HER2+"
9,46,0,1,1,0,1,1,"risk_cat=low-risk","low-risk","p = 0.44",0.437544880408305,"THItoGene","HER2+"
10,45,0,2,1,0,1,1,"risk_cat=low-risk","low-risk","p = 0.44",0.437544880408305,"THItoGene","HER2+"
70,43,0,1,1,0,1,1,"risk_cat=low-risk","low-risk","p = 0.44",0.437544880408305,"THItoGene","HER2+"
172,42,1,0,0.976190476190476,0.024098134635594,1,0.931155465908631,"risk_cat=low-risk","low-risk","p = 0.44",0.437544880408305,"THItoGene","HER2+"
196,41,0,1,0.976190476190476,0.024098134635594,1,0.931155465908631,"risk_cat=low-risk","low-risk","p = 0.44",0.437544880408305,"THItoGene","HER2+"
210,40,0,1,0.976190476190476,0.024098134635594,1,0.931155465908631,"risk_cat=low-risk","low-risk","p = 0.44",0.437544880408305,"THItoGene","HER2+"
213,39,0,1,0.976190476190476,0.024098134635594,1,0.931155465908631,"risk_cat=low-risk","low-risk","p = 0.44",0.437544880408305,"THItoGene","HER2+"
218,38,0,1,0.976190476190476,0.024098134635594,1,0.931155465908631,"risk_cat=low-risk","low-risk","p = 0.44",0.437544880408305,"THItoGene","HER2+"
224,37,0,1,0.976190476190476,0.024098134635594,1,0.931155465908631,"risk_cat=low-risk","low-risk","p = 0.44",0.437544880408305,"THItoGene","HER2+"
242,36,0,1,0.976190476190476,0.024098134635594,1,0.931155465908631,"risk_cat=low-risk","low-risk","p = 0.44",0.437544880408305,"THItoGene","HER2+"
273,35,0,1,0.976190476190476,0.024098134635594,1,0.931155465908631,"risk_cat=low-risk","low-risk","p = 0.44",0.437544880408305,"THItoGene","HER2+"
297,34,0,1,0.976190476190476,0.024098134635594,1,0.931155465908631,"risk_cat=low-risk","low-risk","p = 0.44",0.437544880408305,"THItoGene","HER2+"
304,33,0,1,0.976190476190476,0.024098134635594,1,0.931155465908631,"risk_cat=low-risk","low-risk","p = 0.44",0.437544880408305,"THItoGene","HER2+"
332,32,0,1,0.976190476190476,0.024098134635594,1,0.931155465908631,"risk_cat=low-risk","low-risk","p = 0.44",0.437544880408305,"THItoGene","HER2+"
375,31,0,1,0.976190476190476,0.024098134635594,1,0.931155465908631,"risk_cat=low-risk","low-risk","p = 0.44",0.437544880408305,"THItoGene","HER2+"
385,30,1,0,0.943650793650794,0.0415950162912763,1,0.869772290089099,"risk_cat=low-risk","low-risk","p = 0.44",0.437544880408305,"THItoGene","HER2+"
394,29,0,1,0.943650793650794,0.0415950162912763,1,0.869772290089099,"risk_cat=low-risk","low-risk","p = 0.44",0.437544880408305,"THItoGene","HER2+"
396,28,0,1,0.943650793650794,0.0415950162912763,1,0.869772290089099,"risk_cat=low-risk","low-risk","p = 0.44",0.437544880408305,"THItoGene","HER2+"
504,27,0,1,0.943650793650794,0.0415950162912763,1,0.869772290089099,"risk_cat=low-risk","low-risk","p = 0.44",0.437544880408305,"THItoGene","HER2+"
506,26,0,1,0.943650793650794,0.0415950162912763,1,0.869772290089099,"risk_cat=low-risk","low-risk","p = 0.44",0.437544880408305,"THItoGene","HER2+"
518,25,0,1,0.943650793650794,0.0415950162912763,1,0.869772290089099,"risk_cat=low-risk","low-risk","p = 0.44",0.437544880408305,"THItoGene","HER2+"
622,24,0,1,0.943650793650794,0.0415950162912763,1,0.869772290089099,"risk_cat=low-risk","low-risk","p = 0.44",0.437544880408305,"THItoGene","HER2+"
664,23,0,1,0.943650793650794,0.0415950162912763,1,0.869772290089099,"risk_cat=low-risk","low-risk","p = 0.44",0.437544880408305,"THItoGene","HER2+"
666,22,0,1,0.943650793650794,0.0415950162912763,1,0.869772290089099,"risk_cat=low-risk","low-risk","p = 0.44",0.437544880408305,"THItoGene","HER2+"
707,21,0,1,0.943650793650794,0.0415950162912763,1,0.869772290089099,"risk_cat=low-risk","low-risk","p = 0.44",0.437544880408305,"THItoGene","HER2+"
879,20,1,0,0.896468253968254,0.0660433518807151,1,0.78762358383035,"risk_cat=low-risk","low-risk","p = 0.44",0.437544880408305,"THItoGene","HER2+"
943,19,0,1,0.896468253968254,0.0660433518807151,1,0.78762358383035,"risk_cat=low-risk","low-risk","p = 0.44",0.437544880408305,"THItoGene","HER2+"
1013,18,0,1,0.896468253968254,0.0660433518807151,1,0.78762358383035,"risk_cat=low-risk","low-risk","p = 0.44",0.437544880408305,"THItoGene","HER2+"
1093,17,0,1,0.896468253968254,0.0660433518807151,1,0.78762358383035,"risk_cat=low-risk","low-risk","p = 0.44",0.437544880408305,"THItoGene","HER2+"
1196,16,0,1,0.896468253968254,0.0660433518807151,1,0.78762358383035,"risk_cat=low-risk","low-risk","p = 0.44",0.437544880408305,"THItoGene","HER2+"
1239,15,0,1,0.896468253968254,0.0660433518807151,1,0.78762358383035,"risk_cat=low-risk","low-risk","p = 0.44",0.437544880408305,"THItoGene","HER2+"
1246,14,0,1,0.896468253968254,0.0660433518807151,1,0.78762358383035,"risk_cat=low-risk","low-risk","p = 0.44",0.437544880408305,"THItoGene","HER2+"
1269,13,0,1,0.896468253968254,0.0660433518807151,1,0.78762358383035,"risk_cat=low-risk","low-risk","p = 0.44",0.437544880408305,"THItoGene","HER2+"
1448,12,0,1,0.896468253968254,0.0660433518807151,1,0.78762358383035,"risk_cat=low-risk","low-risk","p = 0.44",0.437544880408305,"THItoGene","HER2+"
1532,11,0,1,0.896468253968254,0.0660433518807151,1,0.78762358383035,"risk_cat=low-risk","low-risk","p = 0.44",0.437544880408305,"THItoGene","HER2+"
1545,10,0,1,0.896468253968254,0.0660433518807151,1,0.78762358383035,"risk_cat=low-risk","low-risk","p = 0.44",0.437544880408305,"THItoGene","HER2+"
1614,9,0,1,0.896468253968254,0.0660433518807151,1,0.78762358383035,"risk_cat=low-risk","low-risk","p = 0.44",0.437544880408305,"THItoGene","HER2+"
1631,8,0,1,0.896468253968254,0.0660433518807151,1,0.78762358383035,"risk_cat=low-risk","low-risk","p = 0.44",0.437544880408305,"THItoGene","HER2+"
1639,7,0,1,0.896468253968254,0.0660433518807151,1,0.78762358383035,"risk_cat=low-risk","low-risk","p = 0.44",0.437544880408305,"THItoGene","HER2+"
2128,6,0,1,0.896468253968254,0.0660433518807151,1,0.78762358383035,"risk_cat=low-risk","low-risk","p = 0.44",0.437544880408305,"THItoGene","HER2+"
2161,5,0,1,0.896468253968254,0.0660433518807151,1,0.78762358383035,"risk_cat=low-risk","low-risk","p = 0.44",0.437544880408305,"THItoGene","HER2+"
2426,4,0,1,0.896468253968254,0.0660433518807151,1,0.78762358383035,"risk_cat=low-risk","low-risk","p = 0.44",0.437544880408305,"THItoGene","HER2+"
2629,3,0,1,0.896468253968254,0.0660433518807151,1,0.78762358383035,"risk_cat=low-risk","low-risk","p = 0.44",0.437544880408305,"THItoGene","HER2+"
2632,2,0,1,0.896468253968254,0.0660433518807151,1,0.78762358383035,"risk_cat=low-risk","low-risk","p = 0.44",0.437544880408305,"THItoGene","HER2+"
3957,1,0,1,0.896468253968254,0.0660433518807151,1,0.78762358383035,"risk_cat=low-risk","low-risk","p = 0.44",0.437544880408305,"THItoGene","HER2+"
