"pred_type","gene","model_id","dataset","cor_pearson","ssim"
"test","A2M","iStar","her2+",0.142382869988095,0.12944163454649
"test","AAMDC","iStar","her2+",0.0105011741786169,0.0228752050605889
"test","ABCA3","iStar","her2+",0.0407247338265686,0.057120319058045
"test","ABCA7","iStar","her2+",0.0435285061496679,0.0497797553968807
"test","ABCF3","iStar","her2+",0.0437302866474767,0.05608671474093
"test","ABHD14A","iStar","her2+",0.0199380962013628,0.0393955285277398
"test","ABHD4","iStar","her2+",0.0258984835008819,0.0417452880332451
"test","ACAA1","iStar","her2+",0.0545921084650381,0.0663047029083023
"test","ACER3","iStar","her2+",0.0300868648229531,0.0471736435955136
"test","ADAM15","iStar","her2+",0.0551273159880335,0.0541315511327966
"test","ADCY3","iStar","her2+",0.0165111792471601,0.037925821780959
"test","ADI1","iStar","her2+",0.062630499027089,0.0714838495359708
"test","AEBP1","iStar","her2+",0.107938070899384,0.0975295291241174
"test","AES","iStar","her2+",0.103578838673176,0.101496151742221
"test","AGAP2","iStar","her2+",0.025855067711297,0.0355519704654091
"test","AGO2","iStar","her2+",0.0479425258150099,0.0639683137214546
"test","AGPAT2","iStar","her2+",0.0583371302909483,0.0680847544161899
"test","AGR2","iStar","her2+",0.10326059760253,0.112828615411467
"test","AHCY","iStar","her2+",0.0631841186094687,0.0742664832115209
"test","AKAP9","iStar","her2+",0.0162065356367235,0.034242200908331
"test","AKR1A1","iStar","her2+",0.0551805603194533,0.0673833521199048
"test","AKT1S1","iStar","her2+",0.0912136320382157,0.0943746659966205
"test","ALDH16A1","iStar","her2+",0.00615012644985312,0.0224003516076029
"test","ALG3","iStar","her2+",0.049250445238765,0.0623916036797953
"test","ANGPTL4","iStar","her2+",0.0056414294358166,0.0232717286109644
"test","ANKLE2","iStar","her2+",0.0814621881648579,0.0828544832304856
"test","ANKRD12","iStar","her2+",0.052254004993874,0.0673129282474007
"test","ANKRD28","iStar","her2+",0.0145629561367903,0.0549464270890792
"test","ANO10","iStar","her2+",-0.00246070628272038,0.0203338049446073
"test","AP5B1","iStar","her2+",-0.0148094879419412,0.0235064360019461
"test","AP5Z1","iStar","her2+",-0.00709294283906585,0.0156607337262561
"test","APBA2","iStar","her2+",0.0113838041806592,0.0345221570631154
"test","APBB2","iStar","her2+",0.00809632932271893,0.0281930462102949
"test","APOBEC3G","iStar","her2+",0.0722054433617017,0.0856947397469099
"test","APOC1","iStar","her2+",0.0984231243421689,0.102699249190204
"test","AQP1","iStar","her2+",0.00366844279927546,0.0282213852144195
"test","ARF5","iStar","her2+",-0.00588075238212708,0.0220701441478815
"test","ARF6","iStar","her2+",0.118031015561587,0.11604859125656
"test","ARFGEF2","iStar","her2+",0.0411484913334416,0.0635732873631217
"test","ARHGAP10","iStar","her2+",0.0200098069278305,0.0483037301332277
"test","ARHGAP4","iStar","her2+",0.0710311372905343,0.0719214582403149
"test","ARHGAP45","iStar","her2+",0.0708183429840898,0.0828038698609684
"test","ARHGAP5","iStar","her2+",0.012851916141392,0.0465761402830423
"test","ARHGEF10L","iStar","her2+",1.70064535489722e-05,0.020311240042115
"test","ARHGEF3","iStar","her2+",0.0361551299802917,0.0466318598619988
"test","ARHGEF40","iStar","her2+",-0.0011088570693697,0.0327377261527751
"test","ARID1B","iStar","her2+",-0.0110364094102316,0.0112221929001835
"test","ARID3A","iStar","her2+",0.0349784467158441,0.0520377418750913
"test","ARID4A","iStar","her2+",0.00299929104404611,0.0319334526938721
"test","ARID5A","iStar","her2+",0.0932258065709084,0.0848320541152398
"test","ARID5B","iStar","her2+",0.0663831020866509,0.0776396359885263
"test","ARNT","iStar","her2+",0.0279038794132033,0.0397726829879406
"test","ASCL2","iStar","her2+",-0.0356729762065855,-0.012940025734253
"test","ASH2L","iStar","her2+",0.0517943812124185,0.0743530168435466
"test","ASL","iStar","her2+",0.0238514265226348,0.0400968832591365
"test","ASMTL","iStar","her2+",-0.02095390573982,-0.00202043264497711
"test","ASNA1","iStar","her2+",0.0835550965998301,0.0895291867190553
"test","ASNS","iStar","her2+",0.00558047094509849,0.027106480517928
"test","ATAD1","iStar","her2+",0.0294285507401892,0.0533693943866056
"test","ATF6B","iStar","her2+",-0.00815794963390136,0.0152698517576183
"test","ATG12","iStar","her2+",0.0705043696173564,0.0780871961373273
"test","ATG16L2","iStar","her2+",0.0382657584126843,0.0599012313021805
"test","ATL2","iStar","her2+",0.0625937122090649,0.0857002349352744
"test","ATP5H","iStar","her2+",0.0650054258356762,0.0745693061382706
"test","ATP5O","iStar","her2+",0.0993792538862253,0.110479837551967
"test","ATP6AP1","iStar","her2+",0.0857477994493086,0.0867114520372823
"test","ATP6V0D1","iStar","her2+",0.0313201677137801,0.0358571882489973
"test","AURKAIP1","iStar","her2+",0.0827781959667445,0.086384051389782
"test","AVEN","iStar","her2+",0.0105488483806455,0.0311547494809132
"test","BABAM1","iStar","her2+",0.0298225367331796,0.0458403569751884
"test","BAD","iStar","her2+",0.0447274916523846,0.0586703825618126
"test","BAIAP3","iStar","her2+",-0.00751850745440533,0.0225032274291242
"test","BCAM","iStar","her2+",0.0820408231751752,0.0867798914943341
"test","BCL2L12","iStar","her2+",0.042068310869116,0.0696030514966627
"test","BGN","iStar","her2+",0.108371573245302,0.0928430738280717
"test","BICDL1","iStar","her2+",-0.00196320376037468,0.0280597599831816
"test","BIN3","iStar","her2+",0.0614761102118845,0.073592747892353
"test","BIRC2","iStar","her2+",0.0649858366481946,0.0715669918966789
"test","BOK","iStar","her2+",-0.0141668671897415,0.00894293840951364
"test","BOLA3","iStar","her2+",0.0647058258128661,0.0965745248540625
"test","BRD9","iStar","her2+",0.0575487400061409,0.0686389020091085
"test","BRF1","iStar","her2+",0.0482616823411235,0.0663665509724601
"test","BRF2","iStar","her2+",0.0457943785927865,0.0571072958197166
"test","BRK1","iStar","her2+",0.0312923321786447,0.0347466256794271
"test","BRPF1","iStar","her2+",0.0161073941914837,0.0274747084869627
"test","BSG","iStar","her2+",0.0800086156508618,0.0679200353884302
"test","BST2","iStar","her2+",0.0666560761894246,0.0723076419364667
"test","BTG1","iStar","her2+",0.132461181253396,0.145073053879035
"test","C10orf10","iStar","her2+",0.0342888634455185,0.0439001561739572
"test","C10orf54","iStar","her2+",0.0936509318265642,0.0981566047907879
"test","C12orf45","iStar","her2+",0.0202875762857322,0.0541120117054107
"test","C15orf61","iStar","her2+",-0.00492540224672054,0.0349034845741788
"test","C19orf24","iStar","her2+",-0.00390025335050503,0.0141876275573628
"test","C19orf52","iStar","her2+",-0.00153367780752084,0.0283841234593272
"test","C19orf60","iStar","her2+",0.0143883373373648,0.0330741573137014
"test","C1QB","iStar","her2+",0.14382037914714,0.142107864030409
"test","C1R","iStar","her2+",0.0512705786471702,0.0527506994724299
"test","C1S","iStar","her2+",0.0928206252452341,0.102451186076807
"test","C1orf216","iStar","her2+",-0.013169381086178,0.015407723362485
"test","C2","iStar","her2+",0.0176096107907445,0.03460341982019
"test","C2CD2L","iStar","her2+",0.00695689918657955,0.0229205244332131
"test","C3","iStar","her2+",0.163451759831278,0.14673752985867
"test","C4orf48","iStar","her2+",-0.00224868652202187,0.0022207430033878
"test","C5orf38","iStar","her2+",0.00770119731063384,0.0326997345005675
"test","C6orf136","iStar","her2+",0.0464138439078704,0.0737411095107793
"test","C6orf48","iStar","her2+",0.0707315422872179,0.0876249893769456
"test","CADM4","iStar","her2+",0.022254695698462,0.035300197243374
"test","CALML5","iStar","her2+",-9.76890396625959e-05,0.00846118229636812
"test","CAMTA2","iStar","her2+",0.00971942325455755,0.0348736400041611
"test","CAPG","iStar","her2+",0.0868316691697984,0.0885162088512425
"test","CARS2","iStar","her2+",0.00843109232616946,0.0236136913431985
"test","CBLC","iStar","her2+",0.0126251778326834,0.0457291081048858
"test","CCDC106","iStar","her2+",-0.0153793690836501,0.0123521764967884
"test","CCDC167","iStar","her2+",0.0109922441846787,0.0341867764442435
"test","CCDC57","iStar","her2+",-0.0143563552188562,0.00544604226586027
"test","CCDC80","iStar","her2+",0.0165986487715749,0.0308563555731969
"test","CCDC88B","iStar","her2+",0.0749465980091828,0.0901353526293262
"test","CCL19","iStar","her2+",0.103574412259713,0.109668084379076
"test","CCL2","iStar","her2+",0.042726837582519,0.0686343588150716
"test","CCL21","iStar","her2+",0.046221965105729,0.0775884589418722
"test","CCM2","iStar","her2+",0.0873087703586618,0.0997639322976929
"test","CCNB1IP1","iStar","her2+",0.0330900422339141,0.0471933989990332
"test","CCNE2","iStar","her2+",0.0497394504884803,0.0697027102529908
"test","CCS","iStar","her2+",0.0520345676813808,0.0633122372139429
"test","CCT4","iStar","her2+",0.128276013674958,0.142154443247602
"test","CD14","iStar","her2+",0.0190139746573704,0.0311482777661318
"test","CD320","iStar","her2+",0.0690618720443954,0.0742468800352276
"test","CD3D","iStar","her2+",0.10133461981778,0.0994386119405776
"test","CD4","iStar","her2+",-0.00524906400008997,0.0151487759671628
"test","CD52","iStar","her2+",0.121175538586041,0.1050774769005
"test","CD68","iStar","her2+",0.0864314082967547,0.0916112157831362
"test","CD74","iStar","her2+",0.200580679242394,0.169993579739544
"test","CD79A","iStar","her2+",0.0223613241722159,0.0394724460909121
"test","CDH11","iStar","her2+",0.00759214268553938,0.0466323840141768
"test","CDK5RAP1","iStar","her2+",0.0526486454665036,0.0694357261589462
"test","CEP250","iStar","her2+",0.0356519280509487,0.0553733280469623
"test","CERCAM","iStar","her2+",-0.00428087205772573,0.0102052035673514
"test","CERS5","iStar","her2+",0.0194132662166837,0.0356046679389767
"test","CES2","iStar","her2+",0.0194080416946947,0.0408245468974109
"test","CFAP36","iStar","her2+",0.0549600286079326,0.0741094990998335
"test","CFDP1","iStar","her2+",0.0710300782656694,0.108901204345504
"test","CGGBP1","iStar","her2+",0.0428153302678016,0.0575741113591745
"test","CHCHD6","iStar","her2+",-0.000464394571288582,0.0251009210873272
"test","CHD1","iStar","her2+",0.0348225565875496,0.0482743451616723
"test","CHD6","iStar","her2+",0.0307972068946127,0.0559528461581767
"test","CHFR","iStar","her2+",0.0699055833416106,0.0857309201180268
"test","CHST11","iStar","her2+",0.0573126557045804,0.0494093740861846
"test","CIR1","iStar","her2+",0.0139175831189166,0.0466474434393546
"test","CLASRP","iStar","her2+",0.0673825137940395,0.0783086757587302
"test","CLDN3","iStar","her2+",0.120524480791483,0.108475408814498
"test","CLDN4","iStar","her2+",0.181513934758352,0.167425124833915
"test","CLU","iStar","her2+",0.0556250492838679,0.0473003401232948
"test","CNN2","iStar","her2+",0.0795620591154959,0.0865814612844318
"test","COL14A1","iStar","her2+",-0.0119246988909836,0.01568354714185
"test","COL3A1","iStar","her2+",0.0570075872119963,0.0558299574349875
"test","COL4A1","iStar","her2+",0.0951754451306777,0.0969277624658154
"test","COL6A2","iStar","her2+",0.154145836245381,0.142893881430097
"test","COL8A2","iStar","her2+",0.0191341596669349,0.0370016995617301
"test","COMMD1","iStar","her2+",0.0128556295017764,0.030488046684571
"test","COMP","iStar","her2+",0.0553565582935629,0.0534166686580523
"test","COPS7A","iStar","her2+",0.0160506600992173,0.031318923054784
"test","COQ4","iStar","her2+",0.0504649205971281,0.0623681339889772
"test","CORO1A","iStar","her2+",0.0754115662625897,0.0819099946112449
"test","CORO1B","iStar","her2+",0.0589678277375429,0.0688079671273747
"test","CORO2A","iStar","her2+",0.0440891614135774,0.0514042390911954
"test","CORO7","iStar","her2+",0.0431096336800951,0.0550779091871583
"test","COX5A","iStar","her2+",0.0243186539532195,0.0410151704936143
"test","CPNE1","iStar","her2+",0.0578706067552406,0.0647480295197913
"test","CPSF1","iStar","her2+",0.0592007340320541,0.0629961187375943
"test","CPVL","iStar","her2+",-0.0107097295655889,0.00916728034787585
"test","CRABP2","iStar","her2+",0.0628859829669294,0.0843780688438835
"test","CRACR2B","iStar","her2+",0.149521334243424,0.146874503934278
"test","CRELD2","iStar","her2+",0.0777812096661064,0.0930925922422207
"test","CROCC","iStar","her2+",0.0341713958017855,0.0678924431010337
"test","CSF1","iStar","her2+",0.0425116834530656,0.0623227132847049
"test","CSF1R","iStar","her2+",0.062310497987521,0.0759189326151287
"test","CTDSPL","iStar","her2+",0.111674313586243,0.114087071596508
"test","CTIF","iStar","her2+",0.0208072435710635,0.0409855373462507
"test","CTSK","iStar","her2+",0.0323904506909602,0.0195508452263789
"test","CTU2","iStar","her2+",0.00742661419290349,0.0296041885046559
"test","CUTC","iStar","her2+",0.021906817907782,0.0450434807936735
"test","CUX1","iStar","her2+",0.0664472810101294,0.0659448513014357
"test","CX3CL1","iStar","her2+",0.0287217265990195,0.0480685824874807
"test","CXCL10","iStar","her2+",0.103155725895949,0.0980426650703479
"test","CXXC5","iStar","her2+",0.08760111243943,0.0981102560734116
"test","CYP27A1","iStar","her2+",0.0340089232853984,0.0491188969548728
"test","DAPK3","iStar","her2+",0.114697517889542,0.115080558346067
"test","DCAF6","iStar","her2+",0.0894501104452321,0.115640985291983
"test","DCXR","iStar","her2+",0.0168526856875806,0.0289760430496831
"test","DDAH1","iStar","her2+",0.0772561329338524,0.080243087545098
"test","DDB2","iStar","her2+",0.0637726262834758,0.0732038939596193
"test","DDIT3","iStar","her2+",0.0738899850056099,0.106016857534339
"test","DDRGK1","iStar","her2+",0.0193227282630641,0.0362232377389513
"test","DDT","iStar","her2+",0.0240792619804568,0.0374453846253577
"test","DEAF1","iStar","her2+",0.0337077489615288,0.0534455221859598
"test","DENND1A","iStar","her2+",0.0554267080284936,0.0703161005371095
"test","DERL3","iStar","her2+",0.0214100608166449,0.0285543196022203
"test","DESI1","iStar","her2+",0.0582216505774556,0.0744632695475536
"test","DHX16","iStar","her2+",0.0239397358548742,0.0437862816032707
"test","DLG1","iStar","her2+",0.0725349960548587,0.0825597127267067
"test","DMAP1","iStar","her2+",-0.0129808854115573,0.00919245700654357
"test","DNAJB2","iStar","her2+",0.0612258338534229,0.0734895193468905
"test","DNAJC1","iStar","her2+",0.0241905142315065,0.037165460462663
"test","DNAJC7","iStar","her2+",0.0473086184002748,0.0639449647378149
"test","DOCK6","iStar","her2+",0.0267642337366934,0.0354207443296369
"test","DPH3","iStar","her2+",0.0323525879430402,0.0564833664607204
"test","DPM2","iStar","her2+",0.0804804035966014,0.0836354863189404
"test","DPP7","iStar","her2+",0.0155755325995208,0.0320252386760288
"test","DPP9","iStar","her2+",0.0381708955953328,0.044492080961461
"test","DPYSL3","iStar","her2+",0.0544589573011497,0.0717987595494578
"test","DVL1","iStar","her2+",0.0265307811671221,0.0337614279431545
"test","EBAG9","iStar","her2+",0.0237289508769899,0.0433155487491197
"test","ECHDC2","iStar","her2+",0.0142899663525483,0.0377336595230402
"test","ECM1","iStar","her2+",-6.9141753896617e-05,0.0200764750358737
"test","EFEMP2","iStar","her2+",-0.00883511518071153,0.00294566306542705
"test","EFHD2","iStar","her2+",0.0361703953912734,0.0532808640968272
"test","EIF1AD","iStar","her2+",0.0687833544539008,0.0722818040970356
"test","EIF3B","iStar","her2+",0.071387285249897,0.0807511087591422
"test","EIF3F","iStar","her2+",0.000992499909969911,0.0146679999944253
"test","EIF3G","iStar","her2+",0.062245132404689,0.0736604189643657
"test","ELN","iStar","her2+",0.0201169357999797,0.0408716407679401
"test","ELOF1","iStar","her2+",0.016840919559894,0.0353739399710396
"test","EMC3","iStar","her2+",0.0485008433216995,0.0574345252594399
"test","ENPP1","iStar","her2+",0.0137434178743644,0.0344818539170945
"test","EPHB3","iStar","her2+",0.100201046788196,0.105240896479208
"test","ERAL1","iStar","her2+",0.0688612634102906,0.0860330084696734
"test","ERI3","iStar","her2+",0.0738453181219656,0.0813971452793422
"test","ERMP1","iStar","her2+",0.0772315511167913,0.0978941006574265
"test","ETFB","iStar","her2+",0.0535730615271623,0.0637698971142665
"test","EVA1B","iStar","her2+",0.0434062697015417,0.0477503700733155
"test","EXD3","iStar","her2+",0.0276049780116701,0.0524535600814567
"test","EXOC5","iStar","her2+",0.0174134630734924,0.050321013944096
"test","EXOSC1","iStar","her2+",0.0226026170617494,0.0567324656305004
"test","EXOSC10","iStar","her2+",0.0140033343529176,0.0384086964734535
"test","EXOSC2","iStar","her2+",0.0604674020101174,0.0636372215888311
"test","EZH2","iStar","her2+",0.0819061065242376,0.117895320183348
"test","FAAH","iStar","her2+",0.0372956999069041,0.0583017020568051
"test","FADS2","iStar","her2+",0.148195407371324,0.152333717255122
"test","FAH","iStar","her2+",0.0115728487971985,0.0276183876864395
"test","FAIM2","iStar","her2+",-0.00675194357263261,0.0301982703238633
"test","FAM102A","iStar","her2+",0.0441762519843311,0.0484676871882389
"test","FAM117A","iStar","her2+",0.0541873555611507,0.0791944085825168
"test","FAM118A","iStar","her2+",0.00800365458524537,0.032337386406071
"test","FAM160B1","iStar","her2+",0.0480537744940018,0.0752774539473184
"test","FAM173A","iStar","her2+",0.059851308787303,0.07420412363762
"test","FAM193B","iStar","her2+",0.102472202396679,0.111638430065957
"test","FAM213B","iStar","her2+",0.000173675449186393,0.0215686233239317
"test","FAM3A","iStar","her2+",0.0382826679323808,0.0472018216394232
"test","FAM45A","iStar","her2+",0.0112547004041964,0.0293624561831605
"test","FAP","iStar","her2+",-0.0108247995422291,0.0239861068026565
"test","FARP1","iStar","her2+",0.0787620626851731,0.0677235167496729
"test","FARSB","iStar","her2+",0.0350006865244567,0.0448831922538599
"test","FASN","iStar","her2+",0.275492293945602,0.235391003739472
"test","FBF1","iStar","her2+",0.0499201630458115,0.0736194272129908
"test","FBLN2","iStar","her2+",0.0727991037466897,0.0586836010698766
"test","FCER1G","iStar","her2+",0.033395547353686,0.0473137343113969
"test","FDPS","iStar","her2+",0.0651276467101116,0.0766601044417327
"test","FGFR1","iStar","her2+",-0.00530617719631761,0.00929152760573648
"test","FKBP10","iStar","her2+",0.0226531923837736,0.0374583328288259
"test","FKBP8","iStar","her2+",0.00969512795303523,0.0215543416524986
"test","FLNA","iStar","her2+",0.0920455557563013,0.0888739829466235
"test","FN1","iStar","her2+",0.172632442231952,0.13652446607728
"test","FNBP4","iStar","her2+",0.018617876662439,0.0332133923754331
"test","FOXP4","iStar","her2+",0.132691111353302,0.128490942197866
"test","FSTL1","iStar","her2+",-0.00945149145082109,0.00461760554560494
"test","FSTL3","iStar","her2+",-0.0044653202698816,0.0115414431481807
"test","FUOM","iStar","her2+",0.0423883114899743,0.0677696184305736
"test","FUS","iStar","her2+",0.114617686392793,0.133990114596432
"test","FZD2","iStar","her2+",0.00712648837685552,0.0206197820236572
"test","GALK1","iStar","her2+",-0.00713469694590444,0.0210637108125674
"test","GANAB","iStar","her2+",0.105656254479903,0.101968122436342
"test","GAR1","iStar","her2+",0.0645978834618477,0.0822364062847755
"test","GAS6","iStar","her2+",0.0726959088631221,0.0732155942492365
"test","GATA3","iStar","her2+",0.144282923965329,0.143767402518045
"test","GATC","iStar","her2+",0.0848921301775809,0.0866726696614293
"test","GBP1","iStar","her2+",0.0311605715270956,0.0482964066289707
"test","GBP2","iStar","her2+",0.0437050466607137,0.0784642791269678
"test","GBP3","iStar","her2+",0.0448952648886162,0.0703250118970665
"test","GBP4","iStar","her2+",0.0551319866192169,0.0911804201970034
"test","GBP5","iStar","her2+",0.0221615177843879,0.0241531119408783
"test","GEMIN4","iStar","her2+",-0.0170222234498526,0.00981314701610981
"test","GLCCI1","iStar","her2+",0.032382563564297,0.0499198959091865
"test","GLG1","iStar","her2+",0.0321631817562311,0.0452071212418688
"test","GLTSCR2","iStar","her2+",0.0552785800308579,0.0568538922092138
"test","GMFG","iStar","her2+",0.0484102027807887,0.0721064692344971
"test","GMPPA","iStar","her2+",0.0686564028541135,0.0687493550386975
"test","GNAI2","iStar","her2+",0.0894108639149211,0.0669994626957451
"test","GNAS","iStar","her2+",0.264323148560379,0.252107062715421
"test","GNL2","iStar","her2+",0.0919434472832327,0.103732027485983
"test","GPR108","iStar","her2+",0.0570978667327798,0.0686462238321129
"test","GPRC5A","iStar","her2+",0.0831844534848893,0.0991132064678967
"test","GPS1","iStar","her2+",0.0361316147554207,0.0512181629720959
"test","GPSM1","iStar","her2+",0.0284630349191138,0.0475232865258753
"test","GPX3","iStar","her2+",0.0210347676916541,0.0335789674120414
"test","GRK3","iStar","her2+",0.11903071709105,0.12262811412708
"test","GSK3A","iStar","her2+",0.0953990107415957,0.0849067508703261
"test","GSTM3","iStar","her2+",0.0101058326464445,0.0392614813504266
"test","GYPC","iStar","her2+",0.0793249257511815,0.0843659630031375
"test","HAGHL","iStar","her2+",0.0655383587651038,0.0592377115287138
"test","HCFC1R1","iStar","her2+",0.0967872302291194,0.0805760026315272
"test","HCST","iStar","her2+",0.0865478233384321,0.0958959294176703
"test","HDAC5","iStar","her2+",-0.00597954820440356,0.00924437631709243
"test","HDAC6","iStar","her2+",-0.0052148656835538,0.0153319233813251
"test","HELZ2","iStar","her2+",0.0341955511651817,0.0509075580466537
"test","HES1","iStar","her2+",0.0794658692198793,0.0914973398719394
"test","HLA.B","iStar","her2+",0.124598627067566,0.112103979316393
"test","HLA.DMA","iStar","her2+",0.019728892955988,0.0334484781668586
"test","HLA.DMB","iStar","her2+",0.0766973184397444,0.0942630779216354
"test","HLA.DOA","iStar","her2+",0.0365527191089142,0.0674632541047628
"test","HLA.DPA1","iStar","her2+",0.161634234901026,0.158054045401665
"test","HLA.DPB1","iStar","her2+",0.152747470732768,0.163695586453959
"test","HLA.DRA","iStar","her2+",0.130417453272795,0.132048082133271
"test","HLA.DRB1","iStar","her2+",0.0825958031992652,0.0950069208464944
"test","HMGB2","iStar","her2+",0.122628743583222,0.138506450227773
"test","HNRNPUL2","iStar","her2+",0.0988912876847849,0.0992285319067633
"test","HOOK3","iStar","her2+",0.016071810616882,0.0445843606724249
"test","HPS6","iStar","her2+",-0.00976408754124175,0.0178126661266781
"test","HSD17B1","iStar","her2+",0.0477051309644489,0.0520135991860007
"test","HSPA4","iStar","her2+",0.0710097293318565,0.0810648855509776
"test","HSPB1","iStar","her2+",0.110945861673168,0.129990377146093
"test","HSPB11","iStar","her2+",0.0446078740183881,0.0737318099290416
"test","HYI","iStar","her2+",0.0738919080013696,0.0841462964931902
"test","IDH3G","iStar","her2+",0.0463454104052487,0.05596092177119
"test","IDUA","iStar","her2+",0.0232146253076376,0.0392266804349526
"test","IER5L","iStar","her2+",0.095790689050608,0.0982981984962865
"test","IFI27","iStar","her2+",0.0500263772593545,0.0594194444365697
"test","IFI27L1","iStar","her2+",0.0152371309639813,0.042151324516461
"test","IFI44L","iStar","her2+",0.0852258426192561,0.0926926082042063
"test","IGFBP2","iStar","her2+",0.0742650373008372,0.0575144562725286
"test","IGFBP4","iStar","her2+",0.109129001030415,0.102997979507333
"test","IGHA1","iStar","her2+",0.0709665766421729,0.0672436830443368
"test","IGHG3","iStar","her2+",0.0964186876428891,0.084529944400474
"test","IGHG4","iStar","her2+",0.0192828443855583,0.034494028426983
"test","IGHM","iStar","her2+",0.0442013905956177,0.0386953911104509
"test","IGKC","iStar","her2+",0.0840757951446777,0.088822342951085
"test","IGLC2","iStar","her2+",0.0516329322190467,0.0484296493694176
"test","IGLC3","iStar","her2+",0.055128110117242,0.0499185353434688
"test","IGLC7","iStar","her2+",0.0393419361183896,0.0690819160257589
"test","IKZF3","iStar","her2+",0.0266078675347937,0.0598306161225592
"test","IL10RA","iStar","her2+",0.12474783250324,0.117433923793313
"test","ILKAP","iStar","her2+",0.000346682324485244,0.0195110981872473
"test","INAFM1","iStar","her2+",-0.00948424147108851,0.0123217173843744
"test","INPP4B","iStar","her2+",0.00929810982030436,0.0473625442438442
"test","INPP5D","iStar","her2+",0.074718366032068,0.0842787734617394
"test","INPP5J","iStar","her2+",0.0208800845185081,0.0544943129018387
"test","INTS8","iStar","her2+",0.0859995437449862,0.105371735023312
"test","ISG15","iStar","her2+",0.00585963686793405,0.0229514263220223
"test","ISLR","iStar","her2+",0.0249801938452863,0.0333913703644076
"test","ITGA5","iStar","her2+",0.0213035808710689,0.0364166437088412
"test","ITGB4","iStar","her2+",0.0161969767775605,0.0378040737271421
"test","ITGB6","iStar","her2+",0.0838318953525024,0.0656425533671207
"test","ITSN1","iStar","her2+",0.0146922960843477,0.0342053642882724
"test","JAG2","iStar","her2+",0.0315410364347801,0.054676026525656
"test","JAK1","iStar","her2+",-0.00292302086944406,0.0215132402129475
"test","JAK3","iStar","her2+",0.0650292949813568,0.0792901509557598
"test","JCHAIN","iStar","her2+",0.105048202805024,0.107379458246789
"test","JMJD6","iStar","her2+",0.0327864171277476,0.0488757611633803
"test","KAT6B","iStar","her2+",0.0334381300576952,0.051022850076067
"test","KATNA1","iStar","her2+",-0.000135329255177755,0.0241598307203768
"test","KCNAB2","iStar","her2+",0.0958361116576855,0.111398812905109
"test","KCTD10","iStar","her2+",0.0719034314148742,0.0685055613504761
"test","KDM4B","iStar","her2+",0.0452708604394705,0.0597690867282599
"test","KIAA0895L","iStar","her2+",0.0868802691559391,0.0956526942809771
"test","KIAA1211L","iStar","her2+",0.0417969515999125,0.0573206353169811
"test","KIAA1217","iStar","her2+",0.0702895787628471,0.0718742398989454
"test","KIAA1468","iStar","her2+",0.022612202057693,0.0424714639475318
"test","KIAA1715","iStar","her2+",0.0300422990984665,0.050321048216835
"test","KIF13B","iStar","her2+",0.0297060092334057,0.0531799283600047
"test","KLF9","iStar","her2+",0.026852246021179,0.0353636009976776
"test","KMT2B","iStar","her2+",0.100780263239403,0.107488157436257
"test","KMT2E","iStar","her2+",0.0330435652406204,0.0473053558844525
"test","KPNB1","iStar","her2+",0.0263693288474301,0.0447085246505947
"test","KRAS","iStar","her2+",0.063388204707458,0.08049991972515
"test","KRT10","iStar","her2+",0.0539415550678141,0.0699750590660258
"test","KRT17","iStar","her2+",0.0356218455885186,0.0626343628115156
"test","KRT8","iStar","her2+",0.111162343438673,0.0969280661779317
"test","KRT86","iStar","her2+",0.0300162822909092,0.0572547239163767
"test","LAMB2","iStar","her2+",0.0379384964554029,0.0511734498596801
"test","LAMTOR2","iStar","her2+",0.0897554950638417,0.0999736310628702
"test","LANCL1","iStar","her2+",0.0204687261973967,0.0491767337841879
"test","LARP1B","iStar","her2+",0.0489449148493582,0.0827763852518408
"test","LARP7","iStar","her2+",0.0373861490098004,0.0644532588268764
"test","LCK","iStar","her2+",0.063481257164482,0.0684095014339819
"test","LCP1","iStar","her2+",0.071006701670123,0.0694234913882
"test","LGALS1","iStar","her2+",0.0335324231595566,0.0422990306723303
"test","LIMCH1","iStar","her2+",0.0747314542067059,0.0721545962345818
"test","LIMK1","iStar","her2+",0.0318017821458689,0.0455548979418385
"test","LINC00176","iStar","her2+",0.0517693696761736,0.0668699146584443
"test","LINGO1","iStar","her2+",0.0183716159358358,0.0366285657461089
"test","LLGL1","iStar","her2+",0.0292618486083865,0.037534269367041
"test","LMF1","iStar","her2+",0.0285119852670726,0.0544554118459755
"test","LMNA","iStar","her2+",0.0679501141553504,0.0621863678888758
"test","LRRC8A","iStar","her2+",0.0201995195068943,0.0394176924320289
"test","LRWD1","iStar","her2+",0.000117930877389833,0.0208167989088442
"test","LST1","iStar","her2+",0.0244820794523282,0.0282972121065555
"test","LTB4R","iStar","her2+",0.106674157674486,0.0884499948595917
"test","LTBP3","iStar","her2+",0.0197355947201412,0.0161990162408925
"test","LTF","iStar","her2+",-0.0191988781592326,0.0140080647086809
"test","LUC7L","iStar","her2+",0.0642382923570063,0.0739671943359353
"test","LUC7L3","iStar","her2+",0.13616687334105,0.11101559107807
"test","LUM","iStar","her2+",0.0539880511297352,0.0345436220986514
"test","LYL1","iStar","her2+",0.033673252381312,0.0576491004970338
"test","MAGEF1","iStar","her2+",0.132073070937974,0.130812453475036
"test","MAGI1","iStar","her2+",0.0340455217847438,0.0481608609689066
"test","MAGOHB","iStar","her2+",0.108812522910683,0.131614803394557
"test","MAP1S","iStar","her2+",0.00562102153683136,0.0266951415568944
"test","MAP3K14","iStar","her2+",0.0410845536087393,0.0565106896596141
"test","MAP3K6","iStar","her2+",0.0451444686077781,0.0442580310095573
"test","MAP4K2","iStar","her2+",0.0480590884301815,0.0503555342394367
"test","MAPK9","iStar","her2+",0.0288919597695237,0.0557169631526297
"test","MAPKAPK5","iStar","her2+",0.0638063993043765,0.0973499706177487
"test","MARS","iStar","her2+",0.0802724679432138,0.0910656216033041
"test","MAVS","iStar","her2+",0.0168396987201876,0.0181543182617715
"test","MCTS1","iStar","her2+",0.0433454127228536,0.0728140785589595
"test","MED13L","iStar","her2+",0.0688626883665409,0.0892946897116638
"test","MED25","iStar","her2+",0.0572184169878241,0.069383724301079
"test","MEN1","iStar","her2+",0.0100708548423114,0.0242642133955969
"test","METTL12","iStar","her2+",0.0289081509494668,0.0251214669237251
"test","METTL16","iStar","her2+",0.0138396925299028,0.038555000930355
"test","MFAP4","iStar","her2+",0.03236217952448,0.0525388003146282
"test","MFSD3","iStar","her2+",0.0221527086961726,0.0448743659563279
"test","MFSD7","iStar","her2+",0.00633599187685679,0.0300850584721523
"test","MGMT","iStar","her2+",0.0468865405180653,0.0646885731876988
"test","MGP","iStar","her2+",0.125664971065395,0.0964519013159695
"test","MIB2","iStar","her2+",0.0524861071416559,0.0750221117332974
"test","MICAL1","iStar","her2+",0.0463158034495388,0.0659294726033419
"test","MICALL2","iStar","her2+",0.0444372698085919,0.0580098845628294
"test","MID1IP1","iStar","her2+",0.0374428560821166,0.055818671638776
"test","MIF","iStar","her2+",0.0269918930436007,0.0384207509644791
"test","MIIP","iStar","her2+",0.0536103696091118,0.0735344465756814
"test","MKNK1","iStar","her2+",0.0405760168009594,0.0602983314244254
"test","MLLT4","iStar","her2+",0.0580384549218858,0.069475445152526
"test","MLST8","iStar","her2+",0.0365324205889687,0.0446051373786872
"test","MMP9","iStar","her2+",0.0717250992729128,0.0894422474378766
"test","MORC2","iStar","her2+",0.0402668443965351,0.0625567171077869
"test","MPND","iStar","her2+",-0.0129609922859896,0.0112962099795475
"test","MPST","iStar","her2+",0.0533898219989288,0.0675938498816812
"test","MRPL2","iStar","her2+",0.0318198326187458,0.0471404395615106
"test","MRPL21","iStar","her2+",0.0698084330086977,0.0856125325443974
"test","MRPL23","iStar","her2+",0.0121348116823745,0.0372484275654908
"test","MRPL51","iStar","her2+",0.112290862720257,0.109232146587728
"test","MRPL54","iStar","her2+",0.00926525795616378,0.0282353125485732
"test","MRPS22","iStar","her2+",0.0569404540614606,0.0723205333158595
"test","MS4A6A","iStar","her2+",0.0561300822317239,0.0598016772020544
"test","MST1R","iStar","her2+",0.131372739651228,0.119483582905681
"test","MTG2","iStar","her2+",0.0606190695214245,0.0776944576425956
"test","MTMR12","iStar","her2+",0.0230522761683338,0.044783189679367
"test","MUC1","iStar","her2+",0.142918887817304,0.148097920094161
"test","MUCL1","iStar","her2+",0.102773610496407,0.11099834201897
"test","MUS81","iStar","her2+",0.0889992309623136,0.0924768370068057
"test","MVP","iStar","her2+",0.0709070027635187,0.0713343452182815
"test","MX2","iStar","her2+",0.0107804657125987,0.0300051751998979
"test","MYH10","iStar","her2+",0.0280273855627936,0.0504935119575424
"test","MYL12B","iStar","her2+",0.154239105919194,0.156649218419037
"test","MYL6B","iStar","her2+",0.0156398318313729,0.0327628085277628
"test","MYL9","iStar","her2+",0.0469364208156623,0.0374523862903147
"test","MYO1G","iStar","her2+",0.0235532544780828,0.0469434622882143
"test","MYO9B","iStar","her2+",0.0419375731461002,0.0547848411913568
"test","MZT2A","iStar","her2+",0.0653107594504256,0.0839848676878951
"test","NAA10","iStar","her2+",0.0561679125699716,0.0706807437625039
"test","NANS","iStar","her2+",0.0389486061198808,0.054955933166706
"test","NCKAP1L","iStar","her2+",0.0640724668947575,0.0795682230516912
"test","NCKAP5L","iStar","her2+",-0.0070553907508993,0.0247595483765587
"test","NDRG1","iStar","her2+",0.0859786015329054,0.0803403169060628
"test","NDUFA1","iStar","her2+",0.0485977602571005,0.0649455916608657
"test","NDUFA12","iStar","her2+",0.102267868138472,0.119765666469645
"test","NDUFB2","iStar","her2+",0.0960770441607561,0.103336888186216
"test","NDUFB3","iStar","her2+",0.0910420950904126,0.0898399890146666
"test","NDUFB9","iStar","her2+",0.162182871670107,0.154184470918987
"test","NDUFC1","iStar","her2+",0.0556538589867892,0.0635786969456886
"test","NDUFS1","iStar","her2+",0.0739982165747693,0.087925997620461
"test","NDUFV3","iStar","her2+",0.0322067062311376,0.0482083342010718
"test","NEBL","iStar","her2+",0.0349764394605745,0.0701620755419279
"test","NEK7","iStar","her2+",0.05482357063429,0.0815712975791702
"test","NELFE","iStar","her2+",0.0128356069708553,0.0313530683853397
"test","NFATC4","iStar","her2+",0.0243013028755417,0.0398762226669052
"test","NFIC","iStar","her2+",0.109158409869157,0.112990955557365
"test","NINJ1","iStar","her2+",0.0970202894722903,0.0990019942717268
"test","NIT2","iStar","her2+",0.0686047249846752,0.0675973522244728
"test","NMRAL1","iStar","her2+",0.076715619851778,0.0823499916008758
"test","NR1H2","iStar","her2+",-0.00369948573159828,0.0158895883008851
"test","NR4A1","iStar","her2+",0.0104072184899281,0.0385855469763034
"test","NRP1","iStar","her2+",0.017071592228648,0.0474863654340258
"test","NSMCE1","iStar","her2+",0.0446568815985169,0.0652743206511496
"test","NTMT1","iStar","her2+",0.00308955024783678,0.0197144078998247
"test","NUP214","iStar","her2+",0.0545951445041971,0.0788055444561992
"test","NUP93","iStar","her2+",0.0658090575790374,0.0813723374003762
"test","NXN","iStar","her2+",0.00540402891554441,0.0265655237714793
"test","OASL","iStar","her2+",0.0226940696915712,0.0549387910172431
"test","OGFRL1","iStar","her2+",0.0333356469280736,0.0556163767543821
"test","OPTN","iStar","her2+",0.0767632728552751,0.0779234852760531
"test","ORC2","iStar","her2+",-0.0103206808780225,0.0250368555383829
"test","OSBPL8","iStar","her2+",0.0319727489279386,0.0518691929249104
"test","P4HA2","iStar","her2+",0.00293024815743092,0.0314328065707538
"test","PAF1","iStar","her2+",0.0122087401601539,0.0337374419686225
"test","PAFAH1B3","iStar","her2+",0.0397914639321962,0.0591845075759427
"test","PAQR4","iStar","her2+",0.0923146027653553,0.103438371895253
"test","PARN","iStar","her2+",0.0110246723146607,0.0428204245103361
"test","PCCB","iStar","her2+",0.0690876533067062,0.0949625153015369
"test","PCIF1","iStar","her2+",0.028663900093097,0.0565780438656898
"test","PDCD5","iStar","her2+",0.0658413946810842,0.0934591906113163
"test","PDGFRA","iStar","her2+",0.0192236758377988,0.0375190376652319
"test","PDGFRB","iStar","her2+",0.0807810414037572,0.0871387607098095
"test","PER1","iStar","her2+",0.00337929725120089,0.017651416228036
"test","PEX11G","iStar","her2+",0.0655317239025538,0.082238340631772
"test","PEX14","iStar","her2+",0.0461765312153512,0.0563885904405579
"test","PGLS","iStar","her2+",-0.00688834754323281,0.00743082332357586
"test","PHF11","iStar","her2+",0.0324458138934375,0.0613015324809621
"test","PHF13","iStar","her2+",0.0274220552726254,0.0517799725109867
"test","PHF21A","iStar","her2+",0.05752115514428,0.0713585448383421
"test","PHKB","iStar","her2+",0.0889432700656441,0.0990623651276601
"test","PIGQ","iStar","her2+",0.0773675915753952,0.0864560218807787
"test","PIH1D1","iStar","her2+",0.0249669892598299,0.0240599172771273
"test","PILRA","iStar","her2+",0.0129459612501482,0.0448404717046193
"test","PIM2","iStar","her2+",0.0747078472812424,0.0787533431126087
"test","PITX1","iStar","her2+",0.0250075413742223,0.0355541695047262
"test","PKNOX1","iStar","her2+",-0.0200711162738705,0.020513524184192
"test","PLAC9","iStar","her2+",0.00588460490595872,0.0296778623919697
"test","PLEKHO2","iStar","her2+",0.0501477273496652,0.063791195077672
"test","PLIN2","iStar","her2+",0.00819381120722475,0.0386629028299484
"test","PLK1","iStar","her2+",0.0965805274984089,0.104754294071621
"test","PLK2","iStar","her2+",0.0267605287774506,0.0483771719298613
"test","PLLP","iStar","her2+",-0.0117786214886026,0.0160563314692192
"test","PLP2","iStar","her2+",0.0821967399294161,0.0886393884232964
"test","PLPPR2","iStar","her2+",0.0751085869818806,0.0803797464214567
"test","PLSCR1","iStar","her2+",0.0690075706814357,0.0994422534912772
"test","PLTP","iStar","her2+",-0.000491257590373201,0.0112280821815842
"test","PLVAP","iStar","her2+",0.0599391416424859,0.0654440615657157
"test","PLXNA1","iStar","her2+",0.0176331559870706,0.0339738281391606
"test","PLXND1","iStar","her2+",0.0831813795457055,0.0913572433938468
"test","PMP22","iStar","her2+",0.0358714560750114,0.0479942138008362
"test","PNISR","iStar","her2+",0.026627700535682,0.0433335421782656
"test","PNMT","iStar","her2+",0.107102950702203,0.116255721081565
"test","PNP","iStar","her2+",0.0591780379972756,0.0636810322591818
"test","PNPLA6","iStar","her2+",0.027773234047114,0.0449744793084437
"test","PODNL1","iStar","her2+",0.0230852763934794,0.0324500389103806
"test","PODXL","iStar","her2+",0.031948939393191,0.0448293058827344
"test","POLR2E","iStar","her2+",0.101675153137165,0.0979880390550376
"test","POLR2J","iStar","her2+",0.0475687437785096,0.0548262465772811
"test","POR","iStar","her2+",0.0750442723401731,0.0816352826907786
"test","POSTN","iStar","her2+",0.0729250740762326,0.059663581027246
"test","PPHLN1","iStar","her2+",0.0427024836275584,0.0640278196657352
"test","PPIB","iStar","her2+",0.0148885286318163,0.024887949936792
"test","PPIH","iStar","her2+",0.0304868754067566,0.0642166351045071
"test","PPM1G","iStar","her2+",0.0694461200014271,0.0868181184840067
"test","PPP1R1A","iStar","her2+",-0.00333233235131226,0.0116973730173426
"test","PPP1R1B","iStar","her2+",0.111222414566598,0.114587910720442
"test","PPP1R37","iStar","her2+",0.052745153043994,0.0573881117306128
"test","PRKAB1","iStar","her2+",0.037521644960186,0.0502524143537686
"test","PRKCSH","iStar","her2+",0.144303280009151,0.145119553931094
"test","PROSER1","iStar","her2+",0.0603569858212899,0.0775422301580097
"test","PRPF6","iStar","her2+",0.077777233768958,0.0854042334428642
"test","PRPSAP1","iStar","her2+",0.0354346017430501,0.0462939313843204
"test","PSCA","iStar","her2+",-0.0126541794019861,0.00413800862957448
"test","PSMD4","iStar","her2+",0.0846552912934954,0.0826811982570647
"test","PSTPIP1","iStar","her2+",0.0498664298088216,0.0659063126370162
"test","PTGDS","iStar","her2+",0.139023955641101,0.127605776760228
"test","PTOV1","iStar","her2+",0.118177376289027,0.113703324035036
"test","PTP4A3","iStar","her2+",-0.00624069348760832,0.00944423059325369
"test","PTPRC","iStar","her2+",0.0834921020608927,0.0943764725060143
"test","PTPRJ","iStar","her2+",0.0543474789779437,0.0694899760609889
"test","PTRF","iStar","her2+",0.0385831649681797,0.0548259304605152
"test","PTRH1","iStar","her2+",0.0435815584591517,0.0695574983424361
"test","PUS3","iStar","her2+",0.0416313105777682,0.0675385725893162
"test","PWP1","iStar","her2+",0.00542236609604991,0.0399004403553553
"test","PWWP2B","iStar","her2+",0.0297870292950521,0.0469060552304356
"test","PXDN","iStar","her2+",0.0839525280194872,0.0839120625646822
"test","PYURF","iStar","her2+",0.0576130418976443,0.0715111018358139
"test","QSOX1","iStar","her2+",0.105109752665666,0.0999398805102075
"test","R3HDM2","iStar","her2+",0.029693273685105,0.0453024746952825
"test","RAB11FIP1","iStar","her2+",0.0886610151303992,0.103329713935464
"test","RAB3A","iStar","her2+",1.88686985197707e-05,0.0296166979055342
"test","RAB3GAP1","iStar","her2+",0.0829965753203988,0.0854544646884207
"test","RAB3IL1","iStar","her2+",-0.0102190532583765,0.0110059309715272
"test","RABGAP1L","iStar","her2+",0.0471536378065813,0.0593449860723234
"test","RALBP1","iStar","her2+",0.0149959685902602,0.0423819844512749
"test","RALGAPA2","iStar","her2+",0.00967492588395321,0.0268336123109895
"test","RAMP2","iStar","her2+",0.0237087819929437,0.0462544402940962
"test","RAP1B","iStar","her2+",-0.00749857365881123,0.0200453988107939
"test","RARS2","iStar","her2+",0.014459774822371,0.0560925548899561
"test","RASA2","iStar","her2+",0.0264528738333597,0.0472400134751505
"test","RASGRP2","iStar","her2+",-0.00626504087273805,0.0264169578858175
"test","RASSF3","iStar","her2+",0.00438903870890324,0.020482606220578
"test","RBL1","iStar","her2+",-0.0035291310056651,0.0231646012002255
"test","RBM42","iStar","her2+",0.0500073577094966,0.0631602213150712
"test","RECQL4","iStar","her2+",0.0790933227468322,0.0960556383638544
"test","RECQL5","iStar","her2+",0.0575281856670404,0.0642456639275266
"test","REEP6","iStar","her2+",0.0263305424266568,0.0343769632141799
"test","RGS1","iStar","her2+",0.122828390974384,0.143132969764955
"test","RHOB","iStar","her2+",0.111854299426541,0.121299048325649
"test","RIOK1","iStar","her2+",0.00936285000128755,0.0542074207338221
"test","RMND1","iStar","her2+",0.0108144131266674,0.0417427350595187
"test","RNASET2","iStar","her2+",0.0936622245495528,0.0998913595123678
"test","RND3","iStar","her2+",0.0178469867996022,0.041198452329208
"test","RNF135","iStar","her2+",0.0373504914738776,0.0657311996629279
"test","RNF170","iStar","her2+",0.0195886730870204,0.0513805201091933
"test","RRAS","iStar","her2+",0.0275019810405869,0.044565940918397
"test","RSL1D1","iStar","her2+",0.0495623537177603,0.0645840462389839
"test","RSRP1","iStar","her2+",0.0314553866029148,0.0498843925624164
"test","RUVBL1","iStar","her2+",0.0254973599445991,0.0407323787097698
"test","S100A14","iStar","her2+",0.0926312437203463,0.0968426314059812
"test","S100A9","iStar","her2+",0.113848044052677,0.112254610668135
"test","SAMM50","iStar","her2+",0.00570974768449252,0.0273687568789509
"test","SASH1","iStar","her2+",0.0307885027082302,0.0584359433291771
"test","SAT1","iStar","her2+",0.0513582826707583,0.0479579433846005
"test","SCAF1","iStar","her2+",0.0535206953941886,0.0688557104475477
"test","SCD","iStar","her2+",0.213343562826682,0.203716633022343
"test","SCNN1D","iStar","her2+",0.0492822843432001,0.0780253471643303
"test","SCX","iStar","her2+",0.0532970129111154,0.0790044104838289
"test","SDHB","iStar","her2+",0.0619697538404772,0.0637713112834096
"test","SEC14L2","iStar","her2+",0.0318437702315731,0.0375547308247274
"test","SEC23A","iStar","her2+",0.0402170018362183,0.0558236923728941
"test","SEMA3B","iStar","her2+",0.0570204577592476,0.0825079705563287
"test","SEMA4B","iStar","her2+",0.120452062776349,0.1218888722398
"test","SF3B4","iStar","her2+",0.0625744228041276,0.0609234441829581
"test","SFSWAP","iStar","her2+",0.0580512623251468,0.0685540728150347
"test","SGTA","iStar","her2+",0.0796610415269006,0.0899941692626929
"test","SH3BP5L","iStar","her2+",0.0236915674511958,0.0481428938603016
"test","SIGLEC1","iStar","her2+",0.0471372968814429,0.051948296641605
"test","SIGMAR1","iStar","her2+",-0.00867065917445178,0.00484141209858585
"test","SLC16A2","iStar","her2+",0.0896916458502545,0.0665369221072174
"test","SLC16A3","iStar","her2+",0.00565097838943966,0.0225312717410356
"test","SLC22A18","iStar","her2+",0.00573733026908926,0.0319244628354547
"test","SLC25A24","iStar","her2+",0.0215805505652623,0.0501031674612226
"test","SLC2A1","iStar","her2+",0.10987271455687,0.118461758347688
"test","SLC2A8","iStar","her2+",-0.0155274549426123,0.0141128327289443
"test","SLC35A2","iStar","her2+",0.0464957379498573,0.0578209804171663
"test","SLC43A1","iStar","her2+",0.0277947364291146,0.0488166497277868
"test","SLC4A5","iStar","her2+",0.00602089250497059,0.0318128355601767
"test","SLC8B1","iStar","her2+",0.0523823295457335,0.0695727011967013
"test","SLC9A3R2","iStar","her2+",0.0539711915968172,0.077044699377779
"test","SLC9A8","iStar","her2+",0.0457127994701538,0.0627744536817974
"test","SLFN13","iStar","her2+",-0.0176077802658468,0.00947620550385626
"test","SLPI","iStar","her2+",-0.00418155343794474,0.0306828105649919
"test","SMCHD1","iStar","her2+",0.0288869276690449,0.0584043490354667
"test","SMG9","iStar","her2+",0.0702786228531112,0.0855212479515586
"test","SMYD2","iStar","her2+",0.0634935030294015,0.0823680608149804
"test","SNAPC3","iStar","her2+",0.0523942780019778,0.0772923478994058
"test","SNF8","iStar","her2+",0.0479593425793391,0.0609725846351005
"test","SNRPD3","iStar","her2+",0.0749349049624833,0.0822456664604642
"test","SNTA1","iStar","her2+",0.0243622825416262,0.0340406272064562
"test","SNX33","iStar","her2+",0.0483738901502929,0.0527311592920345
"test","SNX8","iStar","her2+",0.0408347846789098,0.055615362425644
"test","SOD3","iStar","her2+",0.0282989809825955,0.0399740614259984
"test","SOS2","iStar","her2+",0.0146743571928137,0.0440490360427368
"test","SOX4","iStar","her2+",0.0906379252897963,0.0905756189500526
"test","SP6","iStar","her2+",-0.0184279311238863,0.0128849442926169
"test","SPAG9","iStar","her2+",0.0220914945373611,0.0404577987777261
"test","SPARC","iStar","her2+",0.117766448477523,0.0995344984790258
"test","SPIN1","iStar","her2+",0.0923849499043182,0.111728689729601
"test","SPSB1","iStar","her2+",0.0208662426685343,0.0343486758229177
"test","SRGN","iStar","her2+",0.0812453318076394,0.063359095890488
"test","SRPX2","iStar","her2+",0.0332354133329939,0.042047095316328
"test","SRR","iStar","her2+",0.0702033455208424,0.0760543552932237
"test","SRRT","iStar","her2+",0.105511234917366,0.114244247426337
"test","SRSF1","iStar","her2+",0.0875756217231537,0.0896103075430887
"test","SRSF5","iStar","her2+",0.0707630976508682,0.0847011058922151
"test","SSSCA1","iStar","her2+",0.0207142595244121,0.0330315061981643
"test","STAMBP","iStar","her2+",0.0293937360948896,0.0464688871125752
"test","STAT5A","iStar","her2+",0.00264900327097859,0.0170535619433139
"test","STK17A","iStar","her2+",0.0292241537859493,0.0441959836278164
"test","STK4","iStar","her2+",0.0080270421370653,0.0364089753328005
"test","STMN1","iStar","her2+",0.167075148695228,0.180771143181857
"test","STRN3","iStar","her2+",-0.000772639250855169,0.025068151046076
"test","STT3A","iStar","her2+",0.034910104753909,0.0466572245642373
"test","SUGP1","iStar","her2+",0.0122960680010487,0.0532525242845693
"test","SURF1","iStar","her2+",0.0217342914357824,0.0269071928802772
"test","SVIL","iStar","her2+",0.0609092306738471,0.0786518715573618
"test","SYDE1","iStar","her2+",-0.0253766327737362,0.00727408601712272
"test","SYK","iStar","her2+",0.0424112023077117,0.0440109006290717
"test","TACC3","iStar","her2+",0.0691661907907579,0.0839882122666298
"test","TANC2","iStar","her2+",0.118659205021801,0.115137372601866
"test","TARBP1","iStar","her2+",0.0613482423625195,0.0748351653008583
"test","TAX1BP1","iStar","her2+",0.0431449082922518,0.0701076562546492
"test","TAX1BP3","iStar","her2+",0.0631208115014209,0.0580478346170944
"test","TBC1D10A","iStar","her2+",0.0486840910730771,0.0670046102437053
"test","TBC1D23","iStar","her2+",0.0232739572682339,0.04368130511307
"test","TBCA","iStar","her2+",0.00807397115139934,0.046234998331526
"test","TBXAS1","iStar","her2+",0.0132224872509918,0.0487900394243731
"test","TCEA2","iStar","her2+",-0.00079526928084436,0.0294124154692194
"test","TCEA3","iStar","her2+",0.0632151148779722,0.081912177727141
"test","TCF25","iStar","her2+",0.0546784471296223,0.0680763045847369
"test","TDRD3","iStar","her2+",0.00938307879214028,0.0462406891267381
"test","TESK1","iStar","her2+",0.0566001027590089,0.0655915119003902
"test","TESMIN","iStar","her2+",0.0877196617920895,0.109661174716711
"test","TEX10","iStar","her2+",0.0229247510697579,0.0455499032523901
"test","TEX2","iStar","her2+",0.0865837444550603,0.107580139143436
"test","TFF3","iStar","her2+",0.0479150581816266,0.0758937247117123
"test","TGFBR2","iStar","her2+",0.03145222664116,0.0454829551177538
"test","THBS1","iStar","her2+",0.0514008735637318,0.0560826590560615
"test","THOC5","iStar","her2+",0.00595302697999745,0.0283546114390858
"test","THOC6","iStar","her2+",0.0329763112073984,0.059530549523587
"test","TIGD5","iStar","her2+",0.0511533515253682,0.0566441959229745
"test","TIMP1","iStar","her2+",0.116919902298964,0.111183529791499
"test","TJP3","iStar","her2+",0.100852925356832,0.10279007198893
"test","TM7SF2","iStar","her2+",0.0584276687165859,0.0664957162627247
"test","TMBIM6","iStar","her2+",0.167973503566232,0.151342668450154
"test","TMEM101","iStar","her2+",0.0371046120241952,0.0578365060645148
"test","TMEM123","iStar","her2+",0.168048476923734,0.148455480437536
"test","TMEM14B","iStar","her2+",0.0665802462149309,0.0802456474235777
"test","TMEM160","iStar","her2+",0.0544691393736091,0.0590181185521611
"test","TMEM184A","iStar","her2+",0.0649485638714472,0.0770387820085515
"test","TMEM259","iStar","her2+",0.105225608771538,0.113788742594906
"test","TMEM86A","iStar","her2+",0.0117228801601533,0.0241813458428256
"test","TMX1","iStar","her2+",0.0383950544075957,0.0586119251819061
"test","TNC","iStar","her2+",0.0666625971692471,0.0864585862079837
"test","TNFRSF14","iStar","her2+",0.0320897215160696,0.0469816358952531
"test","TNFRSF21","iStar","her2+",0.011528531338323,0.0392359903078658
"test","TNFRSF4","iStar","her2+",0.091088714090515,0.0774532698738266
"test","TNNT1","iStar","her2+",0.0127899471624639,0.0579933781616586
"test","TOM1L2","iStar","her2+",0.0140049635549396,0.0292883489223502
"test","TP53I3","iStar","her2+",0.0139358016061902,0.0366696564930617
"test","TPM2","iStar","her2+",0.00537941206436517,0.0161633263288979
"test","TRAC","iStar","her2+",0.162574607204329,0.157871922951199
"test","TRAF5","iStar","her2+",0.0249858471655057,0.0421908071443357
"test","TRAP1","iStar","her2+",0.0418779588609281,0.0611979054310106
"test","TRAPPC4","iStar","her2+",0.0636532691739706,0.0776085328505381
"test","TRIM14","iStar","her2+",0.05204912185964,0.0741557831898379
"test","TRIM22","iStar","her2+",0.0545551836538763,0.0701056475318784
"test","TRIM25","iStar","her2+",0.1242544221087,0.13867058266074
"test","TRIM47","iStar","her2+",0.0136401112512951,0.0277008304766286
"test","TSPAN33","iStar","her2+",0.00904289868112106,0.0291007330420725
"test","TSR2","iStar","her2+",-0.00080799394801678,0.0133395316825144
"test","TTC31","iStar","her2+",0.0280698981485816,0.0556470498670699
"test","TTI1","iStar","her2+",0.0251047174096296,0.0561936720733909
"test","TXN2","iStar","her2+",0.0451844719187581,0.052330802295129
"test","TXNDC17","iStar","her2+",0.103890107322343,0.12045564604999
"test","TXNRD2","iStar","her2+",0.103161549562537,0.100615105582844
"test","TYROBP","iStar","her2+",0.048893031871662,0.061192992915995
"test","UBA52","iStar","her2+",0.162485114035078,0.153896976908473
"test","UBA6","iStar","her2+",0.0762844109924841,0.100436166060553
"test","UBAP2L","iStar","her2+",0.14308720170156,0.148717270912997
"test","UBE2W","iStar","her2+",0.106237237833775,0.104491028344982
"test","UBL7","iStar","her2+",-0.00977982354214338,0.0199597968523834
"test","UBR2","iStar","her2+",0.0333839653460843,0.0573501658020083
"test","UBXN1","iStar","her2+",0.0529779749141883,0.0605722071623238
"test","UCK1","iStar","her2+",0.00787359294179372,0.0283929862599751
"test","UFD1L","iStar","her2+",0.0630091017047269,0.0806719205891391
"test","UQCRC1","iStar","her2+",0.11247323429592,0.111037582803357
"test","UXS1","iStar","her2+",0.0392911206626958,0.0445562498463416
"test","UXT","iStar","her2+",0.00605055334625237,0.0284016933590282
"test","VARS","iStar","her2+",0.0180700557449197,0.0315093077321363
"test","VAV1","iStar","her2+",0.0499682537690415,0.0646017682383631
"test","VCAM1","iStar","her2+",0.0595251022080349,0.0609954568034197
"test","VEGFB","iStar","her2+",0.0151348750224252,0.0277056174799586
"test","VIM","iStar","her2+",0.127065165374623,0.0769511897035792
"test","VPS13D","iStar","her2+",0.0251106287894346,0.0511304500638108
"test","VPS45","iStar","her2+",0.0170579249041631,0.0336119531772609
"test","VWF","iStar","her2+",0.0648575296808197,0.0712466714570543
"test","WDFY3","iStar","her2+",0.0644331792326684,0.0722020177034004
"test","WDR13","iStar","her2+",0.0493097786604019,0.0587657565866189
"test","WDR34","iStar","her2+",0.0957679666723544,0.0783540220129782
"test","WDR46","iStar","her2+",0.0930412309260824,0.104747657918242
"test","WDR73","iStar","her2+",0.0429009272058071,0.0585405131754384
"test","WDR74","iStar","her2+",0.0186719417028947,0.0328663241398625
"test","WIPF1","iStar","her2+",0.0970900971773765,0.0993859073441583
"test","XAB2","iStar","her2+",0.0291882531287375,0.0431831657926084
"test","XIAP","iStar","her2+",0.0202702541488952,0.0318978005230932
"test","XPO6","iStar","her2+",0.0826566412299286,0.0968597467444994
"test","YIPF4","iStar","her2+",0.0423907027503668,0.0604027929235901
"test","YTHDC1","iStar","her2+",0.0263269455456115,0.0505906345687298
"test","ZDHHC12","iStar","her2+",0.047845252626256,0.052822678115476
"test","ZFAND3","iStar","her2+",0.10046890595502,0.101952774364125
"test","ZFP36","iStar","her2+",0.00506209591554999,0.0309023774094133
"test","ZFPL1","iStar","her2+",0.0362907797333209,0.0497080862671406
"test","ZFR","iStar","her2+",0.0285523058564418,0.0372551637644762
"test","ZG16B","iStar","her2+",0.0561597535349407,0.0729553823772041
"test","ZMAT5","iStar","her2+",0.0265471908435898,0.0411786049663034
"test","ZMYND19","iStar","her2+",0.103840956682166,0.0950160138401648
"test","ZMYND8","iStar","her2+",0.0628258704311253,0.0790507331867997
"test","ZNF217","iStar","her2+",0.0615111434995459,0.0744673346236463
"test","ZNF337","iStar","her2+",0.0142247383440623,0.0334695904869918
"test","ZNF33B","iStar","her2+",0.0658428587534241,0.0741436647966059
"test","ZNF362","iStar","her2+",0.0245523873758194,0.0340166750658103
"test","ZNF524","iStar","her2+",0.00464348730384227,0.0253180594804807
"test","ZNF592","iStar","her2+",0.0626352376029309,0.0819560636047219
"test","ZNF644","iStar","her2+",0.0755365711193478,0.0917899963513908
"test","ZNF668","iStar","her2+",0.0779103407034373,0.0892675715299554
"test","ZNF771","iStar","her2+",0.0240945388715918,0.0414260511470381
"test","ZNF787","iStar","her2+",0.0428495209085164,0.0512220125135127
"test","ZNF791","iStar","her2+",0.0228674341912153,0.0428152022630301
"test","ZNF83","iStar","her2+",0.0989853903705689,0.0900537146381252
"test","ZNF91","iStar","her2+",0.0349071098027727,0.0490901862106946
"test","ZNRF1","iStar","her2+",0.0408407574153434,0.0626899272462193
"test","ZSWIM8","iStar","her2+",0.0308623278711746,0.0401792301479905
"test","A2M","THItoGene","her2+",0.148773600041935,0.137991283485891
"test","AAMDC","THItoGene","her2+",0.0346591065132005,0.0121633282951106
"test","ABCA3","THItoGene","her2+",0.0447377594162809,0.0116630012819167
"test","ABCA7","THItoGene","her2+",0.0511675224824173,0.0237422276589535
"test","ABCF3","THItoGene","her2+",0.120284582374123,0.0832145389488179
"test","ABHD14A","THItoGene","her2+",0.0381638952435478,0.0131620488272786
"test","ABHD4","THItoGene","her2+",0.0438216949620832,0.0236672052903717
"test","ACAA1","THItoGene","her2+",0.0979496170895776,0.0544144128043256
"test","ACER3","THItoGene","her2+",0.0275011799872493,0.0129972535157404
"test","ADAM15","THItoGene","her2+",0.0378568739635788,0.0366833949455561
"test","ADCY3","THItoGene","her2+",0.0378912723228162,0.0144223981210619
"test","ADI1","THItoGene","her2+",0.109919181601043,0.0819378042023323
"test","AEBP1","THItoGene","her2+",0.0351892160038633,0.0361725941521545
"test","AES","THItoGene","her2+",0.0830273552839638,0.0838432051288294
"test","AGAP2","THItoGene","her2+",0.00852483255667693,0.00575815482016446
"test","AGO2","THItoGene","her2+",0.102790476612005,0.0520354670697632
"test","AGPAT2","THItoGene","her2+",0.0615298158884238,0.0499186344731401
"test","AGR2","THItoGene","her2+",0.130098206156333,0.101488300198166
"test","AHCY","THItoGene","her2+",0.133990313377321,0.0960425436956229
"test","AKAP9","THItoGene","her2+",0.0359836898189035,0.0278686013319639
"test","AKR1A1","THItoGene","her2+",0.131056588555999,0.105300963286648
"test","AKT1S1","THItoGene","her2+",0.057898049416343,0.04912859120247
"test","ALDH16A1","THItoGene","her2+",0.0564175513265238,0.0347953276909467
"test","ALG3","THItoGene","her2+",0.101402690744864,0.0679276048345014
"test","ANGPTL4","THItoGene","her2+",-0.00142420294962768,0.000526333112279319
"test","ANKLE2","THItoGene","her2+",0.101142444805749,0.065498750312998
"test","ANKRD12","THItoGene","her2+",0.0149879649225399,0.0146152001172248
"test","ANKRD28","THItoGene","her2+",0.0779199893470116,0.0313262649439073
"test","ANO10","THItoGene","her2+",0.0326791965983402,0.00561768569062402
"test","AP5B1","THItoGene","her2+",0.0155463730553687,0.00923534841533466
"test","AP5Z1","THItoGene","her2+",0.0809030612695018,0.042181679165737
"test","APBA2","THItoGene","her2+",0.0495855621521566,0.0186679851087403
"test","APBB2","THItoGene","her2+",0.0545212444285405,0.0215116093460618
"test","APOBEC3G","THItoGene","her2+",0.0359619164025584,0.00797911751368587
"test","APOC1","THItoGene","her2+",0.0451143187927348,0.0457919770142561
"test","AQP1","THItoGene","her2+",0.0134932312727311,0.0151607005446596
"test","ARF5","THItoGene","her2+",0.0444543871433694,0.0123228585533274
"test","ARF6","THItoGene","her2+",0.169443863575528,0.0949599942419666
"test","ARFGEF2","THItoGene","her2+",0.0556474879823201,0.0199052962424626
"test","ARHGAP10","THItoGene","her2+",0.0198415942691708,0.0069188308236843
"test","ARHGAP4","THItoGene","her2+",0.0697749383755651,0.0370203043428956
"test","ARHGAP45","THItoGene","her2+",0.0605755454750885,0.0368536036943614
"test","ARHGAP5","THItoGene","her2+",0.018673046725467,0.00806534549734375
"test","ARHGEF10L","THItoGene","her2+",0.0586353431416645,0.0162835330655868
"test","ARHGEF3","THItoGene","her2+",0.0735360135261927,0.0271818046177186
"test","ARHGEF40","THItoGene","her2+",0.0324363361834447,0.00901776849827666
"test","ARID1B","THItoGene","her2+",0.0371762605686763,0.0276439933845083
"test","ARID3A","THItoGene","her2+",-0.000175460263672866,0.00204909704092219
"test","ARID4A","THItoGene","her2+",0.0161406461613344,0.00680162355686405
"test","ARID5A","THItoGene","her2+",0.0338296602015586,0.0314352189182666
"test","ARID5B","THItoGene","her2+",0.0556571420199344,0.0246180325538582
"test","ARNT","THItoGene","her2+",0.107130856246906,0.0435772975508131
"test","ASCL2","THItoGene","her2+",0.0360340485695634,0.0194388327032079
"test","ASH2L","THItoGene","her2+",0.101063581751773,0.0522360024261023
"test","ASL","THItoGene","her2+",0.0499076306160884,0.0268819569287013
"test","ASMTL","THItoGene","her2+",0.0488920228135817,0.0261230693423421
"test","ASNA1","THItoGene","her2+",0.107478701995721,0.0970417018614746
"test","ASNS","THItoGene","her2+",0.0598610004017915,0.0200105653477961
"test","ATAD1","THItoGene","her2+",0.0636151181764517,0.0325428643599762
"test","ATF6B","THItoGene","her2+",0.0595079679897808,0.0255185752550836
"test","ATG12","THItoGene","her2+",0.0964742008933849,0.0570467125515093
"test","ATG16L2","THItoGene","her2+",0.0541946257228822,0.0186621127503982
"test","ATL2","THItoGene","her2+",0.0538665857684335,0.014713431670424
"test","ATP5H","THItoGene","her2+",0.14197470629767,0.0890665552891496
"test","ATP5O","THItoGene","her2+",0.170064691175472,0.13551605182569
"test","ATP6AP1","THItoGene","her2+",0.136132405634777,0.122702456193336
"test","ATP6V0D1","THItoGene","her2+",0.0717089601772352,0.0549537881138286
"test","AURKAIP1","THItoGene","her2+",0.0920545067997178,0.0785459295946889
"test","AVEN","THItoGene","her2+",0.00187128270635859,-0.00221828688743072
"test","BABAM1","THItoGene","her2+",0.116376346764932,0.0893228063684574
"test","BAD","THItoGene","her2+",0.0636222606367149,0.0488098462949394
"test","BAIAP3","THItoGene","her2+",0.0409184784870614,0.0107458789013854
"test","BCAM","THItoGene","her2+",0.105174361497603,0.0736697192158195
"test","BCL2L12","THItoGene","her2+",0.0806824084897675,0.0321299199938816
"test","BGN","THItoGene","her2+",0.0326566617040482,0.0346467124139117
"test","BICDL1","THItoGene","her2+",0.0380607448915894,0.00951561600966664
"test","BIN3","THItoGene","her2+",0.0729593202986507,0.0378182610894676
"test","BIRC2","THItoGene","her2+",0.102426073604269,0.0558876343080762
"test","BOK","THItoGene","her2+",0.0610490216349605,0.0413591807649253
"test","BOLA3","THItoGene","her2+",0.107887194219698,0.0416955643147374
"test","BRD9","THItoGene","her2+",0.105098116607063,0.0747166023784972
"test","BRF1","THItoGene","her2+",0.0637115026048071,0.0397683555294867
"test","BRF2","THItoGene","her2+",0.108617960783735,0.0712265384648827
"test","BRK1","THItoGene","her2+",0.105059980330483,0.0737610580695015
"test","BRPF1","THItoGene","her2+",0.0617139605097113,0.0156892714253194
"test","BSG","THItoGene","her2+",0.0873376029591444,0.0824019676394816
"test","BST2","THItoGene","her2+",0.0151722056361004,0.0253357890390347
"test","BTG1","THItoGene","her2+",0.145273180902715,0.118615598521994
"test","C10orf10","THItoGene","her2+",0.0285105553891992,0.00962672072716887
"test","C10orf54","THItoGene","her2+",-0.025839915373906,-0.0172215966859104
"test","C12orf45","THItoGene","her2+",0.0976409044863254,0.0428512632348726
"test","C15orf61","THItoGene","her2+",0.0813495638032908,0.0241380188384577
"test","C19orf24","THItoGene","her2+",0.0651199987014167,0.047743187300077
"test","C19orf52","THItoGene","her2+",0.0989485866591571,0.0408062158258258
"test","C19orf60","THItoGene","her2+",0.0597375389487067,0.0462170159058015
"test","C1QB","THItoGene","her2+",0.0229079314454939,0.0211516405979693
"test","C1R","THItoGene","her2+",0.0593111282628842,0.0573695848613327
"test","C1S","THItoGene","her2+",0.0777511256281352,0.0518416286077817
"test","C1orf216","THItoGene","her2+",0.0157687869005183,0.00197611743516131
"test","C2","THItoGene","her2+",0.0484707703054334,0.0209797474642255
"test","C2CD2L","THItoGene","her2+",0.0637749413259748,0.0254081735340689
"test","C3","THItoGene","her2+",0.0127356496658107,0.0174287043683409
"test","C4orf48","THItoGene","her2+",0.0516241409728746,0.0439649382536674
"test","C5orf38","THItoGene","her2+",0.0530003957798379,0.0308247921368008
"test","C6orf136","THItoGene","her2+",0.0873758073223161,0.0260185821466524
"test","C6orf48","THItoGene","her2+",0.153985688501088,0.0925429368082815
"test","CADM4","THItoGene","her2+",0.0867391815806541,0.0556376288831794
"test","CALML5","THItoGene","her2+",-0.00458662283086189,0.00118012411955762
"test","CAMTA2","THItoGene","her2+",0.0687005708337537,0.0305799407168311
"test","CAPG","THItoGene","her2+",0.118726387330259,0.098976147607614
"test","CARS2","THItoGene","her2+",0.0769262474307528,0.0431536137912741
"test","CBLC","THItoGene","her2+",0.0161939676554788,0.00631831553819637
"test","CCDC106","THItoGene","her2+",0.0857669222557541,0.0438632443803049
"test","CCDC167","THItoGene","her2+",0.0771955079327956,0.0510322613247741
"test","CCDC57","THItoGene","her2+",0.0491322711707286,0.0304391485274947
"test","CCDC80","THItoGene","her2+",-0.00569347719007672,0.0099554004840849
"test","CCDC88B","THItoGene","her2+",0.0240106792636861,0.0124130283711406
"test","CCL19","THItoGene","her2+",-0.0351284421788269,-0.0125666271489763
"test","CCL2","THItoGene","her2+",0.11329615408587,0.0675813892664008
"test","CCL21","THItoGene","her2+",-0.00702212582089932,-0.00714667689904031
"test","CCM2","THItoGene","her2+",0.0983645368878101,0.0797653412429735
"test","CCNB1IP1","THItoGene","her2+",0.0753289139915732,0.0418496352571809
"test","CCNE2","THItoGene","her2+",0.114326344555114,0.0569153909308753
"test","CCS","THItoGene","her2+",0.105414134312064,0.0669939246352882
"test","CCT4","THItoGene","her2+",0.192957110588261,0.146640059828281
"test","CD14","THItoGene","her2+",0.0342814568037179,0.0282814316171471
"test","CD320","THItoGene","her2+",0.0323153423788993,0.0269660270257108
"test","CD3D","THItoGene","her2+",0.0388424721705624,0.0147579877230981
"test","CD4","THItoGene","her2+",0.0528137086542618,0.0212770389298941
"test","CD52","THItoGene","her2+",0.0189967659179134,0.0169072428462548
"test","CD68","THItoGene","her2+",0.0413217436890812,0.0320585880390266
"test","CD74","THItoGene","her2+",0.0127970244654023,0.0248559857407213
"test","CD79A","THItoGene","her2+",-0.0265349717230278,-0.0161338788269677
"test","CDH11","THItoGene","her2+",0.0040531671725078,-0.00130164503270102
"test","CDK5RAP1","THItoGene","her2+",0.0896038087116403,0.0331733735020132
"test","CEP250","THItoGene","her2+",0.0634914602168515,0.0236043476204169
"test","CERCAM","THItoGene","her2+",0.0455590329834115,0.0245050799109627
"test","CERS5","THItoGene","her2+",0.0616941936784899,0.0302998132406541
"test","CES2","THItoGene","her2+",0.0377280684066215,0.0136899931714472
"test","CFAP36","THItoGene","her2+",0.0535182085691827,0.0189322409520291
"test","CFDP1","THItoGene","her2+",0.110210634308191,0.048186979117163
"test","CGGBP1","THItoGene","her2+",0.0976085905073183,0.0536589744523202
"test","CHCHD6","THItoGene","her2+",0.0623290113335981,0.0332356720511305
"test","CHD1","THItoGene","her2+",0.0679571003596435,0.0284153490199227
"test","CHD6","THItoGene","her2+",0.0463756945905913,0.0252918847734281
"test","CHFR","THItoGene","her2+",0.106991068680415,0.0453004813655557
"test","CHST11","THItoGene","her2+",0.00299746409392611,0.00221145562908301
"test","CIR1","THItoGene","her2+",0.042118272381907,0.0177738252793282
"test","CLASRP","THItoGene","her2+",0.109273961040759,0.0750413545260877
"test","CLDN3","THItoGene","her2+",0.0939226715153537,0.0787841802572959
"test","CLDN4","THItoGene","her2+",0.164206769376195,0.130331369522737
"test","CLU","THItoGene","her2+",0.0403633065407569,0.0368589744505585
"test","CNN2","THItoGene","her2+",0.0729504261339281,0.0692023953759457
"test","COL14A1","THItoGene","her2+",0.0443284336261302,0.0155458698700782
"test","COL3A1","THItoGene","her2+",0.12196353713739,0.0994714724734794
"test","COL4A1","THItoGene","her2+",0.105893301985686,0.0633052896547391
"test","COL6A2","THItoGene","her2+",0.0169208460385098,0.0240304761134206
"test","COL8A2","THItoGene","her2+",0.0163090082765793,-0.000506709029219215
"test","COMMD1","THItoGene","her2+",0.0822531526033719,0.0388380031108512
"test","COMP","THItoGene","her2+",0.0208549091202104,0.00686045430634834
"test","COPS7A","THItoGene","her2+",0.13252250721165,0.0743913710246706
"test","COQ4","THItoGene","her2+",0.087281212874418,0.0583859771687272
"test","CORO1A","THItoGene","her2+",0.0566526323886475,0.0198885035867537
"test","CORO1B","THItoGene","her2+",0.0769186600076325,0.0662034016404426
"test","CORO2A","THItoGene","her2+",0.0899479237072545,0.0342712700463921
"test","CORO7","THItoGene","her2+",0.0754168457534137,0.0489706745235451
"test","COX5A","THItoGene","her2+",0.137956882454233,0.0844926126236973
"test","CPNE1","THItoGene","her2+",0.181478407396983,0.128780319966349
"test","CPSF1","THItoGene","her2+",0.0715666186561827,0.0418983746487197
"test","CPVL","THItoGene","her2+",0.0603938789203936,0.02449424520658
"test","CRABP2","THItoGene","her2+",0.157245368362828,0.124582137188932
"test","CRACR2B","THItoGene","her2+",0.130048186309466,0.109049212991005
"test","CRELD2","THItoGene","her2+",0.120055230023019,0.057499500271161
"test","CROCC","THItoGene","her2+",0.0503209169927357,0.0194041736149687
"test","CSF1","THItoGene","her2+",0.0644608574385875,0.0271199228896502
"test","CSF1R","THItoGene","her2+",0.0286440566666849,0.0180774530252442
"test","CTDSPL","THItoGene","her2+",0.107599722376185,0.067061005571139
"test","CTIF","THItoGene","her2+",0.0648521436889655,0.0348389531075133
"test","CTSK","THItoGene","her2+",0.0864048815811895,0.0541447662227061
"test","CTU2","THItoGene","her2+",0.0231818482652745,0.009712730497901
"test","CUTC","THItoGene","her2+",0.0829893826774986,0.0289717048915979
"test","CUX1","THItoGene","her2+",0.105861298690882,0.0673525207976986
"test","CX3CL1","THItoGene","her2+",-0.0013815547910715,0.00184503012374397
"test","CXCL10","THItoGene","her2+",0.0822696096193405,0.0481874756096415
"test","CXXC5","THItoGene","her2+",0.128407768020808,0.120543398782824
"test","CYP27A1","THItoGene","her2+",0.0324943643025193,0.0138097115322573
"test","DAPK3","THItoGene","her2+",0.0656230265629723,0.054877159556214
"test","DCAF6","THItoGene","her2+",0.120656178967812,0.066991340641951
"test","DCXR","THItoGene","her2+",0.115358141874314,0.0888310997781423
"test","DDAH1","THItoGene","her2+",0.054496868407739,0.0158927620497035
"test","DDB2","THItoGene","her2+",0.0409759327710353,0.017869614899425
"test","DDIT3","THItoGene","her2+",0.0830630738335001,0.0399474152766915
"test","DDRGK1","THItoGene","her2+",0.0651389376408411,0.0496013972777316
"test","DDT","THItoGene","her2+",0.12536744933549,0.0879164553630113
"test","DEAF1","THItoGene","her2+",0.0858897866180645,0.0504516103226303
"test","DENND1A","THItoGene","her2+",0.0269021942967351,0.0111612102797135
"test","DERL3","THItoGene","her2+",0.0208747161193527,0.0139332071393303
"test","DESI1","THItoGene","her2+",0.112313439106521,0.0556997812097573
"test","DHX16","THItoGene","her2+",0.100275521933103,0.0325891921588375
"test","DLG1","THItoGene","her2+",0.0657864790514485,0.0349240799473384
"test","DMAP1","THItoGene","her2+",0.0486391065529491,0.0321765612042627
"test","DNAJB2","THItoGene","her2+",0.110151955055654,0.0974671289477398
"test","DNAJC1","THItoGene","her2+",0.129712732337512,0.0834056810390576
"test","DNAJC7","THItoGene","her2+",0.0871638315723891,0.065398446265915
"test","DOCK6","THItoGene","her2+",0.107382206714976,0.0514222025471814
"test","DPH3","THItoGene","her2+",0.0730679727671967,0.0215961559084018
"test","DPM2","THItoGene","her2+",0.0604808769153197,0.0543625669562334
"test","DPP7","THItoGene","her2+",0.0721562236895109,0.0589379382963566
"test","DPP9","THItoGene","her2+",0.0805920364178882,0.0631652436106739
"test","DPYSL3","THItoGene","her2+",0.111831243084333,0.0811524998355801
"test","DVL1","THItoGene","her2+",0.0918592955571821,0.0489231506500745
"test","EBAG9","THItoGene","her2+",0.0258187745156218,0.00909276114396094
"test","ECHDC2","THItoGene","her2+",0.0349399703011992,0.017829242294536
"test","ECM1","THItoGene","her2+",0.0634463915897464,0.0550860546004165
"test","EFEMP2","THItoGene","her2+",0.0173063583037232,0.0158325209427585
"test","EFHD2","THItoGene","her2+",0.073247251582918,0.0488203823881851
"test","EIF1AD","THItoGene","her2+",0.0902509189387855,0.0297389344552966
"test","EIF3B","THItoGene","her2+",0.0964772446191858,0.0941398898826333
"test","EIF3F","THItoGene","her2+",0.0941139195178453,0.0527970748858589
"test","EIF3G","THItoGene","her2+",0.0702272224139131,0.0638094744655084
"test","ELN","THItoGene","her2+",-0.00664962507709845,0.00595626753381647
"test","ELOF1","THItoGene","her2+",0.0530106171800575,0.0377804127409652
"test","EMC3","THItoGene","her2+",0.094923238639824,0.0544260928054033
"test","ENPP1","THItoGene","her2+",0.0899658262006815,0.0525021990247609
"test","EPHB3","THItoGene","her2+",0.0778846903516183,0.0654807145961589
"test","ERAL1","THItoGene","her2+",0.0993967928580267,0.0409944597642372
"test","ERI3","THItoGene","her2+",0.1066881200085,0.0858334633526602
"test","ERMP1","THItoGene","her2+",0.114961010641114,0.0441697381953035
"test","ETFB","THItoGene","her2+",0.0605159084669593,0.0563041821478144
"test","EVA1B","THItoGene","her2+",0.00778998466896368,0.0117508142242934
"test","EXD3","THItoGene","her2+",0.0508591696460641,0.0178067866299956
"test","EXOC5","THItoGene","her2+",0.119200102774051,0.062113673697563
"test","EXOSC1","THItoGene","her2+",0.135655591094622,0.0640671296437337
"test","EXOSC10","THItoGene","her2+",0.139094824988671,0.092622290598236
"test","EXOSC2","THItoGene","her2+",0.0559912992678192,0.019572398008485
"test","EZH2","THItoGene","her2+",0.157363290453505,0.077659685501032
"test","FAAH","THItoGene","her2+",0.0803959368063614,0.0313679103677269
"test","FADS2","THItoGene","her2+",0.144867978741847,0.131942910684445
"test","FAH","THItoGene","her2+",0.0814319268901709,0.0457148034735348
"test","FAIM2","THItoGene","her2+",0.0409980769342669,0.00898941420597294
"test","FAM102A","THItoGene","her2+",0.15006654162536,0.101448823213907
"test","FAM117A","THItoGene","her2+",0.0805155895638562,0.02847930112623
"test","FAM118A","THItoGene","her2+",0.0579842594369163,0.0166298446566584
"test","FAM160B1","THItoGene","her2+",0.0750351540426471,0.0300927765915844
"test","FAM173A","THItoGene","her2+",0.0933657200180536,0.0723666660085268
"test","FAM193B","THItoGene","her2+",0.126667003637496,0.0883675918883653
"test","FAM213B","THItoGene","her2+",0.0922339470013212,0.0510718301399482
"test","FAM3A","THItoGene","her2+",0.0459570729636391,0.0300525807021282
"test","FAM45A","THItoGene","her2+",0.0553320375617488,0.0179820026031801
"test","FAP","THItoGene","her2+",0.0171896191634747,0.00937534593046303
"test","FARP1","THItoGene","her2+",0.144591605389182,0.116955144404296
"test","FARSB","THItoGene","her2+",0.137116301668961,0.0759646012125653
"test","FASN","THItoGene","her2+",0.203382667233342,0.17685789136252
"test","FBF1","THItoGene","her2+",0.0570063391823621,0.0147643319980974
"test","FBLN2","THItoGene","her2+",0.0782093970531403,0.0463391657894883
"test","FCER1G","THItoGene","her2+",0.0550197502964396,0.0255928148976366
"test","FDPS","THItoGene","her2+",0.140241847076176,0.117336144518825
"test","FGFR1","THItoGene","her2+",0.0538337468362681,0.03210237449512
"test","FKBP10","THItoGene","her2+",0.0497566113812311,0.0333428502073258
"test","FKBP8","THItoGene","her2+",0.0673955508397706,0.0525738594157932
"test","FLNA","THItoGene","her2+",0.0690699193192631,0.0703500116423129
"test","FN1","THItoGene","her2+",0.221418334361512,0.174350399394073
"test","FNBP4","THItoGene","her2+",0.0235621082201275,0.0100500195736571
"test","FOXP4","THItoGene","her2+",0.126829720076898,0.0993133907976565
"test","FSTL1","THItoGene","her2+",0.0736067845487624,0.0411023009035135
"test","FSTL3","THItoGene","her2+",0.0377043295067697,0.0221351351038048
"test","FUOM","THItoGene","her2+",0.0508372729586933,0.0299968536443104
"test","FUS","THItoGene","her2+",0.122026829637438,0.103747518854449
"test","FZD2","THItoGene","her2+",0.00472269716554612,0.000853034043991977
"test","GALK1","THItoGene","her2+",0.0340562466550439,0.0148475176837661
"test","GANAB","THItoGene","her2+",0.113286149916981,0.0992096762064261
"test","GAR1","THItoGene","her2+",0.109956177123199,0.0559403863795689
"test","GAS6","THItoGene","her2+",0.0654809645732836,0.0547495445000758
"test","GATA3","THItoGene","her2+",0.148617699170978,0.125052922342131
"test","GATC","THItoGene","her2+",0.145422590061341,0.107535968570028
"test","GBP1","THItoGene","her2+",0.104017202529461,0.0642184668683938
"test","GBP2","THItoGene","her2+",0.0834089082038401,0.046636260600778
"test","GBP3","THItoGene","her2+",0.115863454969594,0.0555679040068348
"test","GBP4","THItoGene","her2+",0.0324400277826442,0.0115784855100925
"test","GBP5","THItoGene","her2+",0.0696043989084328,0.0243063917453844
"test","GEMIN4","THItoGene","her2+",0.0761743808527369,0.0313973320563593
"test","GLCCI1","THItoGene","her2+",0.07183421945715,0.0299700594183588
"test","GLG1","THItoGene","her2+",0.0739912509670129,0.0501933800337166
"test","GLTSCR2","THItoGene","her2+",0.0458078091178185,0.0417256175124038
"test","GMFG","THItoGene","her2+",0.0263307143020863,0.0116472832540406
"test","GMPPA","THItoGene","her2+",0.0970980295979668,0.0608717961667969
"test","GNAI2","THItoGene","her2+",0.0554513131515649,0.0570963180422917
"test","GNAS","THItoGene","her2+",0.228516856635913,0.21020856355748
"test","GNL2","THItoGene","her2+",0.14068212870132,0.0749909511513023
"test","GPR108","THItoGene","her2+",0.0637631151653954,0.0427842649657527
"test","GPRC5A","THItoGene","her2+",0.14227592599427,0.11565482585548
"test","GPS1","THItoGene","her2+",0.0392028318305482,0.0339928383796759
"test","GPSM1","THItoGene","her2+",0.0695027314853593,0.0349368936018779
"test","GPX3","THItoGene","her2+",-0.00294659253043383,-0.00596565490424843
"test","GRK3","THItoGene","her2+",0.01568644528655,0.00707182033829487
"test","GSK3A","THItoGene","her2+",0.0985523605461193,0.064984789861822
"test","GSTM3","THItoGene","her2+",0.0921099677649049,0.0624604356443823
"test","GYPC","THItoGene","her2+",-0.00547645078804432,-0.000194762674606804
"test","HAGHL","THItoGene","her2+",0.0518831014052514,0.0302502122699334
"test","HCFC1R1","THItoGene","her2+",0.0518871124631359,0.0468401982917196
"test","HCST","THItoGene","her2+",0.0608061026481859,0.0364567692218383
"test","HDAC5","THItoGene","her2+",0.0566536211900198,0.0342031209645146
"test","HDAC6","THItoGene","her2+",0.0509382234536172,0.0206796717832807
"test","HELZ2","THItoGene","her2+",0.090983679998616,0.0666671063606894
"test","HES1","THItoGene","her2+",0.0988884350720204,0.0639568212280817
"test","HLA.B","THItoGene","her2+",-0.0408987390713952,-0.0231980946291889
"test","HLA.DMA","THItoGene","her2+",0.000137718287490487,0.00241768533579653
"test","HLA.DMB","THItoGene","her2+",0.0801167235412677,0.0443582259549364
"test","HLA.DOA","THItoGene","her2+",0.0542345291383621,0.018770710283084
"test","HLA.DPA1","THItoGene","her2+",0.0423947099597784,0.0376876028455554
"test","HLA.DPB1","THItoGene","her2+",0.0565193409455561,0.0423076405540096
"test","HLA.DRA","THItoGene","her2+",0.1178500310654,0.111752963751245
"test","HLA.DRB1","THItoGene","her2+",0.0665790654194911,0.0553148715958801
"test","HMGB2","THItoGene","her2+",0.176423902905163,0.113004049276343
"test","HNRNPUL2","THItoGene","her2+",0.141719978424946,0.12172085958129
"test","HOOK3","THItoGene","her2+",0.0137911722765463,0.00903138385540474
"test","HPS6","THItoGene","her2+",0.0279146959030221,0.00634834140263101
"test","HSD17B1","THItoGene","her2+",0.0415448227687828,0.0279103686205601
"test","HSPA4","THItoGene","her2+",0.111257911710098,0.0675314399107713
"test","HSPB1","THItoGene","her2+",0.121766096094113,0.120110341699647
"test","HSPB11","THItoGene","her2+",0.111378277101377,0.0424687676131251
"test","HYI","THItoGene","her2+",0.0447640858069469,0.0252668747162708
"test","IDH3G","THItoGene","her2+",0.0598424130896767,0.0333693793118739
"test","IDUA","THItoGene","her2+",0.00816810883622783,0.00407185775693826
"test","IER5L","THItoGene","her2+",0.0731057858439512,0.0649265779835952
"test","IFI27","THItoGene","her2+",0.0673272427481224,0.0647988694555698
"test","IFI27L1","THItoGene","her2+",0.0563931673175532,0.0125310500863535
"test","IFI44L","THItoGene","her2+",0.0101083347534473,0.00894452286570066
"test","IGFBP2","THItoGene","her2+",0.0691445569555258,0.0591806010019537
"test","IGFBP4","THItoGene","her2+",0.0831115040014597,0.0788642585749742
"test","IGHA1","THItoGene","her2+",0.0457892533887897,0.0485523219654106
"test","IGHG3","THItoGene","her2+",-0.0859790101174166,-0.0608106445830309
"test","IGHG4","THItoGene","her2+",-0.0425070491716192,-0.0380326787227672
"test","IGHM","THItoGene","her2+",0.0296246939131639,0.0299302362617985
"test","IGKC","THItoGene","her2+",0.02078357543729,0.0295710406490102
"test","IGLC2","THItoGene","her2+",0.0167172309303945,0.031692648309262
"test","IGLC3","THItoGene","her2+",-0.0483278934579381,-0.0204117735876734
"test","IGLC7","THItoGene","her2+",-0.0273493364737772,-0.0211139437734516
"test","IKZF3","THItoGene","her2+",0.0429667649219389,0.0255379646460332
"test","IL10RA","THItoGene","her2+",0.0282546142021941,0.0105319848822109
"test","ILKAP","THItoGene","her2+",0.066860126839686,0.0326416022476199
"test","INAFM1","THItoGene","her2+",0.0320535355141343,0.0165453031959887
"test","INPP4B","THItoGene","her2+",0.0489874271366815,0.0198227643635721
"test","INPP5D","THItoGene","her2+",0.0373980601449242,0.0191656921262005
"test","INPP5J","THItoGene","her2+",0.0819883080795491,0.0268876147284384
"test","INTS8","THItoGene","her2+",0.14361716307015,0.0796526907486683
"test","ISG15","THItoGene","her2+",0.00829149782059376,0.0102039238402804
"test","ISLR","THItoGene","her2+",0.020128616541736,0.0150529746183823
"test","ITGA5","THItoGene","her2+",0.0628006735780214,0.0359313222166703
"test","ITGB4","THItoGene","her2+",0.0620289820856926,0.0441910288605628
"test","ITGB6","THItoGene","her2+",0.169161966760069,0.113384242627074
"test","ITSN1","THItoGene","her2+",0.0417471284203742,0.0117491785660293
"test","JAG2","THItoGene","her2+",0.0669822470352352,0.0340252807928533
"test","JAK1","THItoGene","her2+",0.069854126242224,0.0315386538363776
"test","JAK3","THItoGene","her2+",-0.00350936502178414,0.00445279903379715
"test","JCHAIN","THItoGene","her2+",0.0268593775152791,0.0311851885108703
"test","JMJD6","THItoGene","her2+",0.0804493207568495,0.0383930565534725
"test","KAT6B","THItoGene","her2+",0.0474739796357744,0.0217613485989384
"test","KATNA1","THItoGene","her2+",0.07749896578307,0.0244772046908193
"test","KCNAB2","THItoGene","her2+",0.0302508486743296,0.0119261027651057
"test","KCTD10","THItoGene","her2+",0.0905531469793481,0.0479105657267965
"test","KDM4B","THItoGene","her2+",0.119427707758076,0.0963430414210072
"test","KIAA0895L","THItoGene","her2+",0.0848391851681528,0.0238675825341307
"test","KIAA1211L","THItoGene","her2+",0.0581751737847099,0.0141311616427256
"test","KIAA1217","THItoGene","her2+",0.0862424606372966,0.0454241130060671
"test","KIAA1468","THItoGene","her2+",0.0845042759362951,0.031429782661731
"test","KIAA1715","THItoGene","her2+",0.0337772493496859,0.0105377397998476
"test","KIF13B","THItoGene","her2+",0.0546212821736828,0.0140475993428024
"test","KLF9","THItoGene","her2+",0.0460466259424347,0.013944848710705
"test","KMT2B","THItoGene","her2+",0.124903173368538,0.0915015181559178
"test","KMT2E","THItoGene","her2+",0.0446898714331327,0.0253603294185451
"test","KPNB1","THItoGene","her2+",0.09714992454354,0.0619777825464122
"test","KRAS","THItoGene","her2+",0.11792942501756,0.0595939918301063
"test","KRT10","THItoGene","her2+",0.151983540525095,0.0869828955969524
"test","KRT17","THItoGene","her2+",-0.00479908390370808,0.00393733487001293
"test","KRT8","THItoGene","her2+",0.131948484059601,0.103700275577227
"test","KRT86","THItoGene","her2+",-0.0075708474002008,-0.0172078134768731
"test","LAMB2","THItoGene","her2+",0.0917973486310683,0.0697030986305287
"test","LAMTOR2","THItoGene","her2+",0.141644960172851,0.111137045748673
"test","LANCL1","THItoGene","her2+",0.0519498507969734,0.0163243295889406
"test","LARP1B","THItoGene","her2+",0.0439762199452404,0.00867791733235129
"test","LARP7","THItoGene","her2+",0.0186637250468243,0.000287413141033766
"test","LCK","THItoGene","her2+",0.0278304416738964,0.0132563439953278
"test","LCP1","THItoGene","her2+",0.00627563800605126,-0.00445752267277281
"test","LGALS1","THItoGene","her2+",-0.00829357718124422,0.00370660052651025
"test","LIMCH1","THItoGene","her2+",0.0785672647020448,0.036757482692121
"test","LIMK1","THItoGene","her2+",0.0773359465454157,0.0539676553385973
"test","LINC00176","THItoGene","her2+",0.0572369013224128,0.0335322954393291
"test","LINGO1","THItoGene","her2+",0.0478209454518103,0.0138926497928203
"test","LLGL1","THItoGene","her2+",0.0747677769289633,0.0257965821742774
"test","LMF1","THItoGene","her2+",0.0283813835290971,0.00875749579625714
"test","LMNA","THItoGene","her2+",0.0253733156434122,0.0333489506585348
"test","LRRC8A","THItoGene","her2+",0.0564114413888074,0.0292952708390366
"test","LRWD1","THItoGene","her2+",0.0645234147811747,0.022025903835463
"test","LST1","THItoGene","her2+",0.0171013464283853,0.0123593992148041
"test","LTB4R","THItoGene","her2+",0.0723002377678548,0.0315437823963008
"test","LTBP3","THItoGene","her2+",0.0319471769149306,0.0307270560669882
"test","LTF","THItoGene","her2+",0.0486998644299498,0.046115995584422
"test","LUC7L","THItoGene","her2+",0.0812297178993236,0.0407910149142214
"test","LUC7L3","THItoGene","her2+",0.125589932465831,0.102036955698933
"test","LUM","THItoGene","her2+",0.111912176478424,0.0847249266606329
"test","LYL1","THItoGene","her2+",0.0151095881025444,0.00570974442190971
"test","MAGEF1","THItoGene","her2+",0.141139701540912,0.0754500196744224
"test","MAGI1","THItoGene","her2+",0.0232340758979199,0.0107862463933988
"test","MAGOHB","THItoGene","her2+",0.108782767416243,0.0421492174215023
"test","MAP1S","THItoGene","her2+",0.0290739314787687,0.00865650408106606
"test","MAP3K14","THItoGene","her2+",0.00310238523468398,0.00334030594442778
"test","MAP3K6","THItoGene","her2+",0.0461683586907174,0.026644146476168
"test","MAP4K2","THItoGene","her2+",0.0611848288663207,0.023870467303991
"test","MAPK9","THItoGene","her2+",0.0625503329351316,0.0160881292561688
"test","MAPKAPK5","THItoGene","her2+",0.0760961562000888,0.0310735284101675
"test","MARS","THItoGene","her2+",0.164057765946589,0.114172410223561
"test","MAVS","THItoGene","her2+",0.0757231989374264,0.0524674569253628
"test","MCTS1","THItoGene","her2+",0.0965319174328149,0.0578706510904745
"test","MED13L","THItoGene","her2+",0.0699239028541188,0.029083607362378
"test","MED25","THItoGene","her2+",0.105408343734124,0.07737105758278
"test","MEN1","THItoGene","her2+",0.0689060556704054,0.0238479474394996
"test","METTL12","THItoGene","her2+",0.105367506660357,0.0503110304513897
"test","METTL16","THItoGene","her2+",0.0437902268429516,0.0159981236402249
"test","MFAP4","THItoGene","her2+",-0.0122763618005981,-0.00466646027352932
"test","MFSD3","THItoGene","her2+",0.0598547416083703,0.0277844309032147
"test","MFSD7","THItoGene","her2+",0.0420159747814576,0.0202188378436148
"test","MGMT","THItoGene","her2+",0.0328824209736438,0.0211537818595225
"test","MGP","THItoGene","her2+",0.0894128719869027,0.0836292797631719
"test","MIB2","THItoGene","her2+",0.070842148001902,0.0331292714301399
"test","MICAL1","THItoGene","her2+",0.0257903731868147,0.0167833167410085
"test","MICALL2","THItoGene","her2+",0.0774430101076605,0.0456662938792704
"test","MID1IP1","THItoGene","her2+",0.16357743419447,0.102163538130105
"test","MIF","THItoGene","her2+",0.0389123362798777,0.0109115345122546
"test","MIIP","THItoGene","her2+",0.0672727793162674,0.036569892518749
"test","MKNK1","THItoGene","her2+",0.0753329188121082,0.0351158447082999
"test","MLLT4","THItoGene","her2+",0.0875817691500793,0.0368304594867773
"test","MLST8","THItoGene","her2+",0.0791058223267257,0.0667501582674919
"test","MMP9","THItoGene","her2+",0.00975291577092438,0.00820842732179465
"test","MORC2","THItoGene","her2+",0.109172453728735,0.0596092451891016
"test","MPND","THItoGene","her2+",0.0531624814715473,0.0290601355271532
"test","MPST","THItoGene","her2+",0.0992697754614126,0.0769736767816057
"test","MRPL2","THItoGene","her2+",0.0585162891807136,0.0225612284918391
"test","MRPL21","THItoGene","her2+",0.162799676283923,0.0969131303050489
"test","MRPL23","THItoGene","her2+",0.0413871068596632,0.0200929275032728
"test","MRPL51","THItoGene","her2+",0.173842059432782,0.136611484392521
"test","MRPL54","THItoGene","her2+",0.0535396936106671,0.0377154988571461
"test","MRPS22","THItoGene","her2+",0.0928558315022395,0.0370068752819861
"test","MS4A6A","THItoGene","her2+",0.0329428035874737,0.0200026103339449
"test","MST1R","THItoGene","her2+",0.103629166694947,0.0486952010161588
"test","MTG2","THItoGene","her2+",0.0824520308561041,0.0371478999715776
"test","MTMR12","THItoGene","her2+",0.0963018932274775,0.0493240686334645
"test","MUC1","THItoGene","her2+",0.0644162814678973,0.071697736494902
"test","MUCL1","THItoGene","her2+",0.128696042472946,0.0695719112866871
"test","MUS81","THItoGene","her2+",0.139409924042763,0.0930840636990059
"test","MVP","THItoGene","her2+",0.0780782205321733,0.073102257591349
"test","MX2","THItoGene","her2+",0.0468874634698409,0.0172971017308654
"test","MYH10","THItoGene","her2+",0.0269370810148492,0.00625233979699555
"test","MYL12B","THItoGene","her2+",0.223877130525541,0.180086059276672
"test","MYL6B","THItoGene","her2+",0.0609712919928283,0.0296446566597665
"test","MYL9","THItoGene","her2+",0.0128499127548618,0.0219807049326387
"test","MYO1G","THItoGene","her2+",0.0181972466457911,0.00690476997412427
"test","MYO9B","THItoGene","her2+",0.0786074325758677,0.0557553348071202
"test","MZT2A","THItoGene","her2+",0.128069949298283,0.12021254504477
"test","NAA10","THItoGene","her2+",0.0904016376361683,0.0663132855906033
"test","NANS","THItoGene","her2+",0.0960378033114009,0.067418380743179
"test","NCKAP1L","THItoGene","her2+",-0.00272976884577097,0.00310388659157573
"test","NCKAP5L","THItoGene","her2+",0.0149391697670859,0.00592115011436917
"test","NDRG1","THItoGene","her2+",0.116357601034976,0.0873067955106968
"test","NDUFA1","THItoGene","her2+",0.165329847964862,0.129942266358189
"test","NDUFA12","THItoGene","her2+",0.144562908786395,0.0740633782110083
"test","NDUFB2","THItoGene","her2+",0.210525382036408,0.173018592233339
"test","NDUFB3","THItoGene","her2+",0.185180958656694,0.099254993620991
"test","NDUFB9","THItoGene","her2+",0.124300908208514,0.113876228457174
"test","NDUFC1","THItoGene","her2+",0.139108230764949,0.0803624257185224
"test","NDUFS1","THItoGene","her2+",0.132593530995235,0.0684845917685342
"test","NDUFV3","THItoGene","her2+",0.0963680457232793,0.0598455667241477
"test","NEBL","THItoGene","her2+",0.116793180822339,0.0481738376022525
"test","NEK7","THItoGene","her2+",0.0653418730807453,0.0295542932354965
"test","NELFE","THItoGene","her2+",0.0693688260522727,0.0517849764801333
"test","NFATC4","THItoGene","her2+",0.0758635142061278,0.0451323303828584
"test","NFIC","THItoGene","her2+",0.0901343697098675,0.0762653492589717
"test","NINJ1","THItoGene","her2+",0.0819781094769547,0.0799983071116379
"test","NIT2","THItoGene","her2+",0.143342840766402,0.082569690924811
"test","NMRAL1","THItoGene","her2+",0.0684563850354545,0.0504185129390461
"test","NR1H2","THItoGene","her2+",0.0491469619383222,0.0265030717918488
"test","NR4A1","THItoGene","her2+",0.126751423966416,0.084315442234433
"test","NRP1","THItoGene","her2+",0.0450316297231287,0.016672607976577
"test","NSMCE1","THItoGene","her2+",0.0753442277642875,0.0525397375315974
"test","NTMT1","THItoGene","her2+",0.0227037030182505,0.0105397037727022
"test","NUP214","THItoGene","her2+",0.066994440939606,0.0301448701581296
"test","NUP93","THItoGene","her2+",0.104432470895655,0.0426279474643552
"test","NXN","THItoGene","her2+",0.0393662311156425,0.021514758145561
"test","OASL","THItoGene","her2+",0.0628306717463307,0.0293347148755011
"test","OGFRL1","THItoGene","her2+",0.0449936730092525,0.0188860570361387
"test","OPTN","THItoGene","her2+",0.0294028805369164,0.0143299176657909
"test","ORC2","THItoGene","her2+",0.0674132655609647,0.0239887601625588
"test","OSBPL8","THItoGene","her2+",0.0283179455737369,0.0135478725855919
"test","P4HA2","THItoGene","her2+",0.0453227739104328,0.0104862427253535
"test","PAF1","THItoGene","her2+",0.0157756378357956,0.0107853716017125
"test","PAFAH1B3","THItoGene","her2+",0.077630303641638,0.0540573591279976
"test","PAQR4","THItoGene","her2+",0.0981158297852572,0.0653368691858028
"test","PARN","THItoGene","her2+",0.108628543250274,0.0367483313625303
"test","PCCB","THItoGene","her2+",0.118329426502098,0.0670430421576919
"test","PCIF1","THItoGene","her2+",0.0823371011755874,0.0352224952956499
"test","PDCD5","THItoGene","her2+",0.152494351791934,0.0810069138442581
"test","PDGFRA","THItoGene","her2+",0.0055092122650405,0.00922418389296445
"test","PDGFRB","THItoGene","her2+",0.11186640887095,0.0716061007575534
"test","PER1","THItoGene","her2+",0.0591906698646727,0.0299874526644394
"test","PEX11G","THItoGene","her2+",0.0440628402298188,0.00811982794180559
"test","PEX14","THItoGene","her2+",0.0247138160990315,0.00656122641841182
"test","PGLS","THItoGene","her2+",0.0566664196928902,0.0473656395691811
"test","PHF11","THItoGene","her2+",0.0256966070229271,0.0136267168522812
"test","PHF13","THItoGene","her2+",0.0870513834476943,0.0262090241191505
"test","PHF21A","THItoGene","her2+",0.052942982802929,0.0204800457844885
"test","PHKB","THItoGene","her2+",0.107099713202815,0.0540129618293527
"test","PIGQ","THItoGene","her2+",0.109537764515927,0.0838162415967934
"test","PIH1D1","THItoGene","her2+",0.0602721212468087,0.0361242136346408
"test","PILRA","THItoGene","her2+",0.00951981969252837,0.0111472860030837
"test","PIM2","THItoGene","her2+",0.0860995320995016,0.0468903280174268
"test","PITX1","THItoGene","her2+",0.0706943435509882,0.0378501770597405
"test","PKNOX1","THItoGene","her2+",0.0696410746956393,0.0202905795072057
"test","PLAC9","THItoGene","her2+",0.0103807361204708,0.00498023868521976
"test","PLEKHO2","THItoGene","her2+",0.0431830097968968,0.0224698228631581
"test","PLIN2","THItoGene","her2+",0.0138310574754355,0.00100744467121576
"test","PLK1","THItoGene","her2+",0.117313489557954,0.0580979112487101
"test","PLK2","THItoGene","her2+",0.0867770390727893,0.0356099527458811
"test","PLLP","THItoGene","her2+",0.099881879568305,0.0405225355953048
"test","PLP2","THItoGene","her2+",0.106684578034075,0.0781596689005493
"test","PLPPR2","THItoGene","her2+",0.0956745949531453,0.0704981892837449
"test","PLSCR1","THItoGene","her2+",0.0727687425000905,0.028518395698417
"test","PLTP","THItoGene","her2+",0.0850435650632659,0.0577605971729544
"test","PLVAP","THItoGene","her2+",0.0367867456620834,0.0298568308341252
"test","PLXNA1","THItoGene","her2+",0.125683475494129,0.0697816386080327
"test","PLXND1","THItoGene","her2+",0.0837219727386617,0.0771968141033772
"test","PMP22","THItoGene","her2+",0.114481632076024,0.0630214798085589
"test","PNISR","THItoGene","her2+",0.0335587401397979,0.0185074541623104
"test","PNMT","THItoGene","her2+",0.106177439681193,0.0779776382407663
"test","PNP","THItoGene","her2+",0.0899375445252237,0.0397189650315045
"test","PNPLA6","THItoGene","her2+",0.0804737663757106,0.0503226029662219
"test","PODNL1","THItoGene","her2+",0.0362846318474335,0.0120357131001466
"test","PODXL","THItoGene","her2+",0.0493510819903517,0.0154440274763497
"test","POLR2E","THItoGene","her2+",0.0996278866567838,0.0849352985195981
"test","POLR2J","THItoGene","her2+",0.100267728372501,0.0838487130377718
"test","POR","THItoGene","her2+",0.115782322453779,0.0896560962415595
"test","POSTN","THItoGene","her2+",0.137704303570439,0.100167900366768
"test","PPHLN1","THItoGene","her2+",0.0961141673521238,0.0461689298627349
"test","PPIB","THItoGene","her2+",0.0473904478165632,0.037132251398946
"test","PPIH","THItoGene","her2+",0.12006233095378,0.0618352316304462
"test","PPM1G","THItoGene","her2+",0.128652472555162,0.0936568264781749
"test","PPP1R1A","THItoGene","her2+",0.0114353752479717,0.0153736234833843
"test","PPP1R1B","THItoGene","her2+",0.0328492341371216,0.0237398623638633
"test","PPP1R37","THItoGene","her2+",0.0497342326530494,0.0277442518051813
"test","PRKAB1","THItoGene","her2+",0.141697085802842,0.0827313161713022
"test","PRKCSH","THItoGene","her2+",0.122495720836922,0.115181182140508
"test","PROSER1","THItoGene","her2+",0.0487957748664279,0.0121110550718843
"test","PRPF6","THItoGene","her2+",0.0856131677804353,0.0630533994644337
"test","PRPSAP1","THItoGene","her2+",0.0846677095305908,0.0387472642284466
"test","PSCA","THItoGene","her2+",0.0052337889001304,0.00157069750204169
"test","PSMD4","THItoGene","her2+",0.113822570876057,0.0738139066622042
"test","PSTPIP1","THItoGene","her2+",0.00276707380486969,0.00135110796807052
"test","PTGDS","THItoGene","her2+",-0.0645158446907727,-0.0413650766284475
"test","PTOV1","THItoGene","her2+",0.103778272726069,0.0950825757772048
"test","PTP4A3","THItoGene","her2+",0.0380967271104525,0.0245818738232767
"test","PTPRC","THItoGene","her2+",0.0210134027932772,0.00873519372126503
"test","PTPRJ","THItoGene","her2+",0.0787106214442837,0.0292987183279787
"test","PTRF","THItoGene","her2+",0.0530433044759696,0.0555945962142937
"test","PTRH1","THItoGene","her2+",0.0322143552606041,0.0121313517194721
"test","PUS3","THItoGene","her2+",0.0466639171585325,0.0153811366956369
"test","PWP1","THItoGene","her2+",0.0998509718641175,0.0485961640696396
"test","PWWP2B","THItoGene","her2+",0.083170398387726,0.0646688174790308
"test","PXDN","THItoGene","her2+",0.111239840865409,0.0808945784588773
"test","PYURF","THItoGene","her2+",0.0891991546170459,0.0378735616623963
"test","QSOX1","THItoGene","her2+",0.0952889440580173,0.0808312882223704
"test","R3HDM2","THItoGene","her2+",0.111860501160768,0.0491234658307005
"test","RAB11FIP1","THItoGene","her2+",0.144387425201792,0.0941527980241723
"test","RAB3A","THItoGene","her2+",0.0514943521457227,0.0146019127438174
"test","RAB3GAP1","THItoGene","her2+",0.118718265523477,0.071300639242436
"test","RAB3IL1","THItoGene","her2+",0.0196990750122804,0.00858490294316083
"test","RABGAP1L","THItoGene","her2+",0.0507157321343149,0.0195819641783432
"test","RALBP1","THItoGene","her2+",0.0349992487791766,0.0127849835923366
"test","RALGAPA2","THItoGene","her2+",0.0443251736696912,0.0201428040437036
"test","RAMP2","THItoGene","her2+",0.00891287317930536,0.00662892011433955
"test","RAP1B","THItoGene","her2+",0.0416318137040542,0.0134687388899273
"test","RARS2","THItoGene","her2+",0.0195511511033369,0.00998324327916375
"test","RASA2","THItoGene","her2+",0.0321842149599734,0.0104726589670471
"test","RASGRP2","THItoGene","her2+",-0.00697810501446867,-0.000929037537852635
"test","RASSF3","THItoGene","her2+",0.0425031066986931,0.0202395370796167
"test","RBL1","THItoGene","her2+",0.0437683011108236,0.0179014651396598
"test","RBM42","THItoGene","her2+",0.109183716981572,0.0761151104117564
"test","RECQL4","THItoGene","her2+",0.0798689656778993,0.0337076975481912
"test","RECQL5","THItoGene","her2+",0.0746083057656739,0.0406639299606347
"test","REEP6","THItoGene","her2+",0.0614388810263909,0.034345026365466
"test","RGS1","THItoGene","her2+",0.0510847744808017,0.0176507772269759
"test","RHOB","THItoGene","her2+",0.210402518534483,0.176099655672145
"test","RIOK1","THItoGene","her2+",0.0402138792865996,0.0166830175044902
"test","RMND1","THItoGene","her2+",0.050974914677713,0.0186082766933942
"test","RNASET2","THItoGene","her2+",0.129792108345911,0.109484536111445
"test","RND3","THItoGene","her2+",0.0686123010823157,0.0240300752541889
"test","RNF135","THItoGene","her2+",0.12217515954899,0.0469960801556641
"test","RNF170","THItoGene","her2+",0.0336754641562354,0.0140765518777947
"test","RRAS","THItoGene","her2+",0.0662891175293024,0.0421201394811814
"test","RSL1D1","THItoGene","her2+",0.111453014632817,0.09448197418676
"test","RSRP1","THItoGene","her2+",0.0586979419169254,0.0381923788158491
"test","RUVBL1","THItoGene","her2+",0.126308288050124,0.06035252648977
"test","S100A14","THItoGene","her2+",0.0961295391059964,0.0765643501152172
"test","S100A9","THItoGene","her2+",0.0057837280054833,0.0162061317699357
"test","SAMM50","THItoGene","her2+",0.101137284370279,0.0627255198509671
"test","SASH1","THItoGene","her2+",0.0267119773601953,0.0128566532759982
"test","SAT1","THItoGene","her2+",0.100984051766165,0.0844674560312257
"test","SCAF1","THItoGene","her2+",0.0606900375497907,0.0403780799983039
"test","SCD","THItoGene","her2+",0.212362643775714,0.165151685037772
"test","SCNN1D","THItoGene","her2+",0.0441064327061439,0.0131334378544267
"test","SCX","THItoGene","her2+",0.0798658363198963,0.0398642101265302
"test","SDHB","THItoGene","her2+",0.136845462924922,0.0638315902895238
"test","SEC14L2","THItoGene","her2+",0.053304145443522,0.034419527978241
"test","SEC23A","THItoGene","her2+",0.0543084418766486,0.0205325778942613
"test","SEMA3B","THItoGene","her2+",0.056600869018171,0.0330849040601848
"test","SEMA4B","THItoGene","her2+",0.129747857789337,0.0623316130291112
"test","SF3B4","THItoGene","her2+",0.09284472822483,0.0555077672508001
"test","SFSWAP","THItoGene","her2+",0.0820216024236052,0.0393428392996242
"test","SGTA","THItoGene","her2+",0.0612554411068344,0.0534008400173418
"test","SH3BP5L","THItoGene","her2+",0.0684030138664788,0.0281419418249906
"test","SIGLEC1","THItoGene","her2+",0.0345144706169571,0.0168930404591254
"test","SIGMAR1","THItoGene","her2+",0.123252742364942,0.0643511200575509
"test","SLC16A2","THItoGene","her2+",0.0381552238752269,0.0101238900864446
"test","SLC16A3","THItoGene","her2+",0.0402389308185852,0.0196439832875691
"test","SLC22A18","THItoGene","her2+",0.0709549381154166,0.0304528641680053
"test","SLC25A24","THItoGene","her2+",0.103597489726816,0.0434748376072962
"test","SLC2A1","THItoGene","her2+",0.0919740898841479,0.0416120368913095
"test","SLC2A8","THItoGene","her2+",0.0775905823944409,0.0293458541995517
"test","SLC35A2","THItoGene","her2+",0.132153874002123,0.0800142559749507
"test","SLC43A1","THItoGene","her2+",0.00677745810181506,0.00288667929423898
"test","SLC4A5","THItoGene","her2+",0.0945642452451027,0.0314402571994907
"test","SLC8B1","THItoGene","her2+",0.0725486633353294,0.0386891439848868
"test","SLC9A3R2","THItoGene","her2+",0.0591663696571613,0.0348161554740792
"test","SLC9A8","THItoGene","her2+",0.0519483559640048,0.0143723529327657
"test","SLFN13","THItoGene","her2+",0.0487569214303747,0.0127435595203941
"test","SLPI","THItoGene","her2+",0.0365111045706074,0.0156140226035412
"test","SMCHD1","THItoGene","her2+",0.0450270790646013,0.0223510612306415
"test","SMG9","THItoGene","her2+",0.0855477716686607,0.0401430400820841
"test","SMYD2","THItoGene","her2+",0.0975487327801736,0.037320865642225
"test","SNAPC3","THItoGene","her2+",0.0680618792051958,0.0193075517904832
"test","SNF8","THItoGene","her2+",0.0697884806059351,0.063461857366573
"test","SNRPD3","THItoGene","her2+",0.147292676512275,0.0865338526448282
"test","SNTA1","THItoGene","her2+",0.0566813157568369,0.0185443464617767
"test","SNX33","THItoGene","her2+",0.0500973547997736,0.0183876940636203
"test","SNX8","THItoGene","her2+",0.0557194163295916,0.0227012374751277
"test","SOD3","THItoGene","her2+",0.0378351673029467,0.0218845606979807
"test","SOS2","THItoGene","her2+",0.0337629076293495,0.0121413086667411
"test","SOX4","THItoGene","her2+",0.0811374547066823,0.0781757281964424
"test","SP6","THItoGene","her2+",0.0492994501913642,0.0292483127302951
"test","SPAG9","THItoGene","her2+",0.05856187080109,0.0325705721829645
"test","SPARC","THItoGene","her2+",0.127665140546634,0.108220315762292
"test","SPIN1","THItoGene","her2+",0.100140837964932,0.0474245967330309
"test","SPSB1","THItoGene","her2+",0.0539558691665095,0.0195900034372953
"test","SRGN","THItoGene","her2+",0.0724500337259132,0.0421601344073625
"test","SRPX2","THItoGene","her2+",0.0434846459525201,0.0140223942119727
"test","SRR","THItoGene","her2+",0.106496887871911,0.0444860587980833
"test","SRRT","THItoGene","her2+",0.13717897098989,0.089026427986503
"test","SRSF1","THItoGene","her2+",0.165228216200674,0.114705005015064
"test","SRSF5","THItoGene","her2+",0.160524390130602,0.135293578041837
"test","SSSCA1","THItoGene","her2+",0.0571010217237839,0.0312141667228341
"test","STAMBP","THItoGene","her2+",0.0913224218606211,0.0356351561824678
"test","STAT5A","THItoGene","her2+",0.0189322008883539,0.0102878550219102
"test","STK17A","THItoGene","her2+",0.0118350546251009,0.00930614283034613
"test","STK4","THItoGene","her2+",0.0351494150158273,0.0108231179343163
"test","STMN1","THItoGene","her2+",0.18066094550394,0.149358021626367
"test","STRN3","THItoGene","her2+",0.0553706170716261,0.0207445777190909
"test","STT3A","THItoGene","her2+",0.0884723574246467,0.0482121175718106
"test","SUGP1","THItoGene","her2+",0.0552153494291994,0.0138100219745922
"test","SURF1","THItoGene","her2+",0.0291453384020174,0.010953621370849
"test","SVIL","THItoGene","her2+",0.0247956898417043,0.00942337371149717
"test","SYDE1","THItoGene","her2+",0.0283448406411088,0.00941737591745319
"test","SYK","THItoGene","her2+",0.0536299307690169,0.0227496592144897
"test","TACC3","THItoGene","her2+",0.106398335139338,0.0500634300591765
"test","TANC2","THItoGene","her2+",0.137360220481605,0.079845209269183
"test","TARBP1","THItoGene","her2+",0.102143349538082,0.0410948649946319
"test","TAX1BP1","THItoGene","her2+",0.118583128485558,0.0696600721825185
"test","TAX1BP3","THItoGene","her2+",0.089082973827749,0.0467631373141046
"test","TBC1D10A","THItoGene","her2+",0.0621852215838546,0.0318162415182
"test","TBC1D23","THItoGene","her2+",0.109489595105116,0.0523289478946395
"test","TBCA","THItoGene","her2+",0.0965193511700038,0.0460277464072021
"test","TBXAS1","THItoGene","her2+",0.0539460447941932,0.027261927254556
"test","TCEA2","THItoGene","her2+",0.0798383156936247,0.0319593548959733
"test","TCEA3","THItoGene","her2+",0.136570014312617,0.0929599224315556
"test","TCF25","THItoGene","her2+",0.0789753118752495,0.0662628008614705
"test","TDRD3","THItoGene","her2+",0.0530978610571275,0.0127016039863727
"test","TESK1","THItoGene","her2+",0.0951966329931312,0.0528225873062065
"test","TESMIN","THItoGene","her2+",0.108770419744424,0.0553459592745129
"test","TEX10","THItoGene","her2+",0.0708421506808854,0.0326563772229206
"test","TEX2","THItoGene","her2+",0.151220654699699,0.0921637163326204
"test","TFF3","THItoGene","her2+",0.112431331188744,0.0844948569891846
"test","TGFBR2","THItoGene","her2+",0.0321332292424123,0.0133426128448835
"test","THBS1","THItoGene","her2+",0.0968266011111414,0.0703954759666129
"test","THOC5","THItoGene","her2+",0.0738178702792466,0.0246546569785572
"test","THOC6","THItoGene","her2+",0.0619091803778911,0.020998902764193
"test","TIGD5","THItoGene","her2+",0.0572392686275202,0.031166931319273
"test","TIMP1","THItoGene","her2+",0.0440620436242308,0.0451349012147917
"test","TJP3","THItoGene","her2+",0.123413903330838,0.0618932341307666
"test","TM7SF2","THItoGene","her2+",0.0866067113776061,0.0644087356918024
"test","TMBIM6","THItoGene","her2+",0.17735952859572,0.153633915554143
"test","TMEM101","THItoGene","her2+",0.0210936285528365,0.0128525074973942
"test","TMEM123","THItoGene","her2+",0.183351603965897,0.137091864973542
"test","TMEM14B","THItoGene","her2+",0.134520760285338,0.0707277715337056
"test","TMEM160","THItoGene","her2+",0.0493747688415411,0.0398783753214242
"test","TMEM184A","THItoGene","her2+",0.0967718820482844,0.0519993693480832
"test","TMEM259","THItoGene","her2+",0.100437491526932,0.0875380768938321
"test","TMEM86A","THItoGene","her2+",0.0734360486987768,0.0447198528140139
"test","TMX1","THItoGene","her2+",0.0922831685656648,0.0400544773772824
"test","TNC","THItoGene","her2+",0.0837637946837866,0.0403923733419134
"test","TNFRSF14","THItoGene","her2+",0.0338763268852225,0.0196638835016864
"test","TNFRSF21","THItoGene","her2+",0.0375931661192898,0.0096190922322632
"test","TNFRSF4","THItoGene","her2+",0.0335910132870773,0.0164674008956355
"test","TNNT1","THItoGene","her2+",0.0830496227134963,0.0591258670389243
"test","TOM1L2","THItoGene","her2+",0.084607980132731,0.0393720498338535
"test","TP53I3","THItoGene","her2+",0.0337005659538495,0.00648473204959868
"test","TPM2","THItoGene","her2+",0.0282423062715287,0.0245370993725265
"test","TRAC","THItoGene","her2+",0.042286994207726,0.0260320841573203
"test","TRAF5","THItoGene","her2+",0.0872800234505366,0.0356797207877933
"test","TRAP1","THItoGene","her2+",0.118876063013283,0.0882549381193713
"test","TRAPPC4","THItoGene","her2+",0.155740089052185,0.0846185201816449
"test","TRIM14","THItoGene","her2+",0.0654895266182067,0.0258294243367168
"test","TRIM22","THItoGene","her2+",0.0875263329153289,0.032218261611291
"test","TRIM25","THItoGene","her2+",0.089526706644023,0.0539640616126807
"test","TRIM47","THItoGene","her2+",0.0675611753027172,0.025022676434477
"test","TSPAN33","THItoGene","her2+",0.0197658066771488,0.007697194436862
"test","TSR2","THItoGene","her2+",0.0608940728893942,0.0218254445760099
"test","TTC31","THItoGene","her2+",0.0708798296414714,0.0234227546831288
"test","TTI1","THItoGene","her2+",0.0646852917187401,0.0248180690252719
"test","TXN2","THItoGene","her2+",0.0977834075267344,0.0737061764008463
"test","TXNDC17","THItoGene","her2+",0.181111782868996,0.123331546313559
"test","TXNRD2","THItoGene","her2+",0.0885850165498683,0.0489700406694936
"test","TYROBP","THItoGene","her2+",0.0349532617092135,0.022197977884769
"test","UBA52","THItoGene","her2+",0.0818707267239903,0.0856845979473196
"test","UBA6","THItoGene","her2+",0.126810784997194,0.0679895986341842
"test","UBAP2L","THItoGene","her2+",0.157481180826908,0.102059240064485
"test","UBE2W","THItoGene","her2+",0.0539848286203103,0.0258551894851082
"test","UBL7","THItoGene","her2+",0.0588394923748302,0.0293152698828249
"test","UBR2","THItoGene","her2+",0.0884459691751499,0.0418584785572248
"test","UBXN1","THItoGene","her2+",0.093042783539967,0.070826418661031
"test","UCK1","THItoGene","her2+",0.072260803058711,0.0392268846434988
"test","UFD1L","THItoGene","her2+",0.152649539269787,0.105898793410902
"test","UQCRC1","THItoGene","her2+",0.0561746615026617,0.0524233560545607
"test","UXS1","THItoGene","her2+",0.101707041239749,0.0588570199996491
"test","UXT","THItoGene","her2+",0.0596083289668574,0.0412592795023846
"test","VARS","THItoGene","her2+",0.102574192981023,0.0707601428760415
"test","VAV1","THItoGene","her2+",0.0224118519917428,0.0106491294847414
"test","VCAM1","THItoGene","her2+",0.0217435577707981,0.0167212831238373
"test","VEGFB","THItoGene","her2+",0.0930205022956853,0.0714529254331468
"test","VIM","THItoGene","her2+",0.106310488353095,0.103018348400645
"test","VPS13D","THItoGene","her2+",0.0902373117095691,0.0364716215828484
"test","VPS45","THItoGene","her2+",0.0888753568766119,0.0296699175162396
"test","VWF","THItoGene","her2+",0.0579489503397064,0.0454744914821215
"test","WDFY3","THItoGene","her2+",0.0813642888046861,0.0340755859487207
"test","WDR13","THItoGene","her2+",0.0338940569457767,0.029308383295399
"test","WDR34","THItoGene","her2+",0.0676429697819886,0.0630563389687956
"test","WDR46","THItoGene","her2+",0.0911303496918895,0.0710246003652522
"test","WDR73","THItoGene","her2+",0.0969148114059647,0.0464133974089838
"test","WDR74","THItoGene","her2+",0.10703171209391,0.0808676417870425
"test","WIPF1","THItoGene","her2+",0.0224971206143724,0.0156221218518476
"test","XAB2","THItoGene","her2+",0.0448276055487613,0.0265545426847021
"test","XIAP","THItoGene","her2+",0.0409215229662642,0.0134898955748434
"test","XPO6","THItoGene","her2+",0.135848522416277,0.0893078658316311
"test","YIPF4","THItoGene","her2+",0.0849901076209334,0.0519595036787589
"test","YTHDC1","THItoGene","her2+",0.0679662008789528,0.0420310073870111
"test","ZDHHC12","THItoGene","her2+",0.104647182466667,0.0881876796905123
"test","ZFAND3","THItoGene","her2+",0.112707941433098,0.0571046855019387
"test","ZFP36","THItoGene","her2+",0.126568510909921,0.0880955495665251
"test","ZFPL1","THItoGene","her2+",0.0484694082674438,0.0297335759987459
"test","ZFR","THItoGene","her2+",0.0887818659734171,0.04620370697501
"test","ZG16B","THItoGene","her2+",0.0791117229466612,0.0406858170679059
"test","ZMAT5","THItoGene","her2+",0.100525207445161,0.0631246638848159
"test","ZMYND19","THItoGene","her2+",0.0808770493983147,0.0575110869091743
"test","ZMYND8","THItoGene","her2+",0.0608658275294297,0.0371693417661843
"test","ZNF217","THItoGene","her2+",0.108693236851147,0.0533595388537725
"test","ZNF337","THItoGene","her2+",0.0703103257438815,0.0313517971368705
"test","ZNF33B","THItoGene","her2+",0.0893363916139017,0.030186450928257
"test","ZNF362","THItoGene","her2+",0.0439864629892042,0.0140359471979655
"test","ZNF524","THItoGene","her2+",0.0303255897414922,0.0189154240895657
"test","ZNF592","THItoGene","her2+",0.0312592549333141,0.0086103059373531
"test","ZNF644","THItoGene","her2+",0.0834360605018874,0.0406082989603918
"test","ZNF668","THItoGene","her2+",0.103294915003113,0.0574562117490475
"test","ZNF771","THItoGene","her2+",0.0213524923957979,0.0147008862159662
"test","ZNF787","THItoGene","her2+",0.0664682027490108,0.0420359703169659
"test","ZNF791","THItoGene","her2+",0.0123614870121157,0.0107182801431593
"test","ZNF83","THItoGene","her2+",0.0700628191730379,0.0274707151159684
"test","ZNF91","THItoGene","her2+",0.0475519119301011,0.0206193802125173
"test","ZNRF1","THItoGene","her2+",0.105357883120008,0.0601261918272118
"test","ZSWIM8","THItoGene","her2+",0.0894078572059773,0.0600145583450249
"test","A2M","Hist2ST","her2+",0.181524312790317,0.170845744140646
"test","AAMDC","Hist2ST","her2+",0.0398113819241648,0.0166007423891855
"test","ABCA3","Hist2ST","her2+",0.0831421287387069,0.0306207626912897
"test","ABCA7","Hist2ST","her2+",0.0638402034878364,0.0270250631886707
"test","ABCF3","Hist2ST","her2+",0.153491071016306,0.106754327205432
"test","ABHD14A","Hist2ST","her2+",0.0531397716431361,0.0192498629684975
"test","ABHD4","Hist2ST","her2+",0.0781982366762704,0.0309010763433798
"test","ACAA1","Hist2ST","her2+",0.116559110329876,0.0669454701180763
"test","ACER3","Hist2ST","her2+",0.0493689457631453,0.0232537982591905
"test","ADAM15","Hist2ST","her2+",0.0286554603249655,0.0323846699466479
"test","ADCY3","Hist2ST","her2+",0.0654991014120452,0.0180240119340328
"test","ADI1","Hist2ST","her2+",0.165796253270121,0.131443076926049
"test","AEBP1","Hist2ST","her2+",0.0837635011753063,0.0816220840752267
"test","AES","Hist2ST","her2+",0.10737764995938,0.106233923422967
"test","AGAP2","Hist2ST","her2+",0.0407626891279797,0.0113112325491683
"test","AGO2","Hist2ST","her2+",0.136362413928983,0.063883377455076
"test","AGPAT2","Hist2ST","her2+",0.104916080560376,0.0848577206622345
"test","AGR2","Hist2ST","her2+",0.141631364971758,0.106533213406278
"test","AHCY","Hist2ST","her2+",0.158153705538901,0.113662736268166
"test","AKAP9","Hist2ST","her2+",0.0670083196671948,0.0503355231403337
"test","AKR1A1","Hist2ST","her2+",0.192570190302625,0.162951266461076
"test","AKT1S1","Hist2ST","her2+",0.0727526280048011,0.0656021059206104
"test","ALDH16A1","Hist2ST","her2+",0.0972819478171305,0.0577529398955236
"test","ALG3","Hist2ST","her2+",0.144890248886526,0.0973922696978259
"test","ANGPTL4","Hist2ST","her2+",0.0101588833022135,0.00560002429215252
"test","ANKLE2","Hist2ST","her2+",0.143879590394343,0.0894749355328248
"test","ANKRD12","Hist2ST","her2+",0.0518737448896786,0.0284955050801901
"test","ANKRD28","Hist2ST","her2+",0.101464121583649,0.0293090437007842
"test","ANO10","Hist2ST","her2+",0.065259243964532,0.0218252211000941
"test","AP5B1","Hist2ST","her2+",0.0422239006208815,0.0154058401907169
"test","AP5Z1","Hist2ST","her2+",0.0988149813278391,0.0499032162593058
"test","APBA2","Hist2ST","her2+",0.097963584840312,0.0369505938593123
"test","APBB2","Hist2ST","her2+",0.0928711896822616,0.034696532347681
"test","APOBEC3G","Hist2ST","her2+",0.0458818012563941,0.0157988535154427
"test","APOC1","Hist2ST","her2+",0.079800194739631,0.0802801940515819
"test","AQP1","Hist2ST","her2+",0.0259973805178542,0.022725014646139
"test","ARF5","Hist2ST","her2+",0.0640800925657214,0.0178619618771781
"test","ARF6","Hist2ST","her2+",0.212594563789402,0.121917847887611
"test","ARFGEF2","Hist2ST","her2+",0.0997026910954848,0.0353636967735305
"test","ARHGAP10","Hist2ST","her2+",0.03709914124365,0.0106014378520259
"test","ARHGAP4","Hist2ST","her2+",0.0903361257262858,0.0523245985517393
"test","ARHGAP45","Hist2ST","her2+",0.08444861613816,0.0486992962159811
"test","ARHGAP5","Hist2ST","her2+",0.077079703954276,0.0236691171094107
"test","ARHGEF10L","Hist2ST","her2+",0.0686055217230114,0.0233836813300873
"test","ARHGEF3","Hist2ST","her2+",0.115020028333566,0.0441510031742718
"test","ARHGEF40","Hist2ST","her2+",0.0411847546710251,0.0130232010551008
"test","ARID1B","Hist2ST","her2+",0.0656155664603219,0.0426022883018987
"test","ARID3A","Hist2ST","her2+",0.0343731405827993,0.0134951405100722
"test","ARID4A","Hist2ST","her2+",0.0551563080227873,0.0227198060647376
"test","ARID5A","Hist2ST","her2+",0.0750015561899476,0.0681604199409644
"test","ARID5B","Hist2ST","her2+",0.0814193110102505,0.0333134969181975
"test","ARNT","Hist2ST","her2+",0.129386084990363,0.0565281835043022
"test","ASCL2","Hist2ST","her2+",0.077961938738264,0.0411991592578399
"test","ASH2L","Hist2ST","her2+",0.138363380102296,0.0734634163443728
"test","ASL","Hist2ST","her2+",0.096165431850505,0.0529719782334236
"test","ASMTL","Hist2ST","her2+",0.0571577408961479,0.033231624054309
"test","ASNA1","Hist2ST","her2+",0.149408213937921,0.138225127560408
"test","ASNS","Hist2ST","her2+",0.0692018508429148,0.0223166688553273
"test","ATAD1","Hist2ST","her2+",0.0953546459286717,0.0389518968099836
"test","ATF6B","Hist2ST","her2+",0.0950632071367745,0.0418613855980741
"test","ATG12","Hist2ST","her2+",0.119273001806545,0.0664495843751853
"test","ATG16L2","Hist2ST","her2+",0.0676792541637797,0.0193799731216712
"test","ATL2","Hist2ST","her2+",0.0580296948638559,0.0189233289838455
"test","ATP5H","Hist2ST","her2+",0.173325212922122,0.117125511148901
"test","ATP5O","Hist2ST","her2+",0.187822754914992,0.156162466131868
"test","ATP6AP1","Hist2ST","her2+",0.151583918824974,0.140831379401673
"test","ATP6V0D1","Hist2ST","her2+",0.101612516773567,0.0811150136415171
"test","AURKAIP1","Hist2ST","her2+",0.110646806307077,0.0967299856218621
"test","AVEN","Hist2ST","her2+",0.0283052970471667,0.00472450176086839
"test","BABAM1","Hist2ST","her2+",0.149059077635038,0.119757055954879
"test","BAD","Hist2ST","her2+",0.0989881434060142,0.0835140587072739
"test","BAIAP3","Hist2ST","her2+",0.0536907433173455,0.0141651924680587
"test","BCAM","Hist2ST","her2+",0.12283805833851,0.0861689225836829
"test","BCL2L12","Hist2ST","her2+",0.103500812714495,0.0381472603980685
"test","BGN","Hist2ST","her2+",0.0776762475911716,0.0727708424393654
"test","BICDL1","Hist2ST","her2+",0.0931791521660384,0.0303545742828759
"test","BIN3","Hist2ST","her2+",0.0988033219759058,0.0523725971797888
"test","BIRC2","Hist2ST","her2+",0.127752816397704,0.0712323694953392
"test","BOK","Hist2ST","her2+",0.0758174596187308,0.0527501908843841
"test","BOLA3","Hist2ST","her2+",0.143310703779127,0.0486814232334295
"test","BRD9","Hist2ST","her2+",0.150185382423645,0.109941752410881
"test","BRF1","Hist2ST","her2+",0.102185749313312,0.0631183905062775
"test","BRF2","Hist2ST","her2+",0.116025752374948,0.081773626501925
"test","BRK1","Hist2ST","her2+",0.132805432465344,0.0962279323163039
"test","BRPF1","Hist2ST","her2+",0.0866254272137975,0.024861263742912
"test","BSG","Hist2ST","her2+",0.101227908388998,0.0973852005388182
"test","BST2","Hist2ST","her2+",0.0437334859694879,0.0424549695129247
"test","BTG1","Hist2ST","her2+",0.188733595176689,0.153987759059152
"test","C10orf10","Hist2ST","her2+",0.0290575865858821,0.00856654347027516
"test","C10orf54","Hist2ST","her2+",0.0268516022457041,0.00855161036307959
"test","C12orf45","Hist2ST","her2+",0.111971204724672,0.0460112256560733
"test","C15orf61","Hist2ST","her2+",0.0821950333946478,0.0237851072614986
"test","C19orf24","Hist2ST","her2+",0.071309779720321,0.0546201583644572
"test","C19orf52","Hist2ST","her2+",0.127137839672941,0.0518652978552399
"test","C19orf60","Hist2ST","her2+",0.0732462449090569,0.0615445154518519
"test","C1QB","Hist2ST","her2+",0.0692945072401164,0.0628359189112155
"test","C1R","Hist2ST","her2+",0.0919912250157816,0.0840818260308902
"test","C1S","Hist2ST","her2+",0.147791258379662,0.109037709676919
"test","C1orf216","Hist2ST","her2+",0.0219253996198938,0.0077668900843692
"test","C2","Hist2ST","her2+",0.0838152124856009,0.0420920131280194
"test","C2CD2L","Hist2ST","her2+",0.104320448211771,0.0414701700975584
"test","C3","Hist2ST","her2+",0.0588224215772124,0.0558584422619544
"test","C4orf48","Hist2ST","her2+",0.0691626966293174,0.0609325465446263
"test","C5orf38","Hist2ST","her2+",0.0900539565234578,0.0494295897998751
"test","C6orf136","Hist2ST","her2+",0.107482200759898,0.0311790400685192
"test","C6orf48","Hist2ST","her2+",0.197354322567219,0.120490796843938
"test","CADM4","Hist2ST","her2+",0.12569208020483,0.0851958399479277
"test","CALML5","Hist2ST","her2+",-0.0136742262255283,-0.00163144689246561
"test","CAMTA2","Hist2ST","her2+",0.0817887308253455,0.0280110707852703
"test","CAPG","Hist2ST","her2+",0.135878630647628,0.122315707638255
"test","CARS2","Hist2ST","her2+",0.140134248511879,0.0926641480126925
"test","CBLC","Hist2ST","her2+",0.0334190209110487,0.0164815115840496
"test","CCDC106","Hist2ST","her2+",0.100552077812264,0.0487336961912293
"test","CCDC167","Hist2ST","her2+",0.104278597706103,0.061682166287696
"test","CCDC57","Hist2ST","her2+",0.0614985573151215,0.0375322720893618
"test","CCDC80","Hist2ST","her2+",0.0128529298909792,0.0119556996156945
"test","CCDC88B","Hist2ST","her2+",0.0352262882720458,0.0150114776127635
"test","CCL19","Hist2ST","her2+",-0.0171218201642329,-0.00815586138332594
"test","CCL2","Hist2ST","her2+",0.145686411580024,0.0860855182333578
"test","CCL21","Hist2ST","her2+",-0.00132849701254822,0.00181550476711401
"test","CCM2","Hist2ST","her2+",0.135145864003633,0.106870029210305
"test","CCNB1IP1","Hist2ST","her2+",0.105653883593764,0.0556712912337925
"test","CCNE2","Hist2ST","her2+",0.164728207006608,0.0785047754027419
"test","CCS","Hist2ST","her2+",0.125232469288313,0.0855965315040245
"test","CCT4","Hist2ST","her2+",0.223502661064282,0.177000214158016
"test","CD14","Hist2ST","her2+",0.0292862197533644,0.0251749389793828
"test","CD320","Hist2ST","her2+",0.0711415876715229,0.0441542070631941
"test","CD3D","Hist2ST","her2+",0.0519420800988802,0.0167747116499765
"test","CD4","Hist2ST","her2+",0.065390251678674,0.0271224968119225
"test","CD52","Hist2ST","her2+",0.0786686338696077,0.0535719687848092
"test","CD68","Hist2ST","her2+",0.0703234243552732,0.060745278194145
"test","CD74","Hist2ST","her2+",0.0488099062155496,0.0570164284861444
"test","CD79A","Hist2ST","her2+",0.0241525559830029,0.0109016843954972
"test","CDH11","Hist2ST","her2+",0.0435099650719741,0.0217257126355618
"test","CDK5RAP1","Hist2ST","her2+",0.107160012878956,0.0445521822471899
"test","CEP250","Hist2ST","her2+",0.082425180535993,0.0271696846243394
"test","CERCAM","Hist2ST","her2+",0.0698783229269318,0.0407105737388025
"test","CERS5","Hist2ST","her2+",0.101189503986189,0.0471188124993832
"test","CES2","Hist2ST","her2+",0.0725626775520394,0.0358171471921419
"test","CFAP36","Hist2ST","her2+",0.0742096336655604,0.0307581605822601
"test","CFDP1","Hist2ST","her2+",0.139065611383716,0.0622843909483273
"test","CGGBP1","Hist2ST","her2+",0.144214738989411,0.0855467913714118
"test","CHCHD6","Hist2ST","her2+",0.072126517977376,0.0365142637304709
"test","CHD1","Hist2ST","her2+",0.0913935875963045,0.0425777292463294
"test","CHD6","Hist2ST","her2+",0.120101451464823,0.0616524222144959
"test","CHFR","Hist2ST","her2+",0.143131842408603,0.0683861633941883
"test","CHST11","Hist2ST","her2+",0.0722078155954327,0.020668284837216
"test","CIR1","Hist2ST","her2+",0.0746739302000829,0.0298963623621494
"test","CLASRP","Hist2ST","her2+",0.141216648483979,0.0924597727286952
"test","CLDN3","Hist2ST","her2+",0.107659294556808,0.0972902234427011
"test","CLDN4","Hist2ST","her2+",0.207853776685021,0.175574749346806
"test","CLU","Hist2ST","her2+",0.0797916808464833,0.0712828741717637
"test","CNN2","Hist2ST","her2+",0.116817495717215,0.110632842205684
"test","COL14A1","Hist2ST","her2+",0.0469476491793915,0.0194983662455295
"test","COL3A1","Hist2ST","her2+",0.151217716627477,0.129325929478292
"test","COL4A1","Hist2ST","her2+",0.12964982556554,0.093248853273815
"test","COL6A2","Hist2ST","her2+",0.0496992722574363,0.0514788247760684
"test","COL8A2","Hist2ST","her2+",0.0700645352845439,0.0328971346349086
"test","COMMD1","Hist2ST","her2+",0.123431935398548,0.0514276582866361
"test","COMP","Hist2ST","her2+",0.0426780185265962,0.0308657682799556
"test","COPS7A","Hist2ST","her2+",0.152721884191234,0.0881548414370708
"test","COQ4","Hist2ST","her2+",0.124495580647744,0.0821331983166267
"test","CORO1A","Hist2ST","her2+",0.0865661219289007,0.0269864428780771
"test","CORO1B","Hist2ST","her2+",0.101005130712449,0.0892356399121792
"test","CORO2A","Hist2ST","her2+",0.110758231852101,0.0415097176433281
"test","CORO7","Hist2ST","her2+",0.114736809982857,0.0840755932541545
"test","COX5A","Hist2ST","her2+",0.181258957366794,0.125402780868265
"test","CPNE1","Hist2ST","her2+",0.220041118813352,0.152699377652369
"test","CPSF1","Hist2ST","her2+",0.103864384449821,0.0669832353681948
"test","CPVL","Hist2ST","her2+",0.107028958040789,0.0543132269251752
"test","CRABP2","Hist2ST","her2+",0.207031213877137,0.167168080975442
"test","CRACR2B","Hist2ST","her2+",0.157855438920939,0.123052148273459
"test","CRELD2","Hist2ST","her2+",0.157294033369967,0.0797472840423688
"test","CROCC","Hist2ST","her2+",0.0657048979888386,0.0253560519747636
"test","CSF1","Hist2ST","her2+",0.0929669266085396,0.0390092650304476
"test","CSF1R","Hist2ST","her2+",0.0808996568880649,0.0486249245587712
"test","CTDSPL","Hist2ST","her2+",0.124836322930303,0.0754299354297192
"test","CTIF","Hist2ST","her2+",0.095900908141148,0.0564463046221403
"test","CTSK","Hist2ST","her2+",0.103192392989811,0.0674737944788349
"test","CTU2","Hist2ST","her2+",0.0607876880254711,0.027291206791213
"test","CUTC","Hist2ST","her2+",0.0949798052085928,0.0284602977835178
"test","CUX1","Hist2ST","her2+",0.155468701729546,0.103183887319126
"test","CX3CL1","Hist2ST","her2+",0.103551452382179,0.0722580939663676
"test","CXCL10","Hist2ST","her2+",0.127027549207454,0.0780113435697973
"test","CXXC5","Hist2ST","her2+",0.154826511432233,0.140929956524534
"test","CYP27A1","Hist2ST","her2+",0.04916416933407,0.0174420261392192
"test","DAPK3","Hist2ST","her2+",0.104009366879292,0.0915593409836691
"test","DCAF6","Hist2ST","her2+",0.149964835773383,0.0798210468697795
"test","DCXR","Hist2ST","her2+",0.14587647192589,0.112098648570802
"test","DDAH1","Hist2ST","her2+",0.101636474323273,0.026316260636836
"test","DDB2","Hist2ST","her2+",0.0877641756366793,0.0361412280261937
"test","DDIT3","Hist2ST","her2+",0.131334342796188,0.048782394082554
"test","DDRGK1","Hist2ST","her2+",0.0963802819393007,0.0732549580718242
"test","DDT","Hist2ST","her2+",0.145181904422849,0.11078108111986
"test","DEAF1","Hist2ST","her2+",0.0995925536416745,0.0593070991469131
"test","DENND1A","Hist2ST","her2+",0.0663423303368997,0.0283354035076864
"test","DERL3","Hist2ST","her2+",0.024721635702316,0.0119262311840548
"test","DESI1","Hist2ST","her2+",0.128674167477805,0.0649975740879566
"test","DHX16","Hist2ST","her2+",0.123916007791997,0.0421088683546013
"test","DLG1","Hist2ST","her2+",0.111838686816612,0.06024363681701
"test","DMAP1","Hist2ST","her2+",0.10060460198593,0.0642899893487041
"test","DNAJB2","Hist2ST","her2+",0.122677699432057,0.109658931915702
"test","DNAJC1","Hist2ST","her2+",0.169785129121761,0.111100091671636
"test","DNAJC7","Hist2ST","her2+",0.11595066740714,0.0889803813821066
"test","DOCK6","Hist2ST","her2+",0.130299101978101,0.0701786314704227
"test","DPH3","Hist2ST","her2+",0.0832769042575658,0.0237642810167583
"test","DPM2","Hist2ST","her2+",0.0999160463953948,0.0874941578766995
"test","DPP7","Hist2ST","her2+",0.0958846718955547,0.0823612538069789
"test","DPP9","Hist2ST","her2+",0.0928949309289635,0.0700990709789634
"test","DPYSL3","Hist2ST","her2+",0.129675975427302,0.0958935760068773
"test","DVL1","Hist2ST","her2+",0.132411578263027,0.0673456692107715
"test","EBAG9","Hist2ST","her2+",0.101418608093895,0.0354320287980165
"test","ECHDC2","Hist2ST","her2+",0.054982771450574,0.0282953424875381
"test","ECM1","Hist2ST","her2+",0.0788830519567066,0.0689098005835005
"test","EFEMP2","Hist2ST","her2+",0.0511930593222145,0.0371781611930559
"test","EFHD2","Hist2ST","her2+",0.0810298711986595,0.0589283562556878
"test","EIF1AD","Hist2ST","her2+",0.0941917708219165,0.0312520516299735
"test","EIF3B","Hist2ST","her2+",0.123395314992164,0.119976576522584
"test","EIF3F","Hist2ST","her2+",0.123117079270036,0.0726920639955238
"test","EIF3G","Hist2ST","her2+",0.097538705464872,0.0832668085577671
"test","ELN","Hist2ST","her2+",0.0119534890334205,0.0119758700573987
"test","ELOF1","Hist2ST","her2+",0.0873271517092169,0.0691142268871098
"test","EMC3","Hist2ST","her2+",0.122002082358608,0.0716142904768942
"test","ENPP1","Hist2ST","her2+",0.168240148179249,0.090686048872439
"test","EPHB3","Hist2ST","her2+",0.114086456538356,0.0941443586631704
"test","ERAL1","Hist2ST","her2+",0.104004230922816,0.0394455412683259
"test","ERI3","Hist2ST","her2+",0.14088937104533,0.118589464773397
"test","ERMP1","Hist2ST","her2+",0.15237624843565,0.0636421996478276
"test","ETFB","Hist2ST","her2+",0.0840568732012511,0.0747545746137263
"test","EVA1B","Hist2ST","her2+",0.030470396980332,0.029423856872083
"test","EXD3","Hist2ST","her2+",0.0586233041481227,0.0210412946201833
"test","EXOC5","Hist2ST","her2+",0.159677469382507,0.0743550951984096
"test","EXOSC1","Hist2ST","her2+",0.159024013441874,0.0699057382115664
"test","EXOSC10","Hist2ST","her2+",0.156592519642324,0.107756220387857
"test","EXOSC2","Hist2ST","her2+",0.0965929027921551,0.0320094943678922
"test","EZH2","Hist2ST","her2+",0.18846773046724,0.0859589634307501
"test","FAAH","Hist2ST","her2+",0.10536679994311,0.04587286838828
"test","FADS2","Hist2ST","her2+",0.153347732919364,0.142896354608778
"test","FAH","Hist2ST","her2+",0.121228699160588,0.0730275527706975
"test","FAIM2","Hist2ST","her2+",0.0867508011843435,0.0367630647836228
"test","FAM102A","Hist2ST","her2+",0.186698121004346,0.124339237604657
"test","FAM117A","Hist2ST","her2+",0.132455293924006,0.0635066348064174
"test","FAM118A","Hist2ST","her2+",0.0918127347342691,0.0280551882473495
"test","FAM160B1","Hist2ST","her2+",0.083697967363729,0.0304414419546409
"test","FAM173A","Hist2ST","her2+",0.119714807109033,0.0896742603666983
"test","FAM193B","Hist2ST","her2+",0.171094301456685,0.11887845691436
"test","FAM213B","Hist2ST","her2+",0.117764046647789,0.0577537990906127
"test","FAM3A","Hist2ST","her2+",0.0662984193798618,0.0403170278723986
"test","FAM45A","Hist2ST","her2+",0.0724226481948053,0.0212108142063425
"test","FAP","Hist2ST","her2+",0.0723111691459452,0.0310597832651162
"test","FARP1","Hist2ST","her2+",0.16879223660966,0.133850394727198
"test","FARSB","Hist2ST","her2+",0.161958977017148,0.0803389909185369
"test","FASN","Hist2ST","her2+",0.214263635067115,0.195120832112566
"test","FBF1","Hist2ST","her2+",0.0643736343832542,0.018263623053098
"test","FBLN2","Hist2ST","her2+",0.0909161137472359,0.0535978116723018
"test","FCER1G","Hist2ST","her2+",0.110744321985191,0.0548592505070592
"test","FDPS","Hist2ST","her2+",0.158472113740873,0.137893903337596
"test","FGFR1","Hist2ST","her2+",0.0876491937125532,0.0577377839426887
"test","FKBP10","Hist2ST","her2+",0.0782862718523468,0.0474437561020423
"test","FKBP8","Hist2ST","her2+",0.100707182412632,0.0776226378991969
"test","FLNA","Hist2ST","her2+",0.101520755500419,0.0969482312480636
"test","FN1","Hist2ST","her2+",0.2381977174811,0.206367949196038
"test","FNBP4","Hist2ST","her2+",0.0937262580490319,0.0550899406271698
"test","FOXP4","Hist2ST","her2+",0.165878954200337,0.135591839358872
"test","FSTL1","Hist2ST","her2+",0.103988147960457,0.0656775580632976
"test","FSTL3","Hist2ST","her2+",0.0709681705106105,0.0449675357387659
"test","FUOM","Hist2ST","her2+",0.0684201367243878,0.0394631343156958
"test","FUS","Hist2ST","her2+",0.165592514940084,0.147667779274001
"test","FZD2","Hist2ST","her2+",0.0474907713710168,0.021748789061156
"test","GALK1","Hist2ST","her2+",0.0456746385773483,0.0225318148433961
"test","GANAB","Hist2ST","her2+",0.146186610843332,0.131998287596405
"test","GAR1","Hist2ST","her2+",0.14429750465519,0.0655620421869048
"test","GAS6","Hist2ST","her2+",0.0768214175276999,0.0712992581646041
"test","GATA3","Hist2ST","her2+",0.184785200806096,0.156558076011406
"test","GATC","Hist2ST","her2+",0.160229996388105,0.119025721550115
"test","GBP1","Hist2ST","her2+",0.143074061217979,0.0875261351612782
"test","GBP2","Hist2ST","her2+",0.106653263300589,0.0628346074527255
"test","GBP3","Hist2ST","her2+",0.11985808791949,0.0602210820879964
"test","GBP4","Hist2ST","her2+",0.0232520335098514,0.00642120916571714
"test","GBP5","Hist2ST","her2+",0.00829425371196216,-0.00218839266385175
"test","GEMIN4","Hist2ST","her2+",0.103528688380462,0.0451739035564989
"test","GLCCI1","Hist2ST","her2+",0.113593651217585,0.0398116429358037
"test","GLG1","Hist2ST","her2+",0.0946289392313229,0.0722382854907143
"test","GLTSCR2","Hist2ST","her2+",0.0453890186713249,0.0448906077894874
"test","GMFG","Hist2ST","her2+",0.0712320583103562,0.0346335810395833
"test","GMPPA","Hist2ST","her2+",0.142540561061973,0.0931680195332028
"test","GNAI2","Hist2ST","her2+",0.0803965802545481,0.0839624208084906
"test","GNAS","Hist2ST","her2+",0.259058724626722,0.234778928995641
"test","GNL2","Hist2ST","her2+",0.173036400340373,0.0896100920560932
"test","GPR108","Hist2ST","her2+",0.0800948747212798,0.0532760710710825
"test","GPRC5A","Hist2ST","her2+",0.191520562137066,0.157253435310837
"test","GPS1","Hist2ST","her2+",0.0503454351905377,0.0394101819118377
"test","GPSM1","Hist2ST","her2+",0.0797647651532761,0.0462001434583548
"test","GPX3","Hist2ST","her2+",0.000974816658887589,0.000219265224805544
"test","GRK3","Hist2ST","her2+",0.10853929105773,0.0375522886573404
"test","GSK3A","Hist2ST","her2+",0.140987789637988,0.0977366241646464
"test","GSTM3","Hist2ST","her2+",0.120876386572109,0.0863016171714586
"test","GYPC","Hist2ST","her2+",0.0442137698320397,0.0281476261041228
"test","HAGHL","Hist2ST","her2+",0.102310076853657,0.0589598130220771
"test","HCFC1R1","Hist2ST","her2+",0.0963522190243842,0.0898990566787328
"test","HCST","Hist2ST","her2+",0.065119981305964,0.0402143261188694
"test","HDAC5","Hist2ST","her2+",0.0681979056028095,0.0398165935395779
"test","HDAC6","Hist2ST","her2+",0.0568958060242534,0.020701575978519
"test","HELZ2","Hist2ST","her2+",0.117292431240556,0.0892324221995466
"test","HES1","Hist2ST","her2+",0.123380628315615,0.0811392046711035
"test","HLA.B","Hist2ST","her2+",0.0517629705271814,0.056918587115792
"test","HLA.DMA","Hist2ST","her2+",0.056026563584661,0.0461127011640297
"test","HLA.DMB","Hist2ST","her2+",0.115392588100443,0.0747964379337583
"test","HLA.DOA","Hist2ST","her2+",0.0750866007414225,0.0244633774765626
"test","HLA.DPA1","Hist2ST","her2+",0.108469004150182,0.0990411465539541
"test","HLA.DPB1","Hist2ST","her2+",0.112137664829381,0.0876750909478849
"test","HLA.DRA","Hist2ST","her2+",0.178369269397106,0.167620166830316
"test","HLA.DRB1","Hist2ST","her2+",0.11595456747953,0.101403768019267
"test","HMGB2","Hist2ST","her2+",0.227780875927043,0.152508327028318
"test","HNRNPUL2","Hist2ST","her2+",0.18207390165438,0.156917882851263
"test","HOOK3","Hist2ST","her2+",0.029012486984486,0.014333253739054
"test","HPS6","Hist2ST","her2+",0.0503916001423652,0.0120744384947605
"test","HSD17B1","Hist2ST","her2+",0.0370676218504637,0.0187936761280111
"test","HSPA4","Hist2ST","her2+",0.144567915439222,0.0981062917544351
"test","HSPB1","Hist2ST","her2+",0.164677354213721,0.150589738036544
"test","HSPB11","Hist2ST","her2+",0.158413206785126,0.0537144523285047
"test","HYI","Hist2ST","her2+",0.0470336646281885,0.026359064211801
"test","IDH3G","Hist2ST","her2+",0.087173118136114,0.0494301996306674
"test","IDUA","Hist2ST","her2+",0.0559213588501258,0.0217309175592882
"test","IER5L","Hist2ST","her2+",0.0927077869304312,0.0874587169648583
"test","IFI27","Hist2ST","her2+",0.0911094572767208,0.0897367969704643
"test","IFI27L1","Hist2ST","her2+",0.0502099394678825,0.0121945195104542
"test","IFI44L","Hist2ST","her2+",0.025138331464841,0.01549838174909
"test","IGFBP2","Hist2ST","her2+",0.0795561819409643,0.0705591890602437
"test","IGFBP4","Hist2ST","her2+",0.106554908027316,0.101934369576367
"test","IGHA1","Hist2ST","her2+",0.0616483516679786,0.06981482772046
"test","IGHG3","Hist2ST","her2+",-0.0288333415297228,-0.0148949790716168
"test","IGHG4","Hist2ST","her2+",-0.0180441800517531,-0.0115748995651244
"test","IGHM","Hist2ST","her2+",0.0206138378357105,0.0236862158456765
"test","IGKC","Hist2ST","her2+",0.0525129305133065,0.0522789954508682
"test","IGLC2","Hist2ST","her2+",0.0419530018323312,0.0452767663730495
"test","IGLC3","Hist2ST","her2+",0.00620723586666063,0.011435892194486
"test","IGLC7","Hist2ST","her2+",-0.0125476518176502,-0.004804107760995
"test","IKZF3","Hist2ST","her2+",0.0785366665493048,0.0411734706948686
"test","IL10RA","Hist2ST","her2+",0.0402301445540437,0.017966187352816
"test","ILKAP","Hist2ST","her2+",0.0978015513942352,0.0463964479475223
"test","INAFM1","Hist2ST","her2+",0.0534528753600828,0.0247221883215951
"test","INPP4B","Hist2ST","her2+",0.0742172111906237,0.022311739926863
"test","INPP5D","Hist2ST","her2+",0.0888569047917833,0.0393177624936587
"test","INPP5J","Hist2ST","her2+",0.0991505624072823,0.0382714483019552
"test","INTS8","Hist2ST","her2+",0.174992728717202,0.0996301065444553
"test","ISG15","Hist2ST","her2+",0.0175190491603363,0.0214953661189734
"test","ISLR","Hist2ST","her2+",0.0396893422739381,0.030823956187751
"test","ITGA5","Hist2ST","her2+",0.0852696937303712,0.0483208210149087
"test","ITGB4","Hist2ST","her2+",0.0858524133760965,0.0618453595818368
"test","ITGB6","Hist2ST","her2+",0.181341907720118,0.118453361362808
"test","ITSN1","Hist2ST","her2+",0.0837984688408505,0.0293084020772771
"test","JAG2","Hist2ST","her2+",0.0712124044208661,0.0364802597803596
"test","JAK1","Hist2ST","her2+",0.120480549340067,0.0615221989839195
"test","JAK3","Hist2ST","her2+",0.0775920134172872,0.0520131444413139
"test","JCHAIN","Hist2ST","her2+",0.0378506702062939,0.0314492728673514
"test","JMJD6","Hist2ST","her2+",0.108524258518238,0.0511659893217342
"test","KAT6B","Hist2ST","her2+",0.079123654263091,0.0397198013023503
"test","KATNA1","Hist2ST","her2+",0.0956838932074707,0.0271567342495737
"test","KCNAB2","Hist2ST","her2+",0.0592112735297589,0.0155551747869839
"test","KCTD10","Hist2ST","her2+",0.134752963344878,0.0785662956542194
"test","KDM4B","Hist2ST","her2+",0.170951543272457,0.136692215385145
"test","KIAA0895L","Hist2ST","her2+",0.116762918814117,0.0427576639562261
"test","KIAA1211L","Hist2ST","her2+",0.0961487346595084,0.0312601235985429
"test","KIAA1217","Hist2ST","her2+",0.114833714420288,0.0623920718593708
"test","KIAA1468","Hist2ST","her2+",0.109187184062957,0.0397131337581146
"test","KIAA1715","Hist2ST","her2+",0.11096361407568,0.0407142519895741
"test","KIF13B","Hist2ST","her2+",0.0705208071057043,0.0232740795229877
"test","KLF9","Hist2ST","her2+",0.0649806744914226,0.0199372481447004
"test","KMT2B","Hist2ST","her2+",0.167749448089476,0.125375874695093
"test","KMT2E","Hist2ST","her2+",0.0527253212927965,0.0264479551650985
"test","KPNB1","Hist2ST","her2+",0.126599973819669,0.0814730231447639
"test","KRAS","Hist2ST","her2+",0.157715325172641,0.077004221228961
"test","KRT10","Hist2ST","her2+",0.178469120284532,0.101441952063954
"test","KRT17","Hist2ST","her2+",0.0122163761841647,0.00963794855238987
"test","KRT8","Hist2ST","her2+",0.179103392768415,0.151599547036115
"test","KRT86","Hist2ST","her2+",0.0367690196838986,0.0170052834599616
"test","LAMB2","Hist2ST","her2+",0.0982965132352357,0.0731493217104831
"test","LAMTOR2","Hist2ST","her2+",0.165269307767175,0.135835611957075
"test","LANCL1","Hist2ST","her2+",0.0940508708310354,0.0273105986224235
"test","LARP1B","Hist2ST","her2+",0.0833742676183233,0.0266222481296119
"test","LARP7","Hist2ST","her2+",0.0622049576234673,0.0232753933973037
"test","LCK","Hist2ST","her2+",0.0449985279113364,0.0167734985755546
"test","LCP1","Hist2ST","her2+",0.088585665626562,0.0493820408510421
"test","LGALS1","Hist2ST","her2+",0.0280048531195589,0.0340384688101927
"test","LIMCH1","Hist2ST","her2+",0.0850573100033827,0.043188892656898
"test","LIMK1","Hist2ST","her2+",0.100381994012475,0.0742354966383304
"test","LINC00176","Hist2ST","her2+",0.104918145007677,0.0589668726971027
"test","LINGO1","Hist2ST","her2+",0.0580840723842927,0.0279286370490751
"test","LLGL1","Hist2ST","her2+",0.093308721902199,0.033816265624932
"test","LMF1","Hist2ST","her2+",0.0400538349867603,0.0147369083950288
"test","LMNA","Hist2ST","her2+",0.0220720108656923,0.0306951006351853
"test","LRRC8A","Hist2ST","her2+",0.105895164973706,0.0526563232379919
"test","LRWD1","Hist2ST","her2+",0.0980539770792032,0.0355890729415583
"test","LST1","Hist2ST","her2+",0.0681551271444795,0.0301965706647731
"test","LTB4R","Hist2ST","her2+",0.0984059496099952,0.0482717396048443
"test","LTBP3","Hist2ST","her2+",0.0531763322208949,0.0489917122686126
"test","LTF","Hist2ST","her2+",0.0369983814976914,0.0336383911622543
"test","LUC7L","Hist2ST","her2+",0.126769556269965,0.0660731127903081
"test","LUC7L3","Hist2ST","her2+",0.146008742158773,0.118503767091318
"test","LUM","Hist2ST","her2+",0.156024081935509,0.13008819335077
"test","LYL1","Hist2ST","her2+",0.010777697025751,0.00372704316409111
"test","MAGEF1","Hist2ST","her2+",0.17319278948732,0.0901556749272337
"test","MAGI1","Hist2ST","her2+",0.0557696692686657,0.0187047351960496
"test","MAGOHB","Hist2ST","her2+",0.140530058364477,0.0546504647463199
"test","MAP1S","Hist2ST","her2+",0.0956711672027673,0.0458455964710908
"test","MAP3K14","Hist2ST","her2+",0.0385788106155839,0.0119038083261073
"test","MAP3K6","Hist2ST","her2+",0.0819243887443997,0.0449844840073568
"test","MAP4K2","Hist2ST","her2+",0.0864370941756545,0.0338412372481243
"test","MAPK9","Hist2ST","her2+",0.108178486333391,0.0314292643039106
"test","MAPKAPK5","Hist2ST","her2+",0.143718101471612,0.05874942366348
"test","MARS","Hist2ST","her2+",0.196490802061663,0.13625352637488
"test","MAVS","Hist2ST","her2+",0.1207739937137,0.0809390958155462
"test","MCTS1","Hist2ST","her2+",0.146305284151579,0.0762026068153968
"test","MED13L","Hist2ST","her2+",0.0940572240330268,0.0342191392965888
"test","MED25","Hist2ST","her2+",0.142894093047974,0.104309284519572
"test","MEN1","Hist2ST","her2+",0.0851239266369945,0.0335573004308278
"test","METTL12","Hist2ST","her2+",0.0927424073035783,0.0449772474240591
"test","METTL16","Hist2ST","her2+",0.0777868280358342,0.0253887124633894
"test","MFAP4","Hist2ST","her2+",0.00799863618349358,0.00591902105074187
"test","MFSD3","Hist2ST","her2+",0.0689493765220959,0.0294278132031384
"test","MFSD7","Hist2ST","her2+",0.0567858254944752,0.0288540941364365
"test","MGMT","Hist2ST","her2+",0.0430558391774961,0.0318804082681891
"test","MGP","Hist2ST","her2+",0.12468489612965,0.114998499834546
"test","MIB2","Hist2ST","her2+",0.0979091990445147,0.0391815760347363
"test","MICAL1","Hist2ST","her2+",0.0745893705688251,0.043954587449123
"test","MICALL2","Hist2ST","her2+",0.0875291801710843,0.0478542358982399
"test","MID1IP1","Hist2ST","her2+",0.203485575660985,0.129024604690589
"test","MIF","Hist2ST","her2+",0.063179711994442,0.0278889993196691
"test","MIIP","Hist2ST","her2+",0.0977511913566754,0.0605556137428191
"test","MKNK1","Hist2ST","her2+",0.124388593984095,0.0571059940162307
"test","MLLT4","Hist2ST","her2+",0.116390332757266,0.0568723992654372
"test","MLST8","Hist2ST","her2+",0.102734853963742,0.084320940962906
"test","MMP9","Hist2ST","her2+",0.0253001768037564,0.00685355327544239
"test","MORC2","Hist2ST","her2+",0.143014859543046,0.0777425890739664
"test","MPND","Hist2ST","her2+",0.0874833634809586,0.0490405128518617
"test","MPST","Hist2ST","her2+",0.130685382187179,0.106201770242883
"test","MRPL2","Hist2ST","her2+",0.0977221505456374,0.0439179059290309
"test","MRPL21","Hist2ST","her2+",0.173726112002926,0.107308522824884
"test","MRPL23","Hist2ST","her2+",0.074089060929218,0.0373536468064519
"test","MRPL51","Hist2ST","her2+",0.210609988841846,0.173906360611357
"test","MRPL54","Hist2ST","her2+",0.054347519025003,0.0387910870996255
"test","MRPS22","Hist2ST","her2+",0.134555651924096,0.0479775397987605
"test","MS4A6A","Hist2ST","her2+",0.118170882950377,0.0767400274935096
"test","MST1R","Hist2ST","her2+",0.138538531105922,0.0589631537399685
"test","MTG2","Hist2ST","her2+",0.126056048530622,0.05809947376773
"test","MTMR12","Hist2ST","her2+",0.151764517989834,0.0717198165312188
"test","MUC1","Hist2ST","her2+",0.0888454793071691,0.0873596741890982
"test","MUCL1","Hist2ST","her2+",0.0941407046648185,0.0459836362838267
"test","MUS81","Hist2ST","her2+",0.159816469954957,0.109920306898301
"test","MVP","Hist2ST","her2+",0.104654220713941,0.0974781182591199
"test","MX2","Hist2ST","her2+",0.0866194257703988,0.0323993883879199
"test","MYH10","Hist2ST","her2+",0.0802806223332986,0.0381426912798297
"test","MYL12B","Hist2ST","her2+",0.260081710501132,0.219331779907257
"test","MYL6B","Hist2ST","her2+",0.0741301532243525,0.0400251187332496
"test","MYL9","Hist2ST","her2+",0.0511293180429582,0.0534859861548229
"test","MYO1G","Hist2ST","her2+",0.0396124951296986,0.0135465623110304
"test","MYO9B","Hist2ST","her2+",0.0945994553193356,0.0698746063018523
"test","MZT2A","Hist2ST","her2+",0.155750125879703,0.140630749236182
"test","NAA10","Hist2ST","her2+",0.115675702049676,0.0915713413386065
"test","NANS","Hist2ST","her2+",0.115376142302564,0.0820716012825243
"test","NCKAP1L","Hist2ST","her2+",0.0404507796364146,0.0133314417877266
"test","NCKAP5L","Hist2ST","her2+",0.0618558358780733,0.0167456341271602
"test","NDRG1","Hist2ST","her2+",0.122413910536574,0.0906096325218442
"test","NDUFA1","Hist2ST","her2+",0.192387269756582,0.156215787099947
"test","NDUFA12","Hist2ST","her2+",0.167820544312808,0.0868007313537132
"test","NDUFB2","Hist2ST","her2+",0.250602056920179,0.209193555825796
"test","NDUFB3","Hist2ST","her2+",0.199340325459468,0.10524248520199
"test","NDUFB9","Hist2ST","her2+",0.0964628175300467,0.0930711763143991
"test","NDUFC1","Hist2ST","her2+",0.168726974370385,0.098156854952356
"test","NDUFS1","Hist2ST","her2+",0.160876063870646,0.0808460612935672
"test","NDUFV3","Hist2ST","her2+",0.116898640749545,0.0723002772819679
"test","NEBL","Hist2ST","her2+",0.155390493260382,0.0709457356822565
"test","NEK7","Hist2ST","her2+",0.112965796946621,0.0379886537077377
"test","NELFE","Hist2ST","her2+",0.0911563356045598,0.0661412641953726
"test","NFATC4","Hist2ST","her2+",0.103444254131108,0.0625169646523962
"test","NFIC","Hist2ST","her2+",0.132897241056487,0.110295772594994
"test","NINJ1","Hist2ST","her2+",0.0982375460775335,0.0917020333891008
"test","NIT2","Hist2ST","her2+",0.152303503779317,0.0844709469518017
"test","NMRAL1","Hist2ST","her2+",0.119157979159029,0.0897825511011951
"test","NR1H2","Hist2ST","her2+",0.0792323059622502,0.0511002970408705
"test","NR4A1","Hist2ST","her2+",0.138620840152713,0.0960986443005553
"test","NRP1","Hist2ST","her2+",0.0836988332390866,0.0335898058418391
"test","NSMCE1","Hist2ST","her2+",0.111015467626552,0.0784827779387837
"test","NTMT1","Hist2ST","her2+",0.0374840628296394,0.0166140113322761
"test","NUP214","Hist2ST","her2+",0.123128779976276,0.0624109747165281
"test","NUP93","Hist2ST","her2+",0.145544038946197,0.0612864375453161
"test","NXN","Hist2ST","her2+",0.0642465961927308,0.0292902869623489
"test","OASL","Hist2ST","her2+",0.0909403050575401,0.0413457691720149
"test","OGFRL1","Hist2ST","her2+",0.093558844556715,0.0302699576968809
"test","OPTN","Hist2ST","her2+",0.0698274782453909,0.0436962131780497
"test","ORC2","Hist2ST","her2+",0.0854835343823389,0.0232924040321805
"test","OSBPL8","Hist2ST","her2+",0.0719493033323573,0.0276257695353248
"test","P4HA2","Hist2ST","her2+",0.0890878121580611,0.0200647658486628
"test","PAF1","Hist2ST","her2+",0.057256768345076,0.0223526296116415
"test","PAFAH1B3","Hist2ST","her2+",0.107778077757494,0.0724856476498744
"test","PAQR4","Hist2ST","her2+",0.138832497290407,0.0902456052645561
"test","PARN","Hist2ST","her2+",0.114049113714808,0.0395706513275023
"test","PCCB","Hist2ST","her2+",0.137533080207466,0.0840462323849174
"test","PCIF1","Hist2ST","her2+",0.113215906439566,0.0434106711066846
"test","PDCD5","Hist2ST","her2+",0.190967416669666,0.102761357357256
"test","PDGFRA","Hist2ST","her2+",0.00673941274431334,0.0107136090721535
"test","PDGFRB","Hist2ST","her2+",0.129230832779878,0.0893901635674765
"test","PER1","Hist2ST","her2+",0.0990290074465572,0.0504603107816936
"test","PEX11G","Hist2ST","her2+",0.0490273432088391,0.00907487098174388
"test","PEX14","Hist2ST","her2+",0.0625810789553135,0.0135354089383787
"test","PGLS","Hist2ST","her2+",0.0942792031290128,0.0820869242789039
"test","PHF11","Hist2ST","her2+",0.0920325914284825,0.0321606646052813
"test","PHF13","Hist2ST","her2+",0.114297607351638,0.0328827648068638
"test","PHF21A","Hist2ST","her2+",0.0892612320699188,0.0345220439069622
"test","PHKB","Hist2ST","her2+",0.138645507128914,0.0719665331769015
"test","PIGQ","Hist2ST","her2+",0.122490670038377,0.0916913687205928
"test","PIH1D1","Hist2ST","her2+",0.081524592175658,0.0497154287528359
"test","PILRA","Hist2ST","her2+",-0.0175339011683624,0.00364928130414207
"test","PIM2","Hist2ST","her2+",0.106311977486151,0.0545982359399088
"test","PITX1","Hist2ST","her2+",0.0885748060150618,0.0546460930349563
"test","PKNOX1","Hist2ST","her2+",0.0938206727571913,0.0238464608911435
"test","PLAC9","Hist2ST","her2+",0.0145168738412979,0.00565311020752107
"test","PLEKHO2","Hist2ST","her2+",0.0791142794155555,0.0426805863800667
"test","PLIN2","Hist2ST","her2+",0.0503147313049966,0.0120573127201607
"test","PLK1","Hist2ST","her2+",0.158069352303618,0.0761063702727202
"test","PLK2","Hist2ST","her2+",0.124189556084508,0.0644673562333433
"test","PLLP","Hist2ST","her2+",0.118106546939386,0.0475916609037327
"test","PLP2","Hist2ST","her2+",0.126438485101667,0.0988416995570409
"test","PLPPR2","Hist2ST","her2+",0.124405859040951,0.0895640215089856
"test","PLSCR1","Hist2ST","her2+",0.132427625939367,0.075670421468184
"test","PLTP","Hist2ST","her2+",0.135775493237034,0.108159832941786
"test","PLVAP","Hist2ST","her2+",0.0635485584132727,0.0534366379239117
"test","PLXNA1","Hist2ST","her2+",0.140804678153316,0.077745601343451
"test","PLXND1","Hist2ST","her2+",0.111943715388899,0.104834446265014
"test","PMP22","Hist2ST","her2+",0.117596796857159,0.0707180168776395
"test","PNISR","Hist2ST","her2+",0.0453579149112924,0.0311256037453771
"test","PNMT","Hist2ST","her2+",0.101669224993039,0.0803782208723012
"test","PNP","Hist2ST","her2+",0.113624351361357,0.0464033527145211
"test","PNPLA6","Hist2ST","her2+",0.100547960460805,0.0591850388327972
"test","PODNL1","Hist2ST","her2+",0.0189957069676611,0.00527343486663407
"test","PODXL","Hist2ST","her2+",0.0879442819483904,0.0300063012357893
"test","POLR2E","Hist2ST","her2+",0.138980570332307,0.122532510620871
"test","POLR2J","Hist2ST","her2+",0.126368451209964,0.106235905252201
"test","POR","Hist2ST","her2+",0.137040355508632,0.107415621915722
"test","POSTN","Hist2ST","her2+",0.155397635560168,0.119300400820586
"test","PPHLN1","Hist2ST","her2+",0.129733118618142,0.0679691202855347
"test","PPIB","Hist2ST","her2+",0.0426846657847925,0.0353053977474371
"test","PPIH","Hist2ST","her2+",0.147248460737122,0.071108542692635
"test","PPM1G","Hist2ST","her2+",0.133002838879242,0.092714898926107
"test","PPP1R1A","Hist2ST","her2+",0.0291058930801629,0.030045327513383
"test","PPP1R1B","Hist2ST","her2+",0.0533653729111246,0.0463597740188153
"test","PPP1R37","Hist2ST","her2+",0.0846735403217734,0.0481975856042156
"test","PRKAB1","Hist2ST","her2+",0.162941938323337,0.0955832389298944
"test","PRKCSH","Hist2ST","her2+",0.163401122586584,0.153694944554443
"test","PROSER1","Hist2ST","her2+",0.109101780909122,0.0367297092982721
"test","PRPF6","Hist2ST","her2+",0.103055869743378,0.0722910257169397
"test","PRPSAP1","Hist2ST","her2+",0.108053742482333,0.0489627915353394
"test","PSCA","Hist2ST","her2+",0.0434213543349339,0.0154146568165922
"test","PSMD4","Hist2ST","her2+",0.133698269439969,0.0850921036620277
"test","PSTPIP1","Hist2ST","her2+",0.0574127054820226,0.0206887643124139
"test","PTGDS","Hist2ST","her2+",-0.0320679597030841,-0.0178501842179167
"test","PTOV1","Hist2ST","her2+",0.11857278203473,0.108377102173007
"test","PTP4A3","Hist2ST","her2+",0.0739166859931427,0.0444069785865257
"test","PTPRC","Hist2ST","her2+",0.033291628820297,0.0126842702988146
"test","PTPRJ","Hist2ST","her2+",0.0950536621043007,0.0331477336530235
"test","PTRF","Hist2ST","her2+",0.054853177920769,0.0547818098062394
"test","PTRH1","Hist2ST","her2+",0.034364253993396,0.0159337698823447
"test","PUS3","Hist2ST","her2+",0.0796347822635262,0.0226449467611484
"test","PWP1","Hist2ST","her2+",0.135929158769929,0.0610917589437884
"test","PWWP2B","Hist2ST","her2+",0.109682883493574,0.0874046998165498
"test","PXDN","Hist2ST","her2+",0.150730571089521,0.11330189824923
"test","PYURF","Hist2ST","her2+",0.118441729978395,0.049473967145258
"test","QSOX1","Hist2ST","her2+",0.156264064748163,0.137444757729202
"test","R3HDM2","Hist2ST","her2+",0.124766532480478,0.0539215044714848
"test","RAB11FIP1","Hist2ST","her2+",0.149515492462119,0.105160468468116
"test","RAB3A","Hist2ST","her2+",0.074986557354712,0.0232033953672909
"test","RAB3GAP1","Hist2ST","her2+",0.131006408440647,0.0774523372487887
"test","RAB3IL1","Hist2ST","her2+",0.0339271483036062,0.0131654169955441
"test","RABGAP1L","Hist2ST","her2+",0.100626317454339,0.0419498848044052
"test","RALBP1","Hist2ST","her2+",0.0715652334054362,0.0189472951839858
"test","RALGAPA2","Hist2ST","her2+",0.0765543064994894,0.0264639244111623
"test","RAMP2","Hist2ST","her2+",0.0187779665154779,0.0153707299606037
"test","RAP1B","Hist2ST","her2+",0.0819404294757852,0.0288601453075785
"test","RARS2","Hist2ST","her2+",0.0921394780725687,0.0343365468216099
"test","RASA2","Hist2ST","her2+",0.0729279518518683,0.0217525030690354
"test","RASGRP2","Hist2ST","her2+",0.0518815430877754,0.0164727230601047
"test","RASSF3","Hist2ST","her2+",0.0868707358509927,0.0297014389798797
"test","RBL1","Hist2ST","her2+",0.122975891954091,0.0414080495116863
"test","RBM42","Hist2ST","her2+",0.140917698355106,0.101185347931894
"test","RECQL4","Hist2ST","her2+",0.102881488638602,0.0432052535965478
"test","RECQL5","Hist2ST","her2+",0.077305789113232,0.035296489611149
"test","REEP6","Hist2ST","her2+",0.0770139083586671,0.0437602414750937
"test","RGS1","Hist2ST","her2+",0.092793346849885,0.0384403820795194
"test","RHOB","Hist2ST","her2+",0.247182634122669,0.210883549298636
"test","RIOK1","Hist2ST","her2+",0.0716796493781265,0.0245860707321976
"test","RMND1","Hist2ST","her2+",0.095219793659856,0.0327944747396875
"test","RNASET2","Hist2ST","her2+",0.159778764584765,0.135674257686111
"test","RND3","Hist2ST","her2+",0.108171835060136,0.0323331044301761
"test","RNF135","Hist2ST","her2+",0.130966333271464,0.0492541134329151
"test","RNF170","Hist2ST","her2+",0.0749985879195209,0.0307227013918278
"test","RRAS","Hist2ST","her2+",0.0956083434721443,0.0663563559539434
"test","RSL1D1","Hist2ST","her2+",0.135393469758333,0.115043431036096
"test","RSRP1","Hist2ST","her2+",0.0928542380586594,0.05110914962586
"test","RUVBL1","Hist2ST","her2+",0.144575050356676,0.0685257176910381
"test","S100A14","Hist2ST","her2+",0.0711821284320908,0.0650319448910439
"test","S100A9","Hist2ST","her2+",0.0142262285824415,0.021225869135629
"test","SAMM50","Hist2ST","her2+",0.117331677719,0.0757499818084362
"test","SASH1","Hist2ST","her2+",0.0274965296385327,0.0142077937942639
"test","SAT1","Hist2ST","her2+",0.157233402419994,0.142073746797261
"test","SCAF1","Hist2ST","her2+",0.0798414428440575,0.0490057274475284
"test","SCD","Hist2ST","her2+",0.21504065640633,0.177670635880747
"test","SCNN1D","Hist2ST","her2+",0.0408168499798304,0.0126769967221466
"test","SCX","Hist2ST","her2+",0.110861849761861,0.0492837483083561
"test","SDHB","Hist2ST","her2+",0.163981445879239,0.0789863879623679
"test","SEC14L2","Hist2ST","her2+",0.0856851040812898,0.0642438223775754
"test","SEC23A","Hist2ST","her2+",0.0917621093481204,0.0378664325847152
"test","SEMA3B","Hist2ST","her2+",0.0923634345174776,0.0403752759176603
"test","SEMA4B","Hist2ST","her2+",0.166214098225746,0.088141353478965
"test","SF3B4","Hist2ST","her2+",0.142800808642253,0.0816907259426176
"test","SFSWAP","Hist2ST","her2+",0.125079119277999,0.0631894592910558
"test","SGTA","Hist2ST","her2+",0.104616401289138,0.0930130352845879
"test","SH3BP5L","Hist2ST","her2+",0.110117992250719,0.0454416143554933
"test","SIGLEC1","Hist2ST","her2+",0.0478108315401928,0.0201678175173645
"test","SIGMAR1","Hist2ST","her2+",0.127757091480872,0.0721442579858607
"test","SLC16A2","Hist2ST","her2+",0.0553602078452097,0.0164282764170251
"test","SLC16A3","Hist2ST","her2+",0.0710350817550976,0.0503400508062428
"test","SLC22A18","Hist2ST","her2+",0.0532511674205222,0.0238322106334871
"test","SLC25A24","Hist2ST","her2+",0.135016848830808,0.0570725175346455
"test","SLC2A1","Hist2ST","her2+",0.118737634499847,0.0524293940636283
"test","SLC2A8","Hist2ST","her2+",0.099123309685202,0.0405171205183416
"test","SLC35A2","Hist2ST","her2+",0.153025808792269,0.0873827993562159
"test","SLC43A1","Hist2ST","her2+",0.0295368695725171,0.0133173820506229
"test","SLC4A5","Hist2ST","her2+",0.13026751430221,0.03622852373251
"test","SLC8B1","Hist2ST","her2+",0.0935187148035905,0.0560658196552775
"test","SLC9A3R2","Hist2ST","her2+",0.104863090926625,0.0708034673741399
"test","SLC9A8","Hist2ST","her2+",0.0842395876401564,0.0321610655081726
"test","SLFN13","Hist2ST","her2+",0.056701383344023,0.0134407895253076
"test","SLPI","Hist2ST","her2+",0.0291354430160064,0.0141309776443026
"test","SMCHD1","Hist2ST","her2+",0.124133080283794,0.0628688171500338
"test","SMG9","Hist2ST","her2+",0.135399600474737,0.0740025862408663
"test","SMYD2","Hist2ST","her2+",0.119607429320151,0.0414933111244615
"test","SNAPC3","Hist2ST","her2+",0.0758909950565255,0.0203638856789594
"test","SNF8","Hist2ST","her2+",0.081978805069476,0.0763770931454565
"test","SNRPD3","Hist2ST","her2+",0.173231856585374,0.103476154087621
"test","SNTA1","Hist2ST","her2+",0.0762959251037428,0.026422016424738
"test","SNX33","Hist2ST","her2+",0.0784934366419796,0.0341883832075365
"test","SNX8","Hist2ST","her2+",0.0794744141888486,0.036754555628048
"test","SOD3","Hist2ST","her2+",0.067041175712275,0.036152386714682
"test","SOS2","Hist2ST","her2+",0.0639790159837953,0.0184456029368187
"test","SOX4","Hist2ST","her2+",0.103283474063292,0.10019451107605
"test","SP6","Hist2ST","her2+",0.0584565612414147,0.0264579267779043
"test","SPAG9","Hist2ST","her2+",0.0958427199375976,0.0587221904332342
"test","SPARC","Hist2ST","her2+",0.164282526899666,0.14699120341503
"test","SPIN1","Hist2ST","her2+",0.151845966874225,0.0711771027389571
"test","SPSB1","Hist2ST","her2+",0.0818077680944201,0.0372575981632994
"test","SRGN","Hist2ST","her2+",0.166956241385976,0.104614040876794
"test","SRPX2","Hist2ST","her2+",0.0469951530764349,0.01661518732318
"test","SRR","Hist2ST","her2+",0.117099677369912,0.0427993284214373
"test","SRRT","Hist2ST","her2+",0.171874743022689,0.107722583868015
"test","SRSF1","Hist2ST","her2+",0.205042048335738,0.148642705465181
"test","SRSF5","Hist2ST","her2+",0.203533035745745,0.170888574412559
"test","SSSCA1","Hist2ST","her2+",0.0789727979375081,0.0440549036778896
"test","STAMBP","Hist2ST","her2+",0.122397102942378,0.0456013141958061
"test","STAT5A","Hist2ST","her2+",0.0286662620385118,0.0149496673983383
"test","STK17A","Hist2ST","her2+",0.105347688673208,0.0456841963165125
"test","STK4","Hist2ST","her2+",0.0740661542069355,0.02537614538531
"test","STMN1","Hist2ST","her2+",0.228100228356976,0.188817053109348
"test","STRN3","Hist2ST","her2+",0.107740504049533,0.0396527334043428
"test","STT3A","Hist2ST","her2+",0.123219452308923,0.0686667314825719
"test","SUGP1","Hist2ST","her2+",0.0779045423224143,0.0184304147536956
"test","SURF1","Hist2ST","her2+",0.0627746246619007,0.0311442277847099
"test","SVIL","Hist2ST","her2+",0.0628486762669194,0.0177697464183972
"test","SYDE1","Hist2ST","her2+",0.0436420047993028,0.0170524556621305
"test","SYK","Hist2ST","her2+",0.0912150608056376,0.0411582580679713
"test","TACC3","Hist2ST","her2+",0.127971895365322,0.0567394563984638
"test","TANC2","Hist2ST","her2+",0.162873149957051,0.0955774024799814
"test","TARBP1","Hist2ST","her2+",0.121372929004879,0.0536931631303235
"test","TAX1BP1","Hist2ST","her2+",0.158351251943663,0.0963109400837406
"test","TAX1BP3","Hist2ST","her2+",0.120729328896717,0.0683784562306926
"test","TBC1D10A","Hist2ST","her2+",0.0932970086943243,0.0530294077703176
"test","TBC1D23","Hist2ST","her2+",0.144312569422504,0.055022477628104
"test","TBCA","Hist2ST","her2+",0.120083877790152,0.0442636669653945
"test","TBXAS1","Hist2ST","her2+",0.0805539659909828,0.0295987163230209
"test","TCEA2","Hist2ST","her2+",0.10681600327319,0.0436348842525152
"test","TCEA3","Hist2ST","her2+",0.159767093014832,0.104755474343222
"test","TCF25","Hist2ST","her2+",0.113828454447303,0.10080146256017
"test","TDRD3","Hist2ST","her2+",0.0784973920125495,0.0206806374288819
"test","TESK1","Hist2ST","her2+",0.136107597026472,0.0778132129988517
"test","TESMIN","Hist2ST","her2+",0.157171304738806,0.0657355174824147
"test","TEX10","Hist2ST","her2+",0.0943789904537888,0.0461645142888288
"test","TEX2","Hist2ST","her2+",0.185015099235006,0.110356055407758
"test","TFF3","Hist2ST","her2+",0.0659224910122729,0.0507096729543063
"test","TGFBR2","Hist2ST","her2+",0.0706370529296234,0.0279994152490316
"test","THBS1","Hist2ST","her2+",0.125410107076878,0.0991421456984453
"test","THOC5","Hist2ST","her2+",0.0897307757290367,0.0303042416171316
"test","THOC6","Hist2ST","her2+",0.0786175352260779,0.0240848919035182
"test","TIGD5","Hist2ST","her2+",0.0838916227396414,0.0429966655198621
"test","TIMP1","Hist2ST","her2+",0.0473388352878131,0.048020284525976
"test","TJP3","Hist2ST","her2+",0.149222988363359,0.0750709970952255
"test","TM7SF2","Hist2ST","her2+",0.0973127940182899,0.068257312493555
"test","TMBIM6","Hist2ST","her2+",0.203723761603286,0.179807290601039
"test","TMEM101","Hist2ST","her2+",0.0401482203243237,0.0169509791613972
"test","TMEM123","Hist2ST","her2+",0.21510364246987,0.172523824723948
"test","TMEM14B","Hist2ST","her2+",0.184526282735652,0.108494572329959
"test","TMEM160","Hist2ST","her2+",0.0720800259192137,0.0621627384581827
"test","TMEM184A","Hist2ST","her2+",0.138041675868601,0.0788132364174279
"test","TMEM259","Hist2ST","her2+",0.141166944480701,0.127306550376512
"test","TMEM86A","Hist2ST","her2+",0.0896207909980743,0.0563654290157361
"test","TMX1","Hist2ST","her2+",0.154428752463894,0.0735066880650661
"test","TNC","Hist2ST","her2+",0.181954361695583,0.111248840503742
"test","TNFRSF14","Hist2ST","her2+",0.0771433321629797,0.0501527903746138
"test","TNFRSF21","Hist2ST","her2+",0.0695679189764008,0.0235904635859849
"test","TNFRSF4","Hist2ST","her2+",0.0572656062954934,0.0250163970665489
"test","TNNT1","Hist2ST","her2+",0.0956580935454918,0.0626154746238747
"test","TOM1L2","Hist2ST","her2+",0.106822207828279,0.0538686825985758
"test","TP53I3","Hist2ST","her2+",0.0691476180506351,0.0348568610672755
"test","TPM2","Hist2ST","her2+",0.0515521107268086,0.0498037535775302
"test","TRAC","Hist2ST","her2+",0.112378397147561,0.0557766018412186
"test","TRAF5","Hist2ST","her2+",0.085635554413984,0.0296110626512907
"test","TRAP1","Hist2ST","her2+",0.134340527492853,0.0992762577822333
"test","TRAPPC4","Hist2ST","her2+",0.169178758385068,0.0999526650348517
"test","TRIM14","Hist2ST","her2+",0.118479984229989,0.057290227015681
"test","TRIM22","Hist2ST","her2+",0.0939695561277979,0.0414088309388682
"test","TRIM25","Hist2ST","her2+",0.127291992095746,0.0771804735648031
"test","TRIM47","Hist2ST","her2+",0.104634683438196,0.0446794073154337
"test","TSPAN33","Hist2ST","her2+",0.0262259732318874,0.00768157019538855
"test","TSR2","Hist2ST","her2+",0.0904200038948493,0.0315364279488302
"test","TTC31","Hist2ST","her2+",0.0970414630024214,0.0261959387291086
"test","TTI1","Hist2ST","her2+",0.134124151185643,0.0380338111053407
"test","TXN2","Hist2ST","her2+",0.117338521830812,0.0924051694293133
"test","TXNDC17","Hist2ST","her2+",0.212842026288308,0.153989414264636
"test","TXNRD2","Hist2ST","her2+",0.133226608380614,0.0851556086566673
"test","TYROBP","Hist2ST","her2+",0.0912209770279978,0.0703598669411458
"test","UBA52","Hist2ST","her2+",0.0941856400375218,0.093351307332155
"test","UBA6","Hist2ST","her2+",0.148521709559003,0.0737642784860518
"test","UBAP2L","Hist2ST","her2+",0.178587655400974,0.115931571810378
"test","UBE2W","Hist2ST","her2+",0.129143778924717,0.0454267386310549
"test","UBL7","Hist2ST","her2+",0.0939485050100902,0.0513404462202677
"test","UBR2","Hist2ST","her2+",0.108642380072236,0.0557616186782654
"test","UBXN1","Hist2ST","her2+",0.113516483401032,0.0876355504464032
"test","UCK1","Hist2ST","her2+",0.113683821515567,0.0656649110356623
"test","UFD1L","Hist2ST","her2+",0.185296640152078,0.130525828475328
"test","UQCRC1","Hist2ST","her2+",0.0776153334173753,0.0720804990899641
"test","UXS1","Hist2ST","her2+",0.146877610432639,0.0815060679015714
"test","UXT","Hist2ST","her2+",0.102693201614203,0.0638226683886894
"test","VARS","Hist2ST","her2+",0.110474967354617,0.0811010116682561
"test","VAV1","Hist2ST","her2+",0.0789398913988022,0.0302114403331439
"test","VCAM1","Hist2ST","her2+",0.103249826664547,0.051388547322326
"test","VEGFB","Hist2ST","her2+",0.118916159659897,0.0940277053044355
"test","VIM","Hist2ST","her2+",0.144014307392541,0.1386637613288
"test","VPS13D","Hist2ST","her2+",0.103800773346797,0.0433694581360112
"test","VPS45","Hist2ST","her2+",0.130819437784607,0.0447325437143296
"test","VWF","Hist2ST","her2+",0.0650800460839121,0.0557447803461723
"test","WDFY3","Hist2ST","her2+",0.120305939994086,0.0475315911299603
"test","WDR13","Hist2ST","her2+",0.0596789596739942,0.0474202280809496
"test","WDR34","Hist2ST","her2+",0.0882940475219964,0.0839377994740175
"test","WDR46","Hist2ST","her2+",0.115184548416111,0.0907656316258796
"test","WDR73","Hist2ST","her2+",0.131940749175128,0.0598807173366187
"test","WDR74","Hist2ST","her2+",0.13189872301889,0.0974923796209297
"test","WIPF1","Hist2ST","her2+",0.0925754225135294,0.0617751433645024
"test","XAB2","Hist2ST","her2+",0.0776215397827589,0.0507376483084978
"test","XIAP","Hist2ST","her2+",0.0650259855749674,0.0276850303910835
"test","XPO6","Hist2ST","her2+",0.168350044796459,0.109811786439006
"test","YIPF4","Hist2ST","her2+",0.111702000706034,0.0667891412212018
"test","YTHDC1","Hist2ST","her2+",0.119638162609137,0.0690154035919475
"test","ZDHHC12","Hist2ST","her2+",0.123969331561176,0.10709982818458
"test","ZFAND3","Hist2ST","her2+",0.162216698251355,0.0962321739868776
"test","ZFP36","Hist2ST","her2+",0.168240253640192,0.123758355868771
"test","ZFPL1","Hist2ST","her2+",0.0887094897305023,0.0532301593372381
"test","ZFR","Hist2ST","her2+",0.128503079792135,0.0707647027264707
"test","ZG16B","Hist2ST","her2+",0.106178115746356,0.0555832045973205
"test","ZMAT5","Hist2ST","her2+",0.144535000276965,0.0906493280289273
"test","ZMYND19","Hist2ST","her2+",0.137192233564529,0.0980335176176931
"test","ZMYND8","Hist2ST","her2+",0.0776929678113046,0.047765536061943
"test","ZNF217","Hist2ST","her2+",0.149160038413659,0.0743094476320315
"test","ZNF337","Hist2ST","her2+",0.113419305781233,0.0521730697125402
"test","ZNF33B","Hist2ST","her2+",0.0958011261743909,0.0285795773814846
"test","ZNF362","Hist2ST","her2+",0.0867268176788368,0.0280794549716606
"test","ZNF524","Hist2ST","her2+",0.0602385350618644,0.0354325754001134
"test","ZNF592","Hist2ST","her2+",0.0663575706850373,0.0141144170452319
"test","ZNF644","Hist2ST","her2+",0.0921468197957198,0.0408150580356922
"test","ZNF668","Hist2ST","her2+",0.124459189844974,0.0608851063355941
"test","ZNF771","Hist2ST","her2+",0.0645591690430367,0.0242386889575216
"test","ZNF787","Hist2ST","her2+",0.0861139698196365,0.057457092100847
"test","ZNF791","Hist2ST","her2+",0.0296471060563944,0.0130306863439237
"test","ZNF83","Hist2ST","her2+",0.13015295672677,0.0516259923339173
"test","ZNF91","Hist2ST","her2+",0.061042287001347,0.0301482966973154
"test","ZNRF1","Hist2ST","her2+",0.132161306923678,0.069409729368279
"test","ZSWIM8","Hist2ST","her2+",0.137433326672721,0.0921472700174988
"test","A2M","DeepPT","her2+",0.22731318413992,0.145663780306861
"test","AAMDC","DeepPT","her2+",0.0344939866488564,0.0139308240411509
"test","ABCA3","DeepPT","her2+",0.0968794109895343,0.03284578371112
"test","ABCA7","DeepPT","her2+",0.0129124765138653,0.0103586351013581
"test","ABCF3","DeepPT","her2+",0.177302938163333,0.0980045094925322
"test","ABHD14A","DeepPT","her2+",-0.0146253191110471,0.00358000371979398
"test","ABHD4","DeepPT","her2+",0.0336591049900298,0.0117455135506738
"test","ACAA1","DeepPT","her2+",0.0909071765763402,0.0483747440051224
"test","ACER3","DeepPT","her2+",0.02785264191901,0.0135237077726127
"test","ADAM15","DeepPT","her2+",0.136823783309547,0.126400864238021
"test","ADCY3","DeepPT","her2+",0.0415817492706502,0.0139025948846278
"test","ADI1","DeepPT","her2+",0.184359360107334,0.148025012379611
"test","AEBP1","DeepPT","her2+",0.24590900832035,0.226129992688022
"test","AES","DeepPT","her2+",0.277940616422701,0.271225716940759
"test","AGAP2","DeepPT","her2+",0.0493574863033432,0.0135295734816556
"test","AGO2","DeepPT","her2+",0.0733085345710524,0.0346784057446103
"test","AGPAT2","DeepPT","her2+",0.195899564205419,0.16201406650826
"test","AGR2","DeepPT","her2+",0.203888751038079,0.142719170566071
"test","AHCY","DeepPT","her2+",0.154724306722541,0.0876770561625751
"test","AKAP9","DeepPT","her2+",0.0642852676207038,0.0422053043482148
"test","AKR1A1","DeepPT","her2+",0.190090839189232,0.144208705858953
"test","AKT1S1","DeepPT","her2+",0.157908804533846,0.1246637803321
"test","ALDH16A1","DeepPT","her2+",0.045409169408391,0.0460033456373155
"test","ALG3","DeepPT","her2+",0.160816480483836,0.102874478853272
"test","ANGPTL4","DeepPT","her2+",0.0346719150725857,0.0132646752094785
"test","ANKLE2","DeepPT","her2+",0.174600178002452,0.0924841056309376
"test","ANKRD12","DeepPT","her2+",0.0617628716194897,0.0293542887316342
"test","ANKRD28","DeepPT","her2+",0.061572030804759,0.0189349758024807
"test","ANO10","DeepPT","her2+",0.0478472497154168,0.0178186468065082
"test","AP5B1","DeepPT","her2+",-0.0110154341732045,0.00204117111102934
"test","AP5Z1","DeepPT","her2+",0.0998893273727069,0.0464483058177461
"test","APBA2","DeepPT","her2+",0.0479670761071592,0.0227126269169886
"test","APBB2","DeepPT","her2+",0.0543096756132608,0.0158861006137022
"test","APOBEC3G","DeepPT","her2+",0.0655980283122424,0.0177314717597147
"test","APOC1","DeepPT","her2+",0.273399064740873,0.19921062898873
"test","AQP1","DeepPT","her2+",0.0658620840540147,0.0305509369463217
"test","ARF5","DeepPT","her2+",0.0173409278619679,0.0106995742377808
"test","ARF6","DeepPT","her2+",0.14279169923785,0.0584415981442244
"test","ARFGEF2","DeepPT","her2+",0.0638594658115677,0.0216910131781036
"test","ARHGAP10","DeepPT","her2+",0.0274498603641994,0.0139718838695398
"test","ARHGAP4","DeepPT","her2+",0.0778039442798723,0.0486927905679761
"test","ARHGAP45","DeepPT","her2+",0.214841831757519,0.10653468455967
"test","ARHGAP5","DeepPT","her2+",0.026081305150927,0.00719252560488917
"test","ARHGEF10L","DeepPT","her2+",0.0451325863784853,0.0144779450151888
"test","ARHGEF3","DeepPT","her2+",0.0972641649926453,0.0368805147416041
"test","ARHGEF40","DeepPT","her2+",0.0309369181612877,0.0134730582701962
"test","ARID1B","DeepPT","her2+",0.0417367514283227,0.0236183510767001
"test","ARID3A","DeepPT","her2+",0.0422401171503981,0.0174073747894199
"test","ARID4A","DeepPT","her2+",0.044611267545852,0.0178152570950118
"test","ARID5A","DeepPT","her2+",0.136191435840397,0.0876787088346487
"test","ARID5B","DeepPT","her2+",0.0635012453752369,0.0308745567672133
"test","ARNT","DeepPT","her2+",0.0863771563688026,0.0303767521441664
"test","ASCL2","DeepPT","her2+",0.0647145009913463,0.0281585952225556
"test","ASH2L","DeepPT","her2+",0.123425801265496,0.0498334224453119
"test","ASL","DeepPT","her2+",0.0778038327261172,0.0344368001738178
"test","ASMTL","DeepPT","her2+",0.0465179178678467,0.0250587439370557
"test","ASNA1","DeepPT","her2+",0.245094536697344,0.212367425186316
"test","ASNS","DeepPT","her2+",0.0421163850181904,0.0169011378392978
"test","ATAD1","DeepPT","her2+",0.0652718253784224,0.0210248693449526
"test","ATF6B","DeepPT","her2+",0.0487733900282369,0.0193643232409319
"test","ATG12","DeepPT","her2+",0.101992590714139,0.037922523494242
"test","ATG16L2","DeepPT","her2+",0.0135033746315647,0.00456529796935847
"test","ATL2","DeepPT","her2+",0.0546163973765677,0.0174831295540355
"test","ATP5H","DeepPT","her2+",0.201805348089868,0.126783574202655
"test","ATP5O","DeepPT","her2+",0.201502693675884,0.148651507184962
"test","ATP6AP1","DeepPT","her2+",0.241892283609118,0.197987154781667
"test","ATP6V0D1","DeepPT","her2+",0.15125343482192,0.0905087580937786
"test","AURKAIP1","DeepPT","her2+",0.149750940070698,0.107403573257569
"test","AVEN","DeepPT","her2+",0.0311527652474664,0.0132881660586145
"test","BABAM1","DeepPT","her2+",0.194731190899971,0.125365972630909
"test","BAD","DeepPT","her2+",0.20928091620086,0.167505565168611
"test","BAIAP3","DeepPT","her2+",0.0146995112107013,0.00892605204798092
"test","BCAM","DeepPT","her2+",0.187904068146606,0.159345097391779
"test","BCL2L12","DeepPT","her2+",0.0743602494093718,0.0303031911122811
"test","BGN","DeepPT","her2+",0.261394191712111,0.209846750169034
"test","BICDL1","DeepPT","her2+",0.0480989171258825,0.0162781060943707
"test","BIN3","DeepPT","her2+",0.0439697096955468,0.0207098876895077
"test","BIRC2","DeepPT","her2+",0.105744910189246,0.04602358843738
"test","BOK","DeepPT","her2+",0.0981858484779044,0.0597798025973031
"test","BOLA3","DeepPT","her2+",0.0554887517333598,0.0102643216952285
"test","BRD9","DeepPT","her2+",0.150399052230015,0.0769401885020554
"test","BRF1","DeepPT","her2+",0.126546986024805,0.0692885995200058
"test","BRF2","DeepPT","her2+",0.115663906578803,0.06885318301115
"test","BRK1","DeepPT","her2+",0.155331958526752,0.100290445751979
"test","BRPF1","DeepPT","her2+",0.0258171315948724,0.00952296876755137
"test","BSG","DeepPT","her2+",0.237295358826995,0.218078378054999
"test","BST2","DeepPT","her2+",0.237042024374412,0.188637364482716
"test","BTG1","DeepPT","her2+",0.227163057240702,0.184566265407727
"test","C10orf10","DeepPT","her2+",0.0411931621516312,0.0168103826148951
"test","C10orf54","DeepPT","her2+",0.155242498738328,0.0918145483784786
"test","C12orf45","DeepPT","her2+",0.0944109973116469,0.0343642637162446
"test","C15orf61","DeepPT","her2+",0.0349540179437416,0.0115688052848945
"test","C19orf24","DeepPT","her2+",0.105746818878662,0.0731484299811562
"test","C19orf52","DeepPT","her2+",0.0191015219483369,0.0133463722030441
"test","C19orf60","DeepPT","her2+",0.104718721812211,0.0688551957471575
"test","C1QB","DeepPT","her2+",0.293965289403093,0.222867102983077
"test","C1R","DeepPT","her2+",0.223759216001937,0.165621618880067
"test","C1S","DeepPT","her2+",0.159118435982666,0.0837685061900936
"test","C1orf216","DeepPT","her2+",-0.004790811597951,0.00119241596005135
"test","C2","DeepPT","her2+",0.045017238250758,0.0234355133556009
"test","C2CD2L","DeepPT","her2+",0.00324645183665337,0.00808633385733148
"test","C3","DeepPT","her2+",0.381009671542715,0.31021672753054
"test","C4orf48","DeepPT","her2+",0.11262704983519,0.106325052703623
"test","C5orf38","DeepPT","her2+",0.0695435413815303,0.0351485363541904
"test","C6orf136","DeepPT","her2+",0.0406094962702913,0.0155451418231052
"test","C6orf48","DeepPT","her2+",0.137982532150064,0.0657590772659517
"test","CADM4","DeepPT","her2+",0.15087504984728,0.0886995453871618
"test","CALML5","DeepPT","her2+",0.0171577436393155,0.0230914965634295
"test","CAMTA2","DeepPT","her2+",0.0771953711980177,0.03335015541383
"test","CAPG","DeepPT","her2+",0.213993385378297,0.13172460039493
"test","CARS2","DeepPT","her2+",0.141637325595589,0.0741641805514301
"test","CBLC","DeepPT","her2+",0.0388181788163436,0.0209280585717504
"test","CCDC106","DeepPT","her2+",0.0805086734248495,0.0410594858688883
"test","CCDC167","DeepPT","her2+",0.110454643327626,0.0541317193380205
"test","CCDC57","DeepPT","her2+",0.0552710270510727,0.0309854045861648
"test","CCDC80","DeepPT","her2+",0.0572796157670621,0.0253757160061183
"test","CCDC88B","DeepPT","her2+",0.0659172841083441,0.0269494432009989
"test","CCL19","DeepPT","her2+",0.217839687003406,0.0694806582356292
"test","CCL2","DeepPT","her2+",0.077528587555154,0.0292244391492506
"test","CCL21","DeepPT","her2+",0.0219584800372516,0.00756715757059453
"test","CCM2","DeepPT","her2+",0.221401927133393,0.151579522737146
"test","CCNB1IP1","DeepPT","her2+",0.0637452805270396,0.026541941272487
"test","CCNE2","DeepPT","her2+",0.106546726885699,0.0348113702610481
"test","CCS","DeepPT","her2+",0.13910497280913,0.0757278469115319
"test","CCT4","DeepPT","her2+",0.268765365153187,0.190993414674076
"test","CD14","DeepPT","her2+",0.249236516938921,0.175851009703793
"test","CD320","DeepPT","her2+",0.0785636250057381,0.0520231514872753
"test","CD3D","DeepPT","her2+",0.138334820862603,0.0414809727535148
"test","CD4","DeepPT","her2+",0.0998735623103607,0.0373719265288275
"test","CD52","DeepPT","her2+",0.312525019470598,0.177524587063335
"test","CD68","DeepPT","her2+",0.225128479055472,0.159216331782454
"test","CD74","DeepPT","her2+",0.38270139699642,0.340334459580806
"test","CD79A","DeepPT","her2+",0.0986920955784009,0.0452054191238124
"test","CDH11","DeepPT","her2+",0.0314076007215131,0.0104963048692434
"test","CDK5RAP1","DeepPT","her2+",0.0816929753169076,0.0240159637159292
"test","CEP250","DeepPT","her2+",0.051149605830455,0.0172258160736582
"test","CERCAM","DeepPT","her2+",0.045541308447789,0.0288811651718743
"test","CERS5","DeepPT","her2+",0.0491872090384205,0.024626235121555
"test","CES2","DeepPT","her2+",0.0389817655768561,0.0195669197120056
"test","CFAP36","DeepPT","her2+",0.0614735482542339,0.0180267613178592
"test","CFDP1","DeepPT","her2+",0.022733831294857,0.00756654628652158
"test","CGGBP1","DeepPT","her2+",0.144241861041337,0.066029671021518
"test","CHCHD6","DeepPT","her2+",0.0580822975097013,0.023329860919715
"test","CHD1","DeepPT","her2+",0.0766909510178813,0.0265397122323392
"test","CHD6","DeepPT","her2+",0.114816787609818,0.0542485634768615
"test","CHFR","DeepPT","her2+",0.100062519453512,0.0386640403615258
"test","CHST11","DeepPT","her2+",0.0558505054268717,0.0150640064162479
"test","CIR1","DeepPT","her2+",0.0211793586671476,0.00988427052853926
"test","CLASRP","DeepPT","her2+",0.152616900315314,0.0738068062709203
"test","CLDN3","DeepPT","her2+",0.251821088629169,0.227276810116416
"test","CLDN4","DeepPT","her2+",0.308673928330267,0.253143809713359
"test","CLU","DeepPT","her2+",0.124681393348751,0.0856627320094999
"test","CNN2","DeepPT","her2+",0.194422326877851,0.175399574765782
"test","COL14A1","DeepPT","her2+",-0.00147716186032905,0.00251124240365465
"test","COL3A1","DeepPT","her2+",0.241086306368146,0.177999323650674
"test","COL4A1","DeepPT","her2+",0.141838934094228,0.071006924167933
"test","COL6A2","DeepPT","her2+",0.253447481821523,0.214889396393754
"test","COL8A2","DeepPT","her2+",0.0255419329364643,0.0134982189774037
"test","COMMD1","DeepPT","her2+",0.0478911252397462,0.0137624232722191
"test","COMP","DeepPT","her2+",0.148787810141325,0.110632065477391
"test","COPS7A","DeepPT","her2+",0.127742225174573,0.0586867432180686
"test","COQ4","DeepPT","her2+",0.0805431125895014,0.0518229492563574
"test","CORO1A","DeepPT","her2+",0.10537418286719,0.0288572462716551
"test","CORO1B","DeepPT","her2+",0.195436371789217,0.172001869491996
"test","CORO2A","DeepPT","her2+",0.0935008496857844,0.0319863649754361
"test","CORO7","DeepPT","her2+",0.151135284807652,0.088547762345153
"test","COX5A","DeepPT","her2+",0.138689664044591,0.0834028514640599
"test","CPNE1","DeepPT","her2+",0.18258764281962,0.104882699035154
"test","CPSF1","DeepPT","her2+",0.0848248507015586,0.0479396546593092
"test","CPVL","DeepPT","her2+",0.0771764622735536,0.0290417731512127
"test","CRABP2","DeepPT","her2+",0.234313664436327,0.19670673208845
"test","CRACR2B","DeepPT","her2+",0.261575393811631,0.175247056652084
"test","CRELD2","DeepPT","her2+",0.102337146293265,0.0391934135215108
"test","CROCC","DeepPT","her2+",0.0262133328379023,0.0106319891864048
"test","CSF1","DeepPT","her2+",0.0724914757843708,0.0271865880367718
"test","CSF1R","DeepPT","her2+",0.196290299201897,0.103625603240569
"test","CTDSPL","DeepPT","her2+",0.125835313677353,0.0624121003644681
"test","CTIF","DeepPT","her2+",0.0673113596975237,0.0320208854937859
"test","CTSK","DeepPT","her2+",0.154135486834032,0.0855371450438842
"test","CTU2","DeepPT","her2+",0.017342727083653,0.0104590570177794
"test","CUTC","DeepPT","her2+",0.0687955065783002,0.0232415162019579
"test","CUX1","DeepPT","her2+",0.152942478475333,0.087906684967812
"test","CX3CL1","DeepPT","her2+",0.0763856951473476,0.0323341998764528
"test","CXCL10","DeepPT","her2+",0.0956397492697427,0.0375807170001048
"test","CXXC5","DeepPT","her2+",0.243853021432164,0.202776203299249
"test","CYP27A1","DeepPT","her2+",0.00318245135788909,0.00426474139728452
"test","DAPK3","DeepPT","her2+",0.19776476256391,0.16039057002854
"test","DCAF6","DeepPT","her2+",0.129225290007453,0.0513618515903042
"test","DCXR","DeepPT","her2+",0.157040656780921,0.108049872279591
"test","DDAH1","DeepPT","her2+",0.0654536694762147,0.0165418350691706
"test","DDB2","DeepPT","her2+",0.0267911712817679,0.0153174913481306
"test","DDIT3","DeepPT","her2+",0.0570885562835193,0.0235336649441475
"test","DDRGK1","DeepPT","her2+",0.117589421322721,0.0691378459821448
"test","DDT","DeepPT","her2+",0.164393637180629,0.119218738906566
"test","DEAF1","DeepPT","her2+",0.0901870158613351,0.0475523702502957
"test","DENND1A","DeepPT","her2+",0.0579082673047809,0.0294909257158106
"test","DERL3","DeepPT","her2+",0.101196578240582,0.0590885070014011
"test","DESI1","DeepPT","her2+",0.0815893235121932,0.0353458957278052
"test","DHX16","DeepPT","her2+",0.0119207725980066,0.00922272157855192
"test","DLG1","DeepPT","her2+",0.0720754913698923,0.0367026864804805
"test","DMAP1","DeepPT","her2+",0.115212089753052,0.0666176862072386
"test","DNAJB2","DeepPT","her2+",0.176687371631772,0.125052515188552
"test","DNAJC1","DeepPT","her2+",0.129724253389722,0.0624797393737608
"test","DNAJC7","DeepPT","her2+",0.169447201648676,0.0995010697715776
"test","DOCK6","DeepPT","her2+",0.101912531593165,0.0422358124163996
"test","DPH3","DeepPT","her2+",0.0512221675451112,0.0113006509961156
"test","DPM2","DeepPT","her2+",0.193562258896783,0.144369437647632
"test","DPP7","DeepPT","her2+",0.17820448356855,0.13621654672737
"test","DPP9","DeepPT","her2+",0.0961803771530735,0.0694006822989011
"test","DPYSL3","DeepPT","her2+",0.146279584318746,0.0910511719897324
"test","DVL1","DeepPT","her2+",0.121762483850555,0.0499885250143488
"test","EBAG9","DeepPT","her2+",0.0254340678842903,0.00895556503201917
"test","ECHDC2","DeepPT","her2+",0.0530025334406124,0.0241767967907101
"test","ECM1","DeepPT","her2+",0.153385307572321,0.113662317404606
"test","EFEMP2","DeepPT","her2+",0.0839840392360957,0.0501712064782937
"test","EFHD2","DeepPT","her2+",0.131546047577455,0.0726380836621764
"test","EIF1AD","DeepPT","her2+",0.0323396256571469,0.0116273320307124
"test","EIF3B","DeepPT","her2+",0.281590347335677,0.232241869338179
"test","EIF3F","DeepPT","her2+",0.0799493836593112,0.0386735410171774
"test","EIF3G","DeepPT","her2+",0.154995442670274,0.11054050631524
"test","ELN","DeepPT","her2+",0.0243849020742065,0.0112624734972343
"test","ELOF1","DeepPT","her2+",0.138409098302134,0.0868021349230896
"test","EMC3","DeepPT","her2+",0.0945439250589622,0.0434760760885569
"test","ENPP1","DeepPT","her2+",0.119722303019741,0.0492859993339088
"test","EPHB3","DeepPT","her2+",0.130900996341392,0.0858508649218597
"test","ERAL1","DeepPT","her2+",0.0566122683626774,0.02841644957385
"test","ERI3","DeepPT","her2+",0.179084249470642,0.157693149659788
"test","ERMP1","DeepPT","her2+",0.0785219392242593,0.0347454424714721
"test","ETFB","DeepPT","her2+",0.178225067005115,0.1455473985161
"test","EVA1B","DeepPT","her2+",0.120386956919687,0.0943520482168596
"test","EXD3","DeepPT","her2+",0.0387076167697625,0.0109570741737973
"test","EXOC5","DeepPT","her2+",0.159682817155556,0.0639994650233942
"test","EXOSC1","DeepPT","her2+",0.0566074910237676,0.0271031984268222
"test","EXOSC10","DeepPT","her2+",0.127200887735058,0.0567172650518181
"test","EXOSC2","DeepPT","her2+",0.0222393121964095,0.0113144956895581
"test","EZH2","DeepPT","her2+",0.140336954250365,0.0440130666935355
"test","FAAH","DeepPT","her2+",0.107976184319609,0.0407323435251108
"test","FADS2","DeepPT","her2+",0.268304479512406,0.217545967503039
"test","FAH","DeepPT","her2+",0.0816236929183729,0.0344143512622364
"test","FAIM2","DeepPT","her2+",0.0402294902275247,0.0180026917345042
"test","FAM102A","DeepPT","her2+",0.0841459869478146,0.0455074706127854
"test","FAM117A","DeepPT","her2+",0.106166062993652,0.0426983792936142
"test","FAM118A","DeepPT","her2+",0.0389692918704294,0.0159279695902539
"test","FAM160B1","DeepPT","her2+",0.0407262490735436,0.0151221625418399
"test","FAM173A","DeepPT","her2+",0.109955076297329,0.0719248750409543
"test","FAM193B","DeepPT","her2+",0.196968088000047,0.108738251694295
"test","FAM213B","DeepPT","her2+",0.101852731432919,0.0461817222243532
"test","FAM3A","DeepPT","her2+",0.0911996848735344,0.0550420232151391
"test","FAM45A","DeepPT","her2+",0.0419920872135798,0.0190976211361476
"test","FAP","DeepPT","her2+",0.0455527111449796,0.0115310681081207
"test","FARP1","DeepPT","her2+",0.197958016126251,0.16063625742784
"test","FARSB","DeepPT","her2+",0.107154145861581,0.0417953344247607
"test","FASN","DeepPT","her2+",0.403256663450595,0.357531462331356
"test","FBF1","DeepPT","her2+",0.025743981446546,0.00901422593112341
"test","FBLN2","DeepPT","her2+",0.0797266685014548,0.036904731202338
"test","FCER1G","DeepPT","her2+",0.083719923448869,0.0307481028945057
"test","FDPS","DeepPT","her2+",0.235240189799766,0.161086037755209
"test","FGFR1","DeepPT","her2+",0.0916507240012844,0.0695589808523669
"test","FKBP10","DeepPT","her2+",0.113021805849283,0.0723578392562401
"test","FKBP8","DeepPT","her2+",0.171312350401384,0.128102113232565
"test","FLNA","DeepPT","her2+",0.245020592656384,0.237819989004362
"test","FN1","DeepPT","her2+",0.260322913337109,0.223902610482436
"test","FNBP4","DeepPT","her2+",0.0662717031878551,0.030211602816818
"test","FOXP4","DeepPT","her2+",0.235556676586772,0.161230137392219
"test","FSTL1","DeepPT","her2+",0.109869255328393,0.0606068111108553
"test","FSTL3","DeepPT","her2+",0.0772521356645999,0.0371759330368743
"test","FUOM","DeepPT","her2+",0.0692136094955884,0.03484439550569
"test","FUS","DeepPT","her2+",0.21062998478965,0.17780642399915
"test","FZD2","DeepPT","her2+",0.0439092866500431,0.0222027450355973
"test","GALK1","DeepPT","her2+",0.0264172248643775,0.00988021228730886
"test","GANAB","DeepPT","her2+",0.245154586042522,0.193829423768583
"test","GAR1","DeepPT","her2+",0.0619318604663019,0.023079069591786
"test","GAS6","DeepPT","her2+",0.181269605667748,0.118455573922366
"test","GATA3","DeepPT","her2+",0.231427582891542,0.151961189572014
"test","GATC","DeepPT","her2+",0.198703658989287,0.137756721146249
"test","GBP1","DeepPT","her2+",0.142601151033425,0.0600499592031553
"test","GBP2","DeepPT","her2+",0.110167290845277,0.0434388989352502
"test","GBP3","DeepPT","her2+",0.101716825477046,0.0303291566671152
"test","GBP4","DeepPT","her2+",0.0213319356159001,0.00834085676249113
"test","GBP5","DeepPT","her2+",0.122909109967366,0.0354924311091304
"test","GEMIN4","DeepPT","her2+",0.0466025961134648,0.0154651665615184
"test","GLCCI1","DeepPT","her2+",0.081202584058335,0.0323017504009973
"test","GLG1","DeepPT","her2+",0.0969476141072249,0.0719172129576945
"test","GLTSCR2","DeepPT","her2+",0.134043590012796,0.106525420246502
"test","GMFG","DeepPT","her2+",0.125131553829399,0.0482770816948582
"test","GMPPA","DeepPT","her2+",0.114280464377113,0.0624960912320427
"test","GNAI2","DeepPT","her2+",0.285262932840277,0.245972513143977
"test","GNAS","DeepPT","her2+",0.409272288601987,0.387174624900641
"test","GNL2","DeepPT","her2+",0.176802972142935,0.0736901000689992
"test","GPR108","DeepPT","her2+",0.121896289075969,0.0643448333482991
"test","GPRC5A","DeepPT","her2+",0.230767359273431,0.157040460193388
"test","GPS1","DeepPT","her2+",0.145629589821814,0.105425880339339
"test","GPSM1","DeepPT","her2+",0.0673044797272071,0.0286602550077191
"test","GPX3","DeepPT","her2+",0.026345430838622,0.0151526582661328
"test","GRK3","DeepPT","her2+",0.0164953126266722,0.00889561815491012
"test","GSK3A","DeepPT","her2+",0.143977562151685,0.0967061219811024
"test","GSTM3","DeepPT","her2+",0.0927637396280199,0.0520099863414421
"test","GYPC","DeepPT","her2+",0.11750765582581,0.0602054915108422
"test","HAGHL","DeepPT","her2+",0.0493042219123653,0.0269303525422904
"test","HCFC1R1","DeepPT","her2+",0.232697449324102,0.189420348155599
"test","HCST","DeepPT","her2+",0.159174865062693,0.0716834851358883
"test","HDAC5","DeepPT","her2+",0.0363567366746055,0.0203789537231214
"test","HDAC6","DeepPT","her2+",0.0700925587254998,0.0248000598102902
"test","HELZ2","DeepPT","her2+",0.0587812812366125,0.0422873105843087
"test","HES1","DeepPT","her2+",0.140029098945495,0.0794378731558081
"test","HLA.B","DeepPT","her2+",0.334611957553333,0.304094263123433
"test","HLA.DMA","DeepPT","her2+",0.182214414633902,0.116418907865253
"test","HLA.DMB","DeepPT","her2+",0.166222351783003,0.0753536257771997
"test","HLA.DOA","DeepPT","her2+",0.0602784887999077,0.0149121428390394
"test","HLA.DPA1","DeepPT","her2+",0.328815234017731,0.261269531410718
"test","HLA.DPB1","DeepPT","her2+",0.269675766025421,0.160913053385739
"test","HLA.DRA","DeepPT","her2+",0.358706245199385,0.291563921742307
"test","HLA.DRB1","DeepPT","her2+",0.286655884059858,0.203701007673028
"test","HMGB2","DeepPT","her2+",0.235130357050273,0.13161944398086
"test","HNRNPUL2","DeepPT","her2+",0.27174398487867,0.206458248259185
"test","HOOK3","DeepPT","her2+",0.0311483404964958,0.0137066046899148
"test","HPS6","DeepPT","her2+",0.0237239961694959,0.00957246801919107
"test","HSD17B1","DeepPT","her2+",0.0405731118795339,0.0178565611953203
"test","HSPA4","DeepPT","her2+",0.0853818070238326,0.057738303956974
"test","HSPB1","DeepPT","her2+",0.281583843103745,0.244057428479601
"test","HSPB11","DeepPT","her2+",0.0934451768649722,0.0199709608380153
"test","HYI","DeepPT","her2+",0.111280931169204,0.0646523862322846
"test","IDH3G","DeepPT","her2+",0.0362619944849571,0.0212563124347959
"test","IDUA","DeepPT","her2+",-0.00818238960251806,0.00296760636206787
"test","IER5L","DeepPT","her2+",0.237421767309693,0.212934650283662
"test","IFI27","DeepPT","her2+",0.199008808072008,0.186493639073483
"test","IFI27L1","DeepPT","her2+",-0.00934226424613036,0.00448720521555479
"test","IFI44L","DeepPT","her2+",0.0435647139677386,0.0224902107348584
"test","IGFBP2","DeepPT","her2+",0.229862727730365,0.186285004325024
"test","IGFBP4","DeepPT","her2+",0.220314265319661,0.190484455611921
"test","IGHA1","DeepPT","her2+",0.220537727761778,0.157272605077546
"test","IGHG3","DeepPT","her2+",0.17766775947466,0.129441005915951
"test","IGHG4","DeepPT","her2+",0.0555281546842576,0.0624252374245207
"test","IGHM","DeepPT","her2+",0.130491513656511,0.0967418042751517
"test","IGKC","DeepPT","her2+",0.198066851402467,0.14034856169316
"test","IGLC2","DeepPT","her2+",0.168036363433743,0.134538178078558
"test","IGLC3","DeepPT","her2+",0.218947187586326,0.157403285909188
"test","IGLC7","DeepPT","her2+",0.056889828954126,0.0406848162815209
"test","IKZF3","DeepPT","her2+",0.0457273709037899,0.0198440297842231
"test","IL10RA","DeepPT","her2+",0.104952965497781,0.034058248476997
"test","ILKAP","DeepPT","her2+",0.00614095398936296,0.00809014055114425
"test","INAFM1","DeepPT","her2+",0.0355942630608055,0.0187883958980919
"test","INPP4B","DeepPT","her2+",0.0331178837903267,0.0100237348474256
"test","INPP5D","DeepPT","her2+",0.11952974820348,0.0460151809669187
"test","INPP5J","DeepPT","her2+",0.0102146029180521,0.00637662748974484
"test","INTS8","DeepPT","her2+",0.173067679322183,0.0799163984879403
"test","ISG15","DeepPT","her2+",0.131960275246179,0.0947094050086805
"test","ISLR","DeepPT","her2+",0.0648434414997997,0.0439148149791576
"test","ITGA5","DeepPT","her2+",0.0881365459790283,0.0384589836684203
"test","ITGB4","DeepPT","her2+",0.0875427559002746,0.056431585954128
"test","ITGB6","DeepPT","her2+",0.197416921398121,0.125327086742493
"test","ITSN1","DeepPT","her2+",0.0622286344356232,0.0207034665897802
"test","JAG2","DeepPT","her2+",0.00434196593192309,0.00445093465863352
"test","JAK1","DeepPT","her2+",0.0611720704360423,0.0317111207843328
"test","JAK3","DeepPT","her2+",0.125000521365439,0.0805383363685408
"test","JCHAIN","DeepPT","her2+",0.172617689050083,0.0672765660684293
"test","JMJD6","DeepPT","her2+",0.0371545418740429,0.0174121783361476
"test","KAT6B","DeepPT","her2+",0.0533153511071396,0.0176960036804588
"test","KATNA1","DeepPT","her2+",0.0661234619963398,0.0190443176207273
"test","KCNAB2","DeepPT","her2+",0.0124150024507305,0.00955410528322127
"test","KCTD10","DeepPT","her2+",0.133324201494522,0.0643781341305927
"test","KDM4B","DeepPT","her2+",0.20875134604383,0.13888069069826
"test","KIAA0895L","DeepPT","her2+",0.0876675499714583,0.0283766256401227
"test","KIAA1211L","DeepPT","her2+",0.0459541848706258,0.0180327070405287
"test","KIAA1217","DeepPT","her2+",0.111633396962396,0.0568616971774826
"test","KIAA1468","DeepPT","her2+",0.0528761254707892,0.017803239878088
"test","KIAA1715","DeepPT","her2+",0.0631657737069439,0.0232602585949076
"test","KIF13B","DeepPT","her2+",0.0613318814268583,0.0284251228297215
"test","KLF9","DeepPT","her2+",0.00589597062731684,0.00597654993115186
"test","KMT2B","DeepPT","her2+",0.196453860033881,0.135184068083305
"test","KMT2E","DeepPT","her2+",0.0602956669142432,0.0268664727619918
"test","KPNB1","DeepPT","her2+",0.153381688763879,0.0898159528299185
"test","KRAS","DeepPT","her2+",0.131471120526307,0.0567114344627078
"test","KRT10","DeepPT","her2+",0.169608114410865,0.0843985600788512
"test","KRT17","DeepPT","her2+",0.0257135732467223,0.00925483700715204
"test","KRT8","DeepPT","her2+",0.247762122446531,0.168404208580614
"test","KRT86","DeepPT","her2+",0.0476407319352437,0.0265905821407186
"test","LAMB2","DeepPT","her2+",0.105514825329381,0.0658164781229227
"test","LAMTOR2","DeepPT","her2+",0.193055479248099,0.125320167626244
"test","LANCL1","DeepPT","her2+",0.0226431893085031,0.0103642962097917
"test","LARP1B","DeepPT","her2+",0.0444535648077241,0.014352477398293
"test","LARP7","DeepPT","her2+",0.0663095367671133,0.0250903107370766
"test","LCK","DeepPT","her2+",0.102026376050803,0.03524824628233
"test","LCP1","DeepPT","her2+",0.120922358813982,0.0730306406245815
"test","LGALS1","DeepPT","her2+",0.17064270366932,0.156692944540618
"test","LIMCH1","DeepPT","her2+",0.10394432972843,0.0404587247513712
"test","LIMK1","DeepPT","her2+",0.194385259729456,0.138898968676752
"test","LINC00176","DeepPT","her2+",0.107316353355526,0.0526557663181949
"test","LINGO1","DeepPT","her2+",0.0487322198445541,0.0227170856435373
"test","LLGL1","DeepPT","her2+",0.0340830382654061,0.0165285086986467
"test","LMF1","DeepPT","her2+",0.0103711656119368,0.00505553912318644
"test","LMNA","DeepPT","her2+",0.225476638413982,0.209016107470804
"test","LRRC8A","DeepPT","her2+",0.0587561440640103,0.0285041152448482
"test","LRWD1","DeepPT","her2+",0.0432810167272978,0.0110774442671939
"test","LST1","DeepPT","her2+",0.111539422196245,0.0391447751704526
"test","LTB4R","DeepPT","her2+",0.0716771909376128,0.0309849556405212
"test","LTBP3","DeepPT","her2+",0.159541077943228,0.143826695108132
"test","LTF","DeepPT","her2+",0.0599898208211026,0.033573289654338
"test","LUC7L","DeepPT","her2+",0.116582577929235,0.0568857277264138
"test","LUC7L3","DeepPT","her2+",0.232838942379355,0.170291890612928
"test","LUM","DeepPT","her2+",0.218210488996234,0.163235042918891
"test","LYL1","DeepPT","her2+",0.0143994243811148,0.00979318959365382
"test","MAGEF1","DeepPT","her2+",0.168048668416035,0.0800065848942965
"test","MAGI1","DeepPT","her2+",0.0253780773498973,0.012623073630775
"test","MAGOHB","DeepPT","her2+",0.0681198493074686,0.0207921024989951
"test","MAP1S","DeepPT","her2+",0.073450400820878,0.0320056365980531
"test","MAP3K14","DeepPT","her2+",-0.0153572761546845,0.00229150623688805
"test","MAP3K6","DeepPT","her2+",0.0696934532371561,0.0283570472324912
"test","MAP4K2","DeepPT","her2+",0.0534101865380711,0.0154167851807427
"test","MAPK9","DeepPT","her2+",0.043056410885578,0.0157128551284507
"test","MAPKAPK5","DeepPT","her2+",0.101943649089487,0.0334071511204992
"test","MARS","DeepPT","her2+",0.167203939768941,0.102920000012148
"test","MAVS","DeepPT","her2+",0.0860685716561846,0.045260558192479
"test","MCTS1","DeepPT","her2+",0.111041284179123,0.0434674782522231
"test","MED13L","DeepPT","her2+",0.0604269666562185,0.0282264800195246
"test","MED25","DeepPT","her2+",0.185095887564195,0.111107315032627
"test","MEN1","DeepPT","her2+",0.0227393386362741,0.0101434385371489
"test","METTL12","DeepPT","her2+",-0.00954646074705468,0.0042364456282252
"test","METTL16","DeepPT","her2+",0.0575366001916836,0.0183247327416959
"test","MFAP4","DeepPT","her2+",0.0609792380618148,0.0226573566271464
"test","MFSD3","DeepPT","her2+",0.030009627425034,0.0116385108557094
"test","MFSD7","DeepPT","her2+",0.00510477054360972,0.00723612199341067
"test","MGMT","DeepPT","her2+",0.0526074397454784,0.0277608918811359
"test","MGP","DeepPT","her2+",0.168171795280474,0.140123743457143
"test","MIB2","DeepPT","her2+",0.0202685850410783,0.012550270888653
"test","MICAL1","DeepPT","her2+",0.0674662857425043,0.0339670248023555
"test","MICALL2","DeepPT","her2+",0.081630612043014,0.0376030591100814
"test","MID1IP1","DeepPT","her2+",0.180619483906265,0.105108337545095
"test","MIF","DeepPT","her2+",0.0437537077045501,0.0169125440310936
"test","MIIP","DeepPT","her2+",0.135231366396798,0.0617637416810783
"test","MKNK1","DeepPT","her2+",0.0479048441264122,0.0179897152295648
"test","MLLT4","DeepPT","her2+",0.0376276774197303,0.0183594405999422
"test","MLST8","DeepPT","her2+",0.17147961614694,0.122755045257978
"test","MMP9","DeepPT","her2+",0.188678923707773,0.0927176645793718
"test","MORC2","DeepPT","her2+",0.152190388495547,0.0828112444536319
"test","MPND","DeepPT","her2+",0.0452635088308418,0.0228618066888311
"test","MPST","DeepPT","her2+",0.168951886359824,0.127455763695764
"test","MRPL2","DeepPT","her2+",0.0431274148737885,0.021405079383829
"test","MRPL21","DeepPT","her2+",0.157637860720018,0.0718463196308389
"test","MRPL23","DeepPT","her2+",0.0734467667260046,0.0307785324358324
"test","MRPL51","DeepPT","her2+",0.26816721567899,0.193417786078583
"test","MRPL54","DeepPT","her2+",0.095886660089672,0.0571886525653683
"test","MRPS22","DeepPT","her2+",0.0928528176772408,0.0315176710915958
"test","MS4A6A","DeepPT","her2+",0.160689638986711,0.0652541424600363
"test","MST1R","DeepPT","her2+",0.0106968857807505,0.00898801408446178
"test","MTG2","DeepPT","her2+",0.0726809556264182,0.0312245159961222
"test","MTMR12","DeepPT","her2+",0.0843216715080358,0.0341498036657539
"test","MUC1","DeepPT","her2+",0.25020777051376,0.215896239707724
"test","MUCL1","DeepPT","her2+",0.114644862899413,0.103661199770895
"test","MUS81","DeepPT","her2+",0.174009562683675,0.0991438688812437
"test","MVP","DeepPT","her2+",0.225246831872173,0.185887606601585
"test","MX2","DeepPT","her2+",0.00638069874753992,0.0069744253657767
"test","MYH10","DeepPT","her2+",0.0863570525785728,0.0319855986722053
"test","MYL12B","DeepPT","her2+",0.303827970334607,0.248548682925778
"test","MYL6B","DeepPT","her2+",0.073230756878231,0.0342599290476788
"test","MYL9","DeepPT","her2+",0.176650668932503,0.168529794733776
"test","MYO1G","DeepPT","her2+",0.0549656068657666,0.0170743398836895
"test","MYO9B","DeepPT","her2+",0.151873368882162,0.0952846875331441
"test","MZT2A","DeepPT","her2+",0.222064437989009,0.204261211018414
"test","NAA10","DeepPT","her2+",0.181972159283107,0.122649757656053
"test","NANS","DeepPT","her2+",0.105900719348638,0.0580563038153241
"test","NCKAP1L","DeepPT","her2+",0.055845692141171,0.0177510467926958
"test","NCKAP5L","DeepPT","her2+",0.0150542309390294,0.00743817930994026
"test","NDRG1","DeepPT","her2+",0.160788051884995,0.127009969572255
"test","NDUFA1","DeepPT","her2+",0.220569226357645,0.162752654732551
"test","NDUFA12","DeepPT","her2+",0.108914955387363,0.0512423735572837
"test","NDUFB2","DeepPT","her2+",0.260776717434529,0.196239090307647
"test","NDUFB3","DeepPT","her2+",0.161824599590709,0.0743179622267076
"test","NDUFB9","DeepPT","her2+",0.260329199480578,0.242554789018617
"test","NDUFC1","DeepPT","her2+",0.199583102543176,0.102571497290739
"test","NDUFS1","DeepPT","her2+",0.122022250371797,0.0654867653949871
"test","NDUFV3","DeepPT","her2+",0.114693089259672,0.0534820102822567
"test","NEBL","DeepPT","her2+",0.0726171961926443,0.0269123628173408
"test","NEK7","DeepPT","her2+",0.0529735577025418,0.0230778877484838
"test","NELFE","DeepPT","her2+",0.109145165009706,0.0660732639995566
"test","NFATC4","DeepPT","her2+",0.0967633100744645,0.0525591262258984
"test","NFIC","DeepPT","her2+",0.200818617646148,0.158685118366368
"test","NINJ1","DeepPT","her2+",0.20853940123514,0.151992999521997
"test","NIT2","DeepPT","her2+",0.141626028225297,0.0653399931458406
"test","NMRAL1","DeepPT","her2+",0.183650783331154,0.135381491753555
"test","NR1H2","DeepPT","her2+",0.105114644430593,0.0625733509724949
"test","NR4A1","DeepPT","her2+",0.0830283395834051,0.0363781915320613
"test","NRP1","DeepPT","her2+",0.0391636589175872,0.014966428515996
"test","NSMCE1","DeepPT","her2+",0.0919205979254633,0.041350855834768
"test","NTMT1","DeepPT","her2+",0.0509076955081514,0.0266735417294539
"test","NUP214","DeepPT","her2+",0.0727865146021667,0.0233885967585028
"test","NUP93","DeepPT","her2+",0.0734794537558671,0.0237601916715251
"test","NXN","DeepPT","her2+",-0.0108360703715642,0.00284273084056613
"test","OASL","DeepPT","her2+",0.0650371044556407,0.0259567438154889
"test","OGFRL1","DeepPT","her2+",0.0841892207551724,0.0260629489599484
"test","OPTN","DeepPT","her2+",0.0569289354774691,0.0216102888422482
"test","ORC2","DeepPT","her2+",0.0606693595452633,0.0165733171939373
"test","OSBPL8","DeepPT","her2+",0.00524482609265112,0.00840765364360347
"test","P4HA2","DeepPT","her2+",0.0383140608928454,0.011864582653909
"test","PAF1","DeepPT","her2+",0.0536670895641953,0.0240458827385864
"test","PAFAH1B3","DeepPT","her2+",0.111178820525106,0.0564798222633665
"test","PAQR4","DeepPT","her2+",0.148173277282258,0.0855559293109874
"test","PARN","DeepPT","her2+",0.0590885565609868,0.0192499989674988
"test","PCCB","DeepPT","her2+",0.141945470595282,0.0599213504914019
"test","PCIF1","DeepPT","her2+",0.0627494901344073,0.0255585908425347
"test","PDCD5","DeepPT","her2+",0.172763026918057,0.064171377808918
"test","PDGFRA","DeepPT","her2+",-0.0163780757596896,-0.000280659063871643
"test","PDGFRB","DeepPT","her2+",0.128671847208824,0.0722631176586374
"test","PER1","DeepPT","her2+",0.0560233641635249,0.0234075817461423
"test","PEX11G","DeepPT","her2+",0.012011481671554,0.00968266364078452
"test","PEX14","DeepPT","her2+",0.0279983975962683,0.00893914120966191
"test","PGLS","DeepPT","her2+",0.180359263184605,0.129415718148907
"test","PHF11","DeepPT","her2+",0.0694923124018643,0.0231795815014443
"test","PHF13","DeepPT","her2+",0.0445908478670865,0.0146277158884874
"test","PHF21A","DeepPT","her2+",0.0485908307513688,0.020660563450848
"test","PHKB","DeepPT","her2+",0.111678673243357,0.0468441679400437
"test","PIGQ","DeepPT","her2+",0.16870719136385,0.108401088280498
"test","PIH1D1","DeepPT","her2+",0.0707809764091922,0.0369214688588654
"test","PILRA","DeepPT","her2+",0.0726967812067798,0.0214908668055562
"test","PIM2","DeepPT","her2+",0.0723444624992595,0.0334147055127668
"test","PITX1","DeepPT","her2+",0.0660476382615559,0.0411913157284657
"test","PKNOX1","DeepPT","her2+",0.0707428429992517,0.0210525820746957
"test","PLAC9","DeepPT","her2+",0.0268057582835654,0.00803689879593284
"test","PLEKHO2","DeepPT","her2+",0.0716441582869679,0.030595298874703
"test","PLIN2","DeepPT","her2+",0.0235598303514456,0.00853980454088917
"test","PLK1","DeepPT","her2+",0.0745541577117522,0.0345982618465763
"test","PLK2","DeepPT","her2+",0.149661416585971,0.0687796797514755
"test","PLLP","DeepPT","her2+",0.000238229608543564,0.00517297082189108
"test","PLP2","DeepPT","her2+",0.129159606204657,0.0728539344134244
"test","PLPPR2","DeepPT","her2+",0.155372225345424,0.09242363257793
"test","PLSCR1","DeepPT","her2+",0.0934629206436609,0.0296209718688758
"test","PLTP","DeepPT","her2+",0.129542631880649,0.0911322715967322
"test","PLVAP","DeepPT","her2+",0.0516651034734635,0.0297862556335602
"test","PLXNA1","DeepPT","her2+",0.150222879577744,0.071972121521783
"test","PLXND1","DeepPT","her2+",0.191922563810546,0.148266155017738
"test","PMP22","DeepPT","her2+",0.0188963286921525,0.0126266108616105
"test","PNISR","DeepPT","her2+",0.0391593735411121,0.0204304063140038
"test","PNMT","DeepPT","her2+",0.172418519825239,0.141387132424675
"test","PNP","DeepPT","her2+",0.0595361906351835,0.0222000308344126
"test","PNPLA6","DeepPT","her2+",0.105105920726997,0.0591625996770583
"test","PODNL1","DeepPT","her2+",0.0157527247385556,0.00945729216016041
"test","PODXL","DeepPT","her2+",0.0297081014424677,0.0210850535277073
"test","POLR2E","DeepPT","her2+",0.18657441417022,0.134076795033515
"test","POLR2J","DeepPT","her2+",0.197421276353978,0.150357486916425
"test","POR","DeepPT","her2+",0.162622342371814,0.10030542240232
"test","POSTN","DeepPT","her2+",0.213989945346605,0.148269725043256
"test","PPHLN1","DeepPT","her2+",0.119919829698454,0.0548009172121243
"test","PPIB","DeepPT","her2+",0.14312818606471,0.120333402650957
"test","PPIH","DeepPT","her2+",0.120103270572244,0.0435171372987348
"test","PPM1G","DeepPT","her2+",0.156047967809341,0.0871038353889969
"test","PPP1R1A","DeepPT","her2+",0.106733354418272,0.082560388978794
"test","PPP1R1B","DeepPT","her2+",0.176013732988685,0.163479418935247
"test","PPP1R37","DeepPT","her2+",0.102847812803165,0.0554459797751462
"test","PRKAB1","DeepPT","her2+",0.115597163986612,0.0632045290621993
"test","PRKCSH","DeepPT","her2+",0.295629311608379,0.247898583610855
"test","PROSER1","DeepPT","her2+",0.0555585691433659,0.0211423330845121
"test","PRPF6","DeepPT","her2+",0.147890981551815,0.0817484306786669
"test","PRPSAP1","DeepPT","her2+",0.0452816973282845,0.0225637307951759
"test","PSCA","DeepPT","her2+",0.0395293186359328,0.0153690917757206
"test","PSMD4","DeepPT","her2+",0.064566145954819,0.0337927197040675
"test","PSTPIP1","DeepPT","her2+",0.0949371836709892,0.0239526889367933
"test","PTGDS","DeepPT","her2+",0.211346675817494,0.0950804424691481
"test","PTOV1","DeepPT","her2+",0.244286863065559,0.21111193923846
"test","PTP4A3","DeepPT","her2+",0.0613612490433614,0.030530981055482
"test","PTPRC","DeepPT","her2+",0.167958351949436,0.0581427614613275
"test","PTPRJ","DeepPT","her2+",0.089784518541653,0.0364997945260737
"test","PTRF","DeepPT","her2+",0.159710032688816,0.132004695046082
"test","PTRH1","DeepPT","her2+",0.0414929253647408,0.0129051506281255
"test","PUS3","DeepPT","her2+",0.0159153085313431,0.00588773282188535
"test","PWP1","DeepPT","her2+",0.0440778357589878,0.0180428520271022
"test","PWWP2B","DeepPT","her2+",0.168370897365074,0.124245437748604
"test","PXDN","DeepPT","her2+",0.216491250291452,0.150716646254538
"test","PYURF","DeepPT","her2+",0.0528348380911755,0.0252477964147056
"test","QSOX1","DeepPT","her2+",0.229246330334111,0.195625357527881
"test","R3HDM2","DeepPT","her2+",0.0806289080207136,0.033571509742728
"test","RAB11FIP1","DeepPT","her2+",0.158235427851946,0.109254922397243
"test","RAB3A","DeepPT","her2+",0.0023064542074439,0.00579174041472846
"test","RAB3GAP1","DeepPT","her2+",0.0926438199774207,0.0525837160104382
"test","RAB3IL1","DeepPT","her2+",0.0292179906079251,0.0142816641918071
"test","RABGAP1L","DeepPT","her2+",0.0698081297698177,0.0301119853657013
"test","RALBP1","DeepPT","her2+",0.0140718540327117,0.00785307885921403
"test","RALGAPA2","DeepPT","her2+",0.0438731030991355,0.0128083905140328
"test","RAMP2","DeepPT","her2+",0.0239560494311293,0.0102628940891632
"test","RAP1B","DeepPT","her2+",0.0195342334342271,0.00787493174859313
"test","RARS2","DeepPT","her2+",0.07726699152852,0.0228313695287943
"test","RASA2","DeepPT","her2+",0.0501297321569537,0.0146749719346691
"test","RASGRP2","DeepPT","her2+",0.0550260717379819,0.0150929146886715
"test","RASSF3","DeepPT","her2+",0.0138612311001477,0.0102324123298309
"test","RBL1","DeepPT","her2+",0.0661981743687349,0.0180840271169759
"test","RBM42","DeepPT","her2+",0.152885905356904,0.0972885691327033
"test","RECQL4","DeepPT","her2+",0.090029902931722,0.0324933568405967
"test","RECQL5","DeepPT","her2+",0.0676998452904451,0.028327486269216
"test","REEP6","DeepPT","her2+",0.0592911814158855,0.0275530342834725
"test","RGS1","DeepPT","her2+",0.0746965895945766,0.0209054479406206
"test","RHOB","DeepPT","her2+",0.291748266522494,0.216758578030794
"test","RIOK1","DeepPT","her2+",0.0593861070349891,0.0182020694988563
"test","RMND1","DeepPT","her2+",0.0664067452216961,0.020327875223132
"test","RNASET2","DeepPT","her2+",0.238971964325779,0.168749680587701
"test","RND3","DeepPT","her2+",0.0265808540285088,0.0104307758011668
"test","RNF135","DeepPT","her2+",0.0749812079105859,0.0249087893541158
"test","RNF170","DeepPT","her2+",0.02902837954327,0.0125604431717514
"test","RRAS","DeepPT","her2+",0.102951695141467,0.0587108240578193
"test","RSL1D1","DeepPT","her2+",0.16295437594311,0.130729958807035
"test","RSRP1","DeepPT","her2+",0.0720425232730499,0.0364508596340583
"test","RUVBL1","DeepPT","her2+",0.109421533517659,0.0388352915281197
"test","S100A14","DeepPT","her2+",0.174291288158836,0.14836760800145
"test","S100A9","DeepPT","her2+",0.0338461674811415,0.0446598406612399
"test","SAMM50","DeepPT","her2+",0.119194995277295,0.0699900013118697
"test","SASH1","DeepPT","her2+",0.0523254606747127,0.0218789197823471
"test","SAT1","DeepPT","her2+",0.210966030609904,0.172529335293109
"test","SCAF1","DeepPT","her2+",0.0776097989898838,0.0411004345531706
"test","SCD","DeepPT","her2+",0.335733867519517,0.273971830660616
"test","SCNN1D","DeepPT","her2+",-0.00593396153463243,0.00478314855234343
"test","SCX","DeepPT","her2+",0.0632740347390168,0.0236098598355948
"test","SDHB","DeepPT","her2+",0.122485301064243,0.0414528435450156
"test","SEC14L2","DeepPT","her2+",0.099895764237006,0.0547476565083853
"test","SEC23A","DeepPT","her2+",0.0391015364702236,0.0114572931740708
"test","SEMA3B","DeepPT","her2+",0.071006693215924,0.0298132046396366
"test","SEMA4B","DeepPT","her2+",0.160609955138094,0.0758990359840296
"test","SF3B4","DeepPT","her2+",0.10279410960215,0.0610186800638985
"test","SFSWAP","DeepPT","her2+",0.105679355541292,0.0373325683129764
"test","SGTA","DeepPT","her2+",0.217739960515676,0.172275964443266
"test","SH3BP5L","DeepPT","her2+",0.0402119183824697,0.0179440202593524
"test","SIGLEC1","DeepPT","her2+",0.00406726374545194,0.00845814663148601
"test","SIGMAR1","DeepPT","her2+",0.121623641399736,0.0501776369822538
"test","SLC16A2","DeepPT","her2+",0.0150847237161907,0.00610516161224252
"test","SLC16A3","DeepPT","her2+",0.146767648584633,0.08909893484529
"test","SLC22A18","DeepPT","her2+",0.0425868174366019,0.0211415797876249
"test","SLC25A24","DeepPT","her2+",0.0156829177946214,0.0115464769461588
"test","SLC2A1","DeepPT","her2+",0.147028296002492,0.0681427046350634
"test","SLC2A8","DeepPT","her2+",0.0384560106598356,0.0172053327730076
"test","SLC35A2","DeepPT","her2+",0.174331344814307,0.100288515029957
"test","SLC43A1","DeepPT","her2+",-0.0145150930477041,0.00195819440022177
"test","SLC4A5","DeepPT","her2+",0.00606903673470646,0.013037233989203
"test","SLC8B1","DeepPT","her2+",0.0963650062055881,0.0463145654385905
"test","SLC9A3R2","DeepPT","her2+",0.146849510328205,0.0857694158742963
"test","SLC9A8","DeepPT","her2+",0.0363369527259058,0.011806680868179
"test","SLFN13","DeepPT","her2+",0.0408845360373322,0.0136527291994186
"test","SLPI","DeepPT","her2+",0.0578150725133568,0.0135868618656464
"test","SMCHD1","DeepPT","her2+",0.103979071891347,0.0572290226342994
"test","SMG9","DeepPT","her2+",0.0914815765970749,0.0367368949213661
"test","SMYD2","DeepPT","her2+",0.0419009742779138,0.0138675284519411
"test","SNAPC3","DeepPT","her2+",0.032111555246823,0.00624419776492737
"test","SNF8","DeepPT","her2+",0.179311517502248,0.143742108829473
"test","SNRPD3","DeepPT","her2+",0.182279906553913,0.0880595110553608
"test","SNTA1","DeepPT","her2+",0.0311699071404415,0.0140168460158482
"test","SNX33","DeepPT","her2+",0.0360791121742718,0.0124599957376718
"test","SNX8","DeepPT","her2+",0.0759173040827524,0.0379555650733241
"test","SOD3","DeepPT","her2+",0.0515882744166828,0.0230659218573319
"test","SOS2","DeepPT","her2+",0.0337039397343716,0.0138091862807985
"test","SOX4","DeepPT","her2+",0.239532031636981,0.202104727837572
"test","SP6","DeepPT","her2+",0.00402948466317798,0.0038949985910599
"test","SPAG9","DeepPT","her2+",0.107572380407326,0.0496020797975719
"test","SPARC","DeepPT","her2+",0.253295530086186,0.201108425760523
"test","SPIN1","DeepPT","her2+",0.0956563875867019,0.0386798135624715
"test","SPSB1","DeepPT","her2+",0.0659537264104786,0.0258790331080019
"test","SRGN","DeepPT","her2+",0.20834609218714,0.0911502640467458
"test","SRPX2","DeepPT","her2+",0.00407035588729308,0.00842873731546944
"test","SRR","DeepPT","her2+",0.0648578464185753,0.0260947698760285
"test","SRRT","DeepPT","her2+",0.181674923275448,0.0993727314304508
"test","SRSF1","DeepPT","her2+",0.26146940499987,0.169566264736953
"test","SRSF5","DeepPT","her2+",0.249194295805836,0.18847017393585
"test","SSSCA1","DeepPT","her2+",0.0503799314804186,0.0216946981607201
"test","STAMBP","DeepPT","her2+",0.107159491188437,0.0354862806370905
"test","STAT5A","DeepPT","her2+",0.0570398124232983,0.0215827174277631
"test","STK17A","DeepPT","her2+",0.0505486794832294,0.0142376328097254
"test","STK4","DeepPT","her2+",0.0576854846166397,0.018035044030221
"test","STMN1","DeepPT","her2+",0.275142129538548,0.203645432269085
"test","STRN3","DeepPT","her2+",0.0137991771136274,0.00765320536950559
"test","STT3A","DeepPT","her2+",0.0891095853772708,0.04175087610835
"test","SUGP1","DeepPT","her2+",0.00878007260961563,0.00816484995056546
"test","SURF1","DeepPT","her2+",0.00133551319433259,0.00762861195442967
"test","SVIL","DeepPT","her2+",-0.00546839739934784,3.93346389938555e-05
"test","SYDE1","DeepPT","her2+",-0.0189036196862131,-0.0019930065729851
"test","SYK","DeepPT","her2+",0.0403205965924673,0.0182448509125438
"test","TACC3","DeepPT","her2+",0.0814798305285688,0.0279045388260419
"test","TANC2","DeepPT","her2+",0.134738174640988,0.0583818616436175
"test","TARBP1","DeepPT","her2+",0.038702863598851,0.0161412190890865
"test","TAX1BP1","DeepPT","her2+",0.131749629396008,0.0653544303327377
"test","TAX1BP3","DeepPT","her2+",0.0984158866119214,0.0491809902574706
"test","TBC1D10A","DeepPT","her2+",0.115665879523083,0.0515620921486569
"test","TBC1D23","DeepPT","her2+",0.10050632939326,0.0340704684909062
"test","TBCA","DeepPT","her2+",0.0738768625350878,0.0242533099340005
"test","TBXAS1","DeepPT","her2+",0.0616486884050894,0.0204241646102159
"test","TCEA2","DeepPT","her2+",0.0747953645548883,0.0290296058019299
"test","TCEA3","DeepPT","her2+",0.137436491922917,0.0652397132498139
"test","TCF25","DeepPT","her2+",0.15606521659381,0.135849202984038
"test","TDRD3","DeepPT","her2+",0.01774096561044,0.00726593845909845
"test","TESK1","DeepPT","her2+",0.126478071051755,0.0673000327093188
"test","TESMIN","DeepPT","her2+",0.0736588972722545,0.0231713153008294
"test","TEX10","DeepPT","her2+",0.0655399924605871,0.020430955443616
"test","TEX2","DeepPT","her2+",0.121651437178302,0.0576307991078129
"test","TFF3","DeepPT","her2+",0.189891432779801,0.168380492717561
"test","TGFBR2","DeepPT","her2+",0.00701394929395941,0.00674101855449316
"test","THBS1","DeepPT","her2+",0.155545304883886,0.0992810880431591
"test","THOC5","DeepPT","her2+",0.0339563601379929,0.0117271695117963
"test","THOC6","DeepPT","her2+",0.0191527457082217,0.00612411244777904
"test","TIGD5","DeepPT","her2+",0.0163183127597479,0.0112661473374766
"test","TIMP1","DeepPT","her2+",0.286515297452908,0.229178118688352
"test","TJP3","DeepPT","her2+",0.0923174625904467,0.0361373801149028
"test","TM7SF2","DeepPT","her2+",0.180280435333931,0.136621270444863
"test","TMBIM6","DeepPT","her2+",0.284146246219778,0.240862268411969
"test","TMEM101","DeepPT","her2+",0.0510674581828547,0.0200133812991568
"test","TMEM123","DeepPT","her2+",0.26746866102358,0.188105654371615
"test","TMEM14B","DeepPT","her2+",0.171938227348393,0.0909583150347491
"test","TMEM160","DeepPT","her2+",0.105687483808676,0.0750469003691743
"test","TMEM184A","DeepPT","her2+",0.110425576465061,0.0604662192470529
"test","TMEM259","DeepPT","her2+",0.248635471270538,0.189798252047482
"test","TMEM86A","DeepPT","her2+",0.122720891976753,0.0768874825159685
"test","TMX1","DeepPT","her2+",0.0878147249545433,0.0415966931164016
"test","TNC","DeepPT","her2+",0.162836144638751,0.0743027937482942
"test","TNFRSF14","DeepPT","her2+",0.0629930746711638,0.0314196825420273
"test","TNFRSF21","DeepPT","her2+",0.0135124397056036,0.00738167492159965
"test","TNFRSF4","DeepPT","her2+",0.0663019201999686,0.0302842881154267
"test","TNNT1","DeepPT","her2+",0.0790842136864027,0.0395258076993689
"test","TOM1L2","DeepPT","her2+",0.132479406550942,0.0567188707227451
"test","TP53I3","DeepPT","her2+",0.0627806545277543,0.0283417144007916
"test","TPM2","DeepPT","her2+",0.139398154958585,0.101385375915637
"test","TRAC","DeepPT","her2+",0.247688503224726,0.10423282883758
"test","TRAF5","DeepPT","her2+",0.0471842304880183,0.0163934900080457
"test","TRAP1","DeepPT","her2+",0.180647528406733,0.101447607424112
"test","TRAPPC4","DeepPT","her2+",0.121352133218373,0.051355127903293
"test","TRIM14","DeepPT","her2+",0.0649937848053684,0.0304605071515919
"test","TRIM22","DeepPT","her2+",0.08246112470488,0.0242605257318365
"test","TRIM25","DeepPT","her2+",0.099633052962917,0.0397582177974274
"test","TRIM47","DeepPT","her2+",0.0174138980686182,0.0126994391388425
"test","TSPAN33","DeepPT","her2+",0.0434555466257352,0.0157760122254768
"test","TSR2","DeepPT","her2+",0.0374556705937642,0.0131338427953675
"test","TTC31","DeepPT","her2+",-0.000964960543596165,0.00747417649233256
"test","TTI1","DeepPT","her2+",0.0349417234276636,0.0122915843070131
"test","TXN2","DeepPT","her2+",0.156103465505568,0.11040565163052
"test","TXNDC17","DeepPT","her2+",0.225921916200246,0.134334531950859
"test","TXNRD2","DeepPT","her2+",0.127108541478626,0.0773376157951188
"test","TYROBP","DeepPT","her2+",0.203030443445153,0.112511116740583
"test","UBA52","DeepPT","her2+",0.315060306078302,0.291561339979757
"test","UBA6","DeepPT","her2+",0.0828125631235261,0.0401544660952419
"test","UBAP2L","DeepPT","her2+",0.204474513100981,0.120366751450146
"test","UBE2W","DeepPT","her2+",0.108788520352576,0.0327909304356186
"test","UBL7","DeepPT","her2+",0.0761686014752717,0.0287494981596354
"test","UBR2","DeepPT","her2+",0.0374174663413557,0.0153238939270978
"test","UBXN1","DeepPT","her2+",0.162510129430511,0.102004695196526
"test","UCK1","DeepPT","her2+",0.107363507302877,0.0501952887059031
"test","UFD1L","DeepPT","her2+",0.196391109000003,0.104515352033819
"test","UQCRC1","DeepPT","her2+",0.181817927198355,0.159592629746155
"test","UXS1","DeepPT","her2+",0.0988232614298195,0.0444460293938082
"test","UXT","DeepPT","her2+",0.124585209368198,0.065146046097258
"test","VARS","DeepPT","her2+",0.140840501957932,0.0960094647320395
"test","VAV1","DeepPT","her2+",0.0661247931862364,0.0239063690956574
"test","VCAM1","DeepPT","her2+",0.112183936493146,0.0370916135853781
"test","VEGFB","DeepPT","her2+",0.119658043499643,0.0705908269787696
"test","VIM","DeepPT","her2+",0.304592883419852,0.233083623654621
"test","VPS13D","DeepPT","her2+",0.0765980698181103,0.027713724388646
"test","VPS45","DeepPT","her2+",0.0740497193073551,0.0238021862964529
"test","VWF","DeepPT","her2+",0.103447039526548,0.0551531290446304
"test","WDFY3","DeepPT","her2+",0.0441857159795167,0.0175133177454371
"test","WDR13","DeepPT","her2+",0.155505214174019,0.0922350062232958
"test","WDR34","DeepPT","her2+",0.26078032856879,0.221759289206573
"test","WDR46","DeepPT","her2+",0.205591142534833,0.148934600600306
"test","WDR73","DeepPT","her2+",0.0590837973516982,0.0278946520776795
"test","WDR74","DeepPT","her2+",0.113983246437014,0.0617559375257053
"test","WIPF1","DeepPT","her2+",0.17994061510028,0.0809047393107903
"test","XAB2","DeepPT","her2+",0.111413650266109,0.0695896275756842
"test","XIAP","DeepPT","her2+",0.0485155125825102,0.0201524399996179
"test","XPO6","DeepPT","her2+",0.159385296428146,0.0845332788914697
"test","YIPF4","DeepPT","her2+",0.13502344835537,0.0825442641775272
"test","YTHDC1","DeepPT","her2+",0.0971118061825026,0.0385393032332607
"test","ZDHHC12","DeepPT","her2+",0.20006606111851,0.156481779980255
"test","ZFAND3","DeepPT","her2+",0.140216843602232,0.0682168529670765
"test","ZFP36","DeepPT","her2+",0.119173209356872,0.0641828611123001
"test","ZFPL1","DeepPT","her2+",0.110475577257315,0.0539781617706609
"test","ZFR","DeepPT","her2+",0.0633894633212693,0.027619411130779
"test","ZG16B","DeepPT","her2+",0.0816976306610039,0.0358634066632753
"test","ZMAT5","DeepPT","her2+",0.0503277602913739,0.0318424580362869
"test","ZMYND19","DeepPT","her2+",0.209067479822987,0.117796935930717
"test","ZMYND8","DeepPT","her2+",0.0646416316470689,0.0313030013096884
"test","ZNF217","DeepPT","her2+",0.167580420541368,0.0720240086490027
"test","ZNF337","DeepPT","her2+",0.0182769329013557,0.0117793887018034
"test","ZNF33B","DeepPT","her2+",0.0409077622433211,0.0156247379163121
"test","ZNF362","DeepPT","her2+",0.0769421696330251,0.0228866103398148
"test","ZNF524","DeepPT","her2+",0.0260275362022507,0.0135896494239788
"test","ZNF592","DeepPT","her2+",-0.00271756461436757,0.00339693359370931
"test","ZNF644","DeepPT","her2+",0.115551022471106,0.0531798509567439
"test","ZNF668","DeepPT","her2+",0.0612470004464384,0.0257063095735792
"test","ZNF771","DeepPT","her2+",0.0819193803825866,0.0383527798202796
"test","ZNF787","DeepPT","her2+",0.110655619387449,0.0730627156668962
"test","ZNF791","DeepPT","her2+",-0.0069158733660293,0.00557797098383262
"test","ZNF83","DeepPT","her2+",0.0885931408206243,0.0329453430854269
"test","ZNF91","DeepPT","her2+",0.0373822937755283,0.0146582575345551
"test","ZNRF1","DeepPT","her2+",0.125811034397852,0.0524746807800326
"test","ZSWIM8","DeepPT","her2+",0.157583486411819,0.0872223131765563
"test","A2M","DeepSpaCE","her2+",0.0625043326830521,0.0461711382408609
"test","AAMDC","DeepSpaCE","her2+",0.0191320689754425,0.0082548904111312
"test","ABCA3","DeepSpaCE","her2+",0.0365167917861651,0.0180242883283967
"test","ABCA7","DeepSpaCE","her2+",0.0193832248055443,0.00720074951000354
"test","ABCF3","DeepSpaCE","her2+",0.078956579075354,0.0408787051328758
"test","ABHD14A","DeepSpaCE","her2+",0.000807063428500393,0.00333147716254988
"test","ABHD4","DeepSpaCE","her2+",0.0278663293895256,0.00960030846134669
"test","ACAA1","DeepSpaCE","her2+",0.0531342605243788,0.0229584154905575
"test","ACER3","DeepSpaCE","her2+",0.00304195189089599,0.00140774727199879
"test","ADAM15","DeepSpaCE","her2+",-0.00161661078245744,0.00650399933402401
"test","ADCY3","DeepSpaCE","her2+",0.0149710423176275,0.00647478139287817
"test","ADI1","DeepSpaCE","her2+",0.0974841385866347,0.0735083996461289
"test","AEBP1","DeepSpaCE","her2+",0.135208655288208,0.123208210197687
"test","AES","DeepSpaCE","her2+",0.0473589968867209,0.0558067705306821
"test","AGAP2","DeepSpaCE","her2+",0.00925202128060433,0.00379507937595671
"test","AGO2","DeepSpaCE","her2+",0.0699325648657228,0.0285528147866848
"test","AGPAT2","DeepSpaCE","her2+",0.00686966714267546,0.0102155301326101
"test","AGR2","DeepSpaCE","her2+",0.158962296258601,0.136011705480334
"test","AHCY","DeepSpaCE","her2+",0.101142373682715,0.0594058291629128
"test","AKAP9","DeepSpaCE","her2+",0.012017408098888,0.0109230088731031
"test","AKR1A1","DeepSpaCE","her2+",0.0465876113443514,0.0435948723139721
"test","AKT1S1","DeepSpaCE","her2+",0.0162396626626157,0.023821586546336
"test","ALDH16A1","DeepSpaCE","her2+",0.0513226075640349,0.0278140219227899
"test","ALG3","DeepSpaCE","her2+",0.0802034351776389,0.0354391302442078
"test","ANGPTL4","DeepSpaCE","her2+",0.0672393812248029,0.031275132585773
"test","ANKLE2","DeepSpaCE","her2+",0.101984255406904,0.0469480027627791
"test","ANKRD12","DeepSpaCE","her2+",0.0195542255146325,0.00981972497961154
"test","ANKRD28","DeepSpaCE","her2+",0.0410867194314611,0.00952144201052488
"test","ANO10","DeepSpaCE","her2+",0.0634991204816424,0.0195171909340725
"test","AP5B1","DeepSpaCE","her2+",-0.00505614483897094,0.00045562543816207
"test","AP5Z1","DeepSpaCE","her2+",0.0302761908016321,0.0108410950934488
"test","APBA2","DeepSpaCE","her2+",-0.0038418218228055,0.000418134682555758
"test","APBB2","DeepSpaCE","her2+",0.0525768986288768,0.0130031955674465
"test","APOBEC3G","DeepSpaCE","her2+",0.0766942927180556,0.0236923224009182
"test","APOC1","DeepSpaCE","her2+",0.0501658309320321,0.0451283713862499
"test","AQP1","DeepSpaCE","her2+",0.0542274710141461,0.0250330892018037
"test","ARF5","DeepSpaCE","her2+",0.0235519473684408,0.00612942701373344
"test","ARF6","DeepSpaCE","her2+",0.179695872647054,0.0927059263859549
"test","ARFGEF2","DeepSpaCE","her2+",0.0485529981205745,0.0136593926200415
"test","ARHGAP10","DeepSpaCE","her2+",0.00857477579777811,0.00586965805157837
"test","ARHGAP4","DeepSpaCE","her2+",0.078584311307578,0.0437175693272163
"test","ARHGAP45","DeepSpaCE","her2+",0.144740137429347,0.0918839531613067
"test","ARHGAP5","DeepSpaCE","her2+",0.0444379742772393,0.0145545134480236
"test","ARHGEF10L","DeepSpaCE","her2+",0.0465032214988169,0.0107310491818025
"test","ARHGEF3","DeepSpaCE","her2+",0.0577830921461492,0.0208465941729865
"test","ARHGEF40","DeepSpaCE","her2+",0.00967397633461067,0.00663325473258913
"test","ARID1B","DeepSpaCE","her2+",0.0187235198694942,0.013243006508905
"test","ARID3A","DeepSpaCE","her2+",0.0153111051939961,0.00858872052891827
"test","ARID4A","DeepSpaCE","her2+",0.012016407844986,0.00427062703536044
"test","ARID5A","DeepSpaCE","her2+",0.0656598169271446,0.049502556098975
"test","ARID5B","DeepSpaCE","her2+",0.0231634415831251,0.0124051593153238
"test","ARNT","DeepSpaCE","her2+",0.0666545878617417,0.0253226774186439
"test","ASCL2","DeepSpaCE","her2+",0.033309889930033,0.019873659411707
"test","ASH2L","DeepSpaCE","her2+",0.0739965399490556,0.0283439746445937
"test","ASL","DeepSpaCE","her2+",0.0163063476559078,0.010190086032218
"test","ASMTL","DeepSpaCE","her2+",-0.0182748003977855,-0.00197366316149582
"test","ASNA1","DeepSpaCE","her2+",0.0932727838258413,0.0881190692657053
"test","ASNS","DeepSpaCE","her2+",0.0354811201756396,0.00989117635527309
"test","ATAD1","DeepSpaCE","her2+",0.046916617581145,0.0127552603176461
"test","ATF6B","DeepSpaCE","her2+",0.0221462463123594,0.0147268459505525
"test","ATG12","DeepSpaCE","her2+",0.0624599655033016,0.0261237032373181
"test","ATG16L2","DeepSpaCE","her2+",0.028147569732967,0.00860161518801965
"test","ATL2","DeepSpaCE","her2+",0.0690462879325363,0.0138711706559741
"test","ATP5H","DeepSpaCE","her2+",0.134759278239304,0.0787117718775213
"test","ATP5O","DeepSpaCE","her2+",0.107706357008988,0.0934630676133779
"test","ATP6AP1","DeepSpaCE","her2+",0.0496628025844121,0.0508868008657774
"test","ATP6V0D1","DeepSpaCE","her2+",0.000915644753201583,0.00601059264599374
"test","AURKAIP1","DeepSpaCE","her2+",0.00866076148962656,0.0157630742657165
"test","AVEN","DeepSpaCE","her2+",0.0183911095445271,0.00549611722080058
"test","BABAM1","DeepSpaCE","her2+",0.10334688849797,0.0802254456688681
"test","BAD","DeepSpaCE","her2+",0.00941139557771685,0.010615311293527
"test","BAIAP3","DeepSpaCE","her2+",0.0209028384945194,0.00846931078373256
"test","BCAM","DeepSpaCE","her2+",0.119075408069681,0.0993790095853614
"test","BCL2L12","DeepSpaCE","her2+",0.0701831277900573,0.0234314786599729
"test","BGN","DeepSpaCE","her2+",0.162999155801576,0.147716664139864
"test","BICDL1","DeepSpaCE","her2+",0.0665285207304734,0.0178905604624988
"test","BIN3","DeepSpaCE","her2+",0.0420429710637681,0.0186757863144539
"test","BIRC2","DeepSpaCE","her2+",0.052925075448248,0.0191314414883487
"test","BOK","DeepSpaCE","her2+",0.00252432660230048,0.00401554544110066
"test","BOLA3","DeepSpaCE","her2+",0.109258765447588,0.0271593473606328
"test","BRD9","DeepSpaCE","her2+",0.083604113838203,0.0496835726023344
"test","BRF1","DeepSpaCE","her2+",0.0551314808103543,0.0252045102963837
"test","BRF2","DeepSpaCE","her2+",0.0459847885158104,0.0452480329005909
"test","BRK1","DeepSpaCE","her2+",0.0629926583758908,0.0372196523601921
"test","BRPF1","DeepSpaCE","her2+",0.0490392971778848,0.012349380965146
"test","BSG","DeepSpaCE","her2+",0.0206769724983421,0.0333641070517599
"test","BST2","DeepSpaCE","her2+",0.0387581889034116,0.0237212891662455
"test","BTG1","DeepSpaCE","her2+",0.0495450386312209,0.0528109677003707
"test","C10orf10","DeepSpaCE","her2+",-0.00930558948821289,0.0037247469065365
"test","C10orf54","DeepSpaCE","her2+",0.117112591465963,0.0605054194702555
"test","C12orf45","DeepSpaCE","her2+",0.0840257237876756,0.0267327238584582
"test","C15orf61","DeepSpaCE","her2+",0.0452666900381913,0.012726637339466
"test","C19orf24","DeepSpaCE","her2+",0.00835027581303668,0.00816903775014567
"test","C19orf52","DeepSpaCE","her2+",0.0741988193052989,0.025570240089857
"test","C19orf60","DeepSpaCE","her2+",0.00523298785163862,0.00694246908682926
"test","C1QB","DeepSpaCE","her2+",0.136258852144276,0.110688586168544
"test","C1R","DeepSpaCE","her2+",0.0969681608899117,0.0767866715067957
"test","C1S","DeepSpaCE","her2+",0.0949625736842387,0.0575879701159816
"test","C1orf216","DeepSpaCE","her2+",0.00401347676407494,0.00297915639098203
"test","C2","DeepSpaCE","her2+",0.0367709354780525,0.0153255870372704
"test","C2CD2L","DeepSpaCE","her2+",0.0448568992169522,0.019641632830225
"test","C3","DeepSpaCE","her2+",0.299995168791677,0.214086324957466
"test","C4orf48","DeepSpaCE","her2+",-0.0195641713316358,0.00147377367006978
"test","C5orf38","DeepSpaCE","her2+",0.033345509529864,0.0204159842173436
"test","C6orf136","DeepSpaCE","her2+",0.0710434251437417,0.0175387840689047
"test","C6orf48","DeepSpaCE","her2+",0.132983081513835,0.0536949415229369
"test","CADM4","DeepSpaCE","her2+",0.0742596421642677,0.0565000806935761
"test","CALML5","DeepSpaCE","her2+",-0.030668171327894,-0.00208215574514714
"test","CAMTA2","DeepSpaCE","her2+",0.0264240729454682,0.0112245775231621
"test","CAPG","DeepSpaCE","her2+",0.0367834660796845,0.0304039144552959
"test","CARS2","DeepSpaCE","her2+",0.0686687789585277,0.032945741690032
"test","CBLC","DeepSpaCE","her2+",0.0342090639027306,0.013759183160418
"test","CCDC106","DeepSpaCE","her2+",0.0551126658125529,0.0344160532479361
"test","CCDC167","DeepSpaCE","her2+",0.00325545958800929,0.00361305456497975
"test","CCDC57","DeepSpaCE","her2+",-0.0022475435760216,0.00882650593411618
"test","CCDC80","DeepSpaCE","her2+",0.0631137925065178,0.0197394860125868
"test","CCDC88B","DeepSpaCE","her2+",0.0535128970943006,0.0186114676251783
"test","CCL19","DeepSpaCE","her2+",0.165054962818056,0.0524291490362888
"test","CCL2","DeepSpaCE","her2+",0.0402123645638487,0.0210064587445784
"test","CCL21","DeepSpaCE","her2+",0.0485384106996576,0.0129666621868344
"test","CCM2","DeepSpaCE","her2+",0.0431143081098118,0.0311597758310906
"test","CCNB1IP1","DeepSpaCE","her2+",0.0597095933961567,0.021677238578061
"test","CCNE2","DeepSpaCE","her2+",0.120626094526562,0.0508503239565681
"test","CCS","DeepSpaCE","her2+",0.0543046529826859,0.0275618637775054
"test","CCT4","DeepSpaCE","her2+",0.192527491234042,0.149465876038415
"test","CD14","DeepSpaCE","her2+",0.090514224688082,0.071547303824145
"test","CD320","DeepSpaCE","her2+",0.0264677451459214,0.0234799226106473
"test","CD3D","DeepSpaCE","her2+",0.118125739825497,0.0452327049324864
"test","CD4","DeepSpaCE","her2+",0.063093871071788,0.0231697831916803
"test","CD52","DeepSpaCE","her2+",0.169887213423631,0.115078213351564
"test","CD68","DeepSpaCE","her2+",0.0829811271123295,0.0650304940721774
"test","CD74","DeepSpaCE","her2+",0.212751905886021,0.166051803912839
"test","CD79A","DeepSpaCE","her2+",0.147867805843253,0.0596198066218671
"test","CDH11","DeepSpaCE","her2+",0.0446940550691529,0.015015603136893
"test","CDK5RAP1","DeepSpaCE","her2+",0.0425358457061597,0.0136512553345401
"test","CEP250","DeepSpaCE","her2+",0.0384949676032985,0.00940038269042681
"test","CERCAM","DeepSpaCE","her2+",0.00213216503567177,0.00380358535417975
"test","CERS5","DeepSpaCE","her2+",0.00985156693015245,0.00462855303261725
"test","CES2","DeepSpaCE","her2+",0.00966630159141532,0.00368734870436049
"test","CFAP36","DeepSpaCE","her2+",0.0629991609566107,0.0130797654232937
"test","CFDP1","DeepSpaCE","her2+",0.0897360223147909,0.0353194506760005
"test","CGGBP1","DeepSpaCE","her2+",0.0924050118936535,0.047694211563714
"test","CHCHD6","DeepSpaCE","her2+",-0.00171697577240479,0.00293993317412794
"test","CHD1","DeepSpaCE","her2+",0.039200604128395,0.0144459359363164
"test","CHD6","DeepSpaCE","her2+",0.0836321133424265,0.034839526075205
"test","CHFR","DeepSpaCE","her2+",0.0780678131168792,0.0266595236279939
"test","CHST11","DeepSpaCE","her2+",0.00925778039378524,0.00145453719132975
"test","CIR1","DeepSpaCE","her2+",0.00318412731664305,0.00455471056410045
"test","CLASRP","DeepSpaCE","her2+",0.101902730003155,0.042244195892745
"test","CLDN3","DeepSpaCE","her2+",0.0243125487949082,0.0364507017388396
"test","CLDN4","DeepSpaCE","her2+",0.199878305015656,0.170857275227859
"test","CLU","DeepSpaCE","her2+",0.0176065053100832,0.0190236249820848
"test","CNN2","DeepSpaCE","her2+",-0.064627599817183,-0.0358819076241981
"test","COL14A1","DeepSpaCE","her2+",0.0133169471372393,0.00567502326290245
"test","COL3A1","DeepSpaCE","her2+",0.091677840596826,0.0811003917662772
"test","COL4A1","DeepSpaCE","her2+",0.0543077015757307,0.017590671328152
"test","COL6A2","DeepSpaCE","her2+",0.101055622250698,0.0890769318002852
"test","COL8A2","DeepSpaCE","her2+",0.030254190084652,0.0113336294011915
"test","COMMD1","DeepSpaCE","her2+",0.0827513147741533,0.0290400701684397
"test","COMP","DeepSpaCE","her2+",0.0204909745616151,0.0352561329753195
"test","COPS7A","DeepSpaCE","her2+",0.0921680049617233,0.0397023977902113
"test","COQ4","DeepSpaCE","her2+",0.0337411424884929,0.0206988180910075
"test","CORO1A","DeepSpaCE","her2+",0.0888127498101977,0.0288072548388773
"test","CORO1B","DeepSpaCE","her2+",0.0488402835558108,0.0464068104165274
"test","CORO2A","DeepSpaCE","her2+",0.0792709496376058,0.0263698266718823
"test","CORO7","DeepSpaCE","her2+",0.0293725882715337,0.0106517354098044
"test","COX5A","DeepSpaCE","her2+",0.137704354029506,0.0818272242980052
"test","CPNE1","DeepSpaCE","her2+",0.144261991061491,0.0816826593770281
"test","CPSF1","DeepSpaCE","her2+",0.0441632277911913,0.026758488100923
"test","CPVL","DeepSpaCE","her2+",0.0337424488074542,0.0174170080890613
"test","CRABP2","DeepSpaCE","her2+",0.0862169660544009,0.0869161120996966
"test","CRACR2B","DeepSpaCE","her2+",0.142272989272366,0.109686425835363
"test","CRELD2","DeepSpaCE","her2+",0.0899697535655118,0.0327213321507248
"test","CROCC","DeepSpaCE","her2+",0.0192709834144832,0.00688759548473985
"test","CSF1","DeepSpaCE","her2+",0.0474272897755312,0.0212974995858865
"test","CSF1R","DeepSpaCE","her2+",0.0955878887584555,0.0527543685351481
"test","CTDSPL","DeepSpaCE","her2+",0.0651794957021635,0.0279027567938656
"test","CTIF","DeepSpaCE","her2+",0.00108305920077951,0.00428515619016482
"test","CTSK","DeepSpaCE","her2+",0.0555394116214754,0.0319979671850439
"test","CTU2","DeepSpaCE","her2+",0.00760186814416421,0.00416715873306131
"test","CUTC","DeepSpaCE","her2+",0.0475752951356315,0.0129063105268062
"test","CUX1","DeepSpaCE","her2+",0.0848913308671986,0.0518040376865901
"test","CX3CL1","DeepSpaCE","her2+",0.050932384399836,0.0323172436415511
"test","CXCL10","DeepSpaCE","her2+",0.0419215212377613,0.0290168576244727
"test","CXXC5","DeepSpaCE","her2+",0.0534404697442942,0.0495948787006121
"test","CYP27A1","DeepSpaCE","her2+",0.0166298094729584,0.0086026297260702
"test","DAPK3","DeepSpaCE","her2+",0.0114984885353481,0.0149630155125386
"test","DCAF6","DeepSpaCE","her2+",0.108121647288448,0.0420719372812367
"test","DCXR","DeepSpaCE","her2+",0.107665777175842,0.0707241842240535
"test","DDAH1","DeepSpaCE","her2+",0.0965792411760651,0.0183796470663718
"test","DDB2","DeepSpaCE","her2+",-0.0057697694833277,0.0026037854929017
"test","DDIT3","DeepSpaCE","her2+",0.0475163917894799,0.0161676897670125
"test","DDRGK1","DeepSpaCE","her2+",0.0107151269349732,0.0106522731055842
"test","DDT","DeepSpaCE","her2+",0.0875826568683058,0.0672130566303252
"test","DEAF1","DeepSpaCE","her2+",0.0639189436759931,0.0298248121917465
"test","DENND1A","DeepSpaCE","her2+",0.00581526785452306,0.00676420979186382
"test","DERL3","DeepSpaCE","her2+",0.068068064957033,0.0444492519907616
"test","DESI1","DeepSpaCE","her2+",0.0774857852212595,0.0247743279904303
"test","DHX16","DeepSpaCE","her2+",0.0798733076085847,0.0218127549748022
"test","DLG1","DeepSpaCE","her2+",0.0274791131784668,0.0139391675420662
"test","DMAP1","DeepSpaCE","her2+",0.0825493061484068,0.0416886392638968
"test","DNAJB2","DeepSpaCE","her2+",0.0491338497269495,0.0432930381050879
"test","DNAJC1","DeepSpaCE","her2+",0.0845039962939844,0.0353141454596747
"test","DNAJC7","DeepSpaCE","her2+",0.0391462967548106,0.0328473531795888
"test","DOCK6","DeepSpaCE","her2+",0.0535237507557299,0.0218909721854795
"test","DPH3","DeepSpaCE","her2+",0.045526211471926,0.00864699373607805
"test","DPM2","DeepSpaCE","her2+",0.0336346489828488,0.0291519707826286
"test","DPP7","DeepSpaCE","her2+",-0.000316446231411498,0.00534866709128274
"test","DPP9","DeepSpaCE","her2+",0.0135244745564263,0.0153445346598511
"test","DPYSL3","DeepSpaCE","her2+",0.0479510720226223,0.0437009450464754
"test","DVL1","DeepSpaCE","her2+",0.0819818411485899,0.0378257972683527
"test","EBAG9","DeepSpaCE","her2+",0.0698772558280231,0.0124145135581925
"test","ECHDC2","DeepSpaCE","her2+",0.0661748801799148,0.0338926839093759
"test","ECM1","DeepSpaCE","her2+",-0.0132374178342266,0.000956041751976544
"test","EFEMP2","DeepSpaCE","her2+",0.0528633626311915,0.0357234103743013
"test","EFHD2","DeepSpaCE","her2+",-0.0156365085794155,-0.00378499029000062
"test","EIF1AD","DeepSpaCE","her2+",0.0256868888890484,0.00765360407222731
"test","EIF3B","DeepSpaCE","her2+",0.0461086579191992,0.0464007762684824
"test","EIF3F","DeepSpaCE","her2+",0.0667484348680048,0.0266255526927993
"test","EIF3G","DeepSpaCE","her2+",0.00743633470612626,0.0111993636274028
"test","ELN","DeepSpaCE","her2+",-0.00671978514431502,0.00278268415958035
"test","ELOF1","DeepSpaCE","her2+",0.0472879079796073,0.0365176200909417
"test","EMC3","DeepSpaCE","her2+",0.0693758595454505,0.0272111247687408
"test","ENPP1","DeepSpaCE","her2+",0.0953640674187706,0.0508313723028432
"test","EPHB3","DeepSpaCE","her2+",0.0437708427756592,0.0392604635577249
"test","ERAL1","DeepSpaCE","her2+",0.0643052821163373,0.0373491719714702
"test","ERI3","DeepSpaCE","her2+",0.0530558521536014,0.0540408591127627
"test","ERMP1","DeepSpaCE","her2+",0.131913221183727,0.0492082748368749
"test","ETFB","DeepSpaCE","her2+",0.0169008798971308,0.0202509171416308
"test","EVA1B","DeepSpaCE","her2+",-0.00200637196277155,0.00432448010041768
"test","EXD3","DeepSpaCE","her2+",0.00831300647298773,0.00400271143301318
"test","EXOC5","DeepSpaCE","her2+",0.101179481388095,0.0387004708359653
"test","EXOSC1","DeepSpaCE","her2+",0.101529788022549,0.0255398771512074
"test","EXOSC10","DeepSpaCE","her2+",0.0908707424163989,0.0336654428061609
"test","EXOSC2","DeepSpaCE","her2+",0.0234401415824048,0.00686828157200743
"test","EZH2","DeepSpaCE","her2+",0.135851441488312,0.050767747466141
"test","FAAH","DeepSpaCE","her2+",0.0865803639730506,0.0374776257996513
"test","FADS2","DeepSpaCE","her2+",0.104592247077021,0.0942120357756182
"test","FAH","DeepSpaCE","her2+",0.021134960257785,0.0111733312147183
"test","FAIM2","DeepSpaCE","her2+",0.0603146980860243,0.0351229121541444
"test","FAM102A","DeepSpaCE","her2+",0.100311358464729,0.0579221223494398
"test","FAM117A","DeepSpaCE","her2+",0.0779414710380518,0.0361433429079298
"test","FAM118A","DeepSpaCE","her2+",0.0208614752610185,0.00573530726685548
"test","FAM160B1","DeepSpaCE","her2+",0.0458076354349291,0.0138324098188097
"test","FAM173A","DeepSpaCE","her2+",0.0459114088130496,0.028505494330742
"test","FAM193B","DeepSpaCE","her2+",0.12929357636843,0.0631030308535685
"test","FAM213B","DeepSpaCE","her2+",0.0305022344564927,0.0157974773039179
"test","FAM3A","DeepSpaCE","her2+",0.0131702518781385,0.00655667241724785
"test","FAM45A","DeepSpaCE","her2+",0.0271827314400092,0.00803541526287652
"test","FAP","DeepSpaCE","her2+",0.0435184642865456,0.00969150460384604
"test","FARP1","DeepSpaCE","her2+",0.117340159403276,0.0985792596296883
"test","FARSB","DeepSpaCE","her2+",0.109906953100394,0.0458162474482646
"test","FASN","DeepSpaCE","her2+",0.320666309324583,0.284899002105844
"test","FBF1","DeepSpaCE","her2+",0.0289935255776149,0.00782262156655473
"test","FBLN2","DeepSpaCE","her2+",0.0245180876463354,0.00955024479519593
"test","FCER1G","DeepSpaCE","her2+",0.0506664283929421,0.0201536858566461
"test","FDPS","DeepSpaCE","her2+",0.0931874787811149,0.0710979641129334
"test","FGFR1","DeepSpaCE","her2+",0.00880913790881745,0.0116394749960619
"test","FKBP10","DeepSpaCE","her2+",0.0334894156155085,0.021023703577867
"test","FKBP8","DeepSpaCE","her2+",0.02657450756073,0.0193479799789788
"test","FLNA","DeepSpaCE","her2+",-0.0423927728356698,-0.0241369748566328
"test","FN1","DeepSpaCE","her2+",0.177909988791267,0.172190919304578
"test","FNBP4","DeepSpaCE","her2+",0.0342840545544419,0.0148849416000668
"test","FOXP4","DeepSpaCE","her2+",0.158814995321692,0.117695163311991
"test","FSTL1","DeepSpaCE","her2+",0.0423538263467968,0.0304195034666194
"test","FSTL3","DeepSpaCE","her2+",0.00983612392768106,0.00834577660211636
"test","FUOM","DeepSpaCE","her2+",0.0111563631211829,0.00605550725956327
"test","FUS","DeepSpaCE","her2+",0.0648973708707072,0.0672348332676549
"test","FZD2","DeepSpaCE","her2+",0.0167985664554612,0.00777608077852165
"test","GALK1","DeepSpaCE","her2+",0.0197518565482707,0.00889535103995861
"test","GANAB","DeepSpaCE","her2+",0.0776573400841882,0.079053715263099
"test","GAR1","DeepSpaCE","her2+",0.10966426990602,0.0429761000048836
"test","GAS6","DeepSpaCE","her2+",0.047952403546287,0.0520086417467202
"test","GATA3","DeepSpaCE","her2+",0.161450846790828,0.132971059848623
"test","GATC","DeepSpaCE","her2+",0.142457275517862,0.10983156763402
"test","GBP1","DeepSpaCE","her2+",0.0650958975625057,0.0420039563816657
"test","GBP2","DeepSpaCE","her2+",0.0496288809916284,0.0320717765162935
"test","GBP3","DeepSpaCE","her2+",0.0162912787099218,0.0142016789729241
"test","GBP4","DeepSpaCE","her2+",0.050118940853391,0.0184076412049317
"test","GBP5","DeepSpaCE","her2+",0.0440082315271079,0.0203169496325367
"test","GEMIN4","DeepSpaCE","her2+",0.0597362156586487,0.0212428589626206
"test","GLCCI1","DeepSpaCE","her2+",0.0401301657408385,0.0174184538557477
"test","GLG1","DeepSpaCE","her2+",0.0127313045806112,0.010350731747787
"test","GLTSCR2","DeepSpaCE","her2+",0.0920757655283596,0.0614947442914358
"test","GMFG","DeepSpaCE","her2+",0.109362030028054,0.0445828940427025
"test","GMPPA","DeepSpaCE","her2+",0.0840726607711131,0.0476576910643221
"test","GNAI2","DeepSpaCE","her2+",0.0399169895199084,0.040959864885851
"test","GNAS","DeepSpaCE","her2+",0.383203408978521,0.359381982135203
"test","GNL2","DeepSpaCE","her2+",0.141257096030244,0.051816120675741
"test","GPR108","DeepSpaCE","her2+",0.034533594527476,0.020815351650517
"test","GPRC5A","DeepSpaCE","her2+",0.175161269084121,0.132709270175669
"test","GPS1","DeepSpaCE","her2+",0.0188621604822077,0.0195551985118081
"test","GPSM1","DeepSpaCE","her2+",0.0341529233509151,0.0165109831557829
"test","GPX3","DeepSpaCE","her2+",0.073399081133529,0.0292742911474167
"test","GRK3","DeepSpaCE","her2+",-0.000410170468215378,0.00539145960902972
"test","GSK3A","DeepSpaCE","her2+",0.109581656379863,0.0673778206875512
"test","GSTM3","DeepSpaCE","her2+",0.0632413216162332,0.0544892717691832
"test","GYPC","DeepSpaCE","her2+",0.100359105420932,0.0513164395590627
"test","HAGHL","DeepSpaCE","her2+",0.00943587195288282,0.0131690505200726
"test","HCFC1R1","DeepSpaCE","her2+",-0.0169424737787934,-0.000898623039564484
"test","HCST","DeepSpaCE","her2+",0.0863764030176983,0.043806505701624
"test","HDAC5","DeepSpaCE","her2+",-0.012854721961902,0.00127206202680037
"test","HDAC6","DeepSpaCE","her2+",0.0123126351091341,0.0042287804201098
"test","HELZ2","DeepSpaCE","her2+",0.0716491650135823,0.0492437220694863
"test","HES1","DeepSpaCE","her2+",0.132186258033166,0.0674256631526337
"test","HLA.B","DeepSpaCE","her2+",0.105390079238271,0.0976046661060948
"test","HLA.DMA","DeepSpaCE","her2+",0.100528521654853,0.0625997772362347
"test","HLA.DMB","DeepSpaCE","her2+",0.0911904271082517,0.061036756087745
"test","HLA.DOA","DeepSpaCE","her2+",0.0525483757567015,0.0225726061761512
"test","HLA.DPA1","DeepSpaCE","her2+",0.106013133574384,0.100283210256517
"test","HLA.DPB1","DeepSpaCE","her2+",0.157621981392207,0.110569903080677
"test","HLA.DRA","DeepSpaCE","her2+",0.133417635663111,0.120963323999978
"test","HLA.DRB1","DeepSpaCE","her2+",0.118240037985054,0.101785839528382
"test","HMGB2","DeepSpaCE","her2+",0.22961814223413,0.148972228744793
"test","HNRNPUL2","DeepSpaCE","her2+",0.170804145772411,0.143679694400528
"test","HOOK3","DeepSpaCE","her2+",0.0138452904400474,0.00385040142438019
"test","HPS6","DeepSpaCE","her2+",0.0261530916411758,0.00896520882552924
"test","HSD17B1","DeepSpaCE","her2+",-0.00204638841642859,0.00462358637495761
"test","HSPA4","DeepSpaCE","her2+",0.0950555467068643,0.0561081836782565
"test","HSPB1","DeepSpaCE","her2+",0.0442735174432911,0.0596859507885478
"test","HSPB11","DeepSpaCE","her2+",0.123041853319996,0.0372576944095413
"test","HYI","DeepSpaCE","her2+",0.0583428141573677,0.0548018440790886
"test","IDH3G","DeepSpaCE","her2+",0.0153524579768741,0.0112251686513975
"test","IDUA","DeepSpaCE","her2+",0.00402354117557726,0.00478825921509376
"test","IER5L","DeepSpaCE","her2+",0.0484335483830607,0.0439603247226387
"test","IFI27","DeepSpaCE","her2+",-0.00346662733479463,0.0152822664344309
"test","IFI27L1","DeepSpaCE","her2+",0.0245089427352631,0.00641204401357478
"test","IFI44L","DeepSpaCE","her2+",-0.0126242241065971,0.00473079106091616
"test","IGFBP2","DeepSpaCE","her2+",0.0157376867463374,0.0270446477036527
"test","IGFBP4","DeepSpaCE","her2+",0.156294060964732,0.10870171933173
"test","IGHA1","DeepSpaCE","her2+",0.224776778456808,0.133726613058497
"test","IGHG3","DeepSpaCE","her2+",0.110269936031205,0.091627588140594
"test","IGHG4","DeepSpaCE","her2+",0.0788042301592369,0.0449720647531842
"test","IGHM","DeepSpaCE","her2+",0.0456103658427265,0.0363740457941074
"test","IGKC","DeepSpaCE","her2+",0.175290162368238,0.132908781752231
"test","IGLC2","DeepSpaCE","her2+",0.160400139126572,0.126644028482229
"test","IGLC3","DeepSpaCE","her2+",0.110382339913536,0.0816472537006622
"test","IGLC7","DeepSpaCE","her2+",0.0804603416927138,0.0363825524490951
"test","IKZF3","DeepSpaCE","her2+",0.0179973413006709,0.0107670908999977
"test","IL10RA","DeepSpaCE","her2+",0.0958927968183934,0.0477695612806981
"test","ILKAP","DeepSpaCE","her2+",0.00860283652823295,0.00513564456917243
"test","INAFM1","DeepSpaCE","her2+",-0.0271187806380753,-0.00517019809960249
"test","INPP4B","DeepSpaCE","her2+",0.0395046677938869,0.00922535504997169
"test","INPP5D","DeepSpaCE","her2+",0.0470826781775377,0.0179852047801956
"test","INPP5J","DeepSpaCE","her2+",0.0618518068676789,0.018656022063915
"test","INTS8","DeepSpaCE","her2+",0.154314220555798,0.0790936416106759
"test","ISG15","DeepSpaCE","her2+",0.0637143995970554,0.0324457614180045
"test","ISLR","DeepSpaCE","her2+",0.0687507297965293,0.0440914967636646
"test","ITGA5","DeepSpaCE","her2+",0.0364424261776211,0.0127948178191222
"test","ITGB4","DeepSpaCE","her2+",0.00268457144602633,0.00748135053151147
"test","ITGB6","DeepSpaCE","her2+",0.123104256943304,0.104175317322389
"test","ITSN1","DeepSpaCE","her2+",0.0269787180248545,0.00510354673457033
"test","JAG2","DeepSpaCE","her2+",0.0236257340331488,0.0143185366923451
"test","JAK1","DeepSpaCE","her2+",0.0466655818604803,0.0192251392276025
"test","JAK3","DeepSpaCE","her2+",0.10574440953163,0.0595287247881214
"test","JCHAIN","DeepSpaCE","her2+",0.143745461040738,0.0776155729449798
"test","JMJD6","DeepSpaCE","her2+",0.0573324016706729,0.0229513900682343
"test","KAT6B","DeepSpaCE","her2+",0.0451708388555643,0.0256962821376376
"test","KATNA1","DeepSpaCE","her2+",0.0534276638528338,0.0149847133490631
"test","KCNAB2","DeepSpaCE","her2+",0.0449136619897983,0.0135824502666448
"test","KCTD10","DeepSpaCE","her2+",0.0768424052471862,0.0346879929717587
"test","KDM4B","DeepSpaCE","her2+",0.125632416268205,0.0985632463742869
"test","KIAA0895L","DeepSpaCE","her2+",0.089031659661975,0.0240405832332818
"test","KIAA1211L","DeepSpaCE","her2+",0.045580771935776,0.0139747428859568
"test","KIAA1217","DeepSpaCE","her2+",0.0424922489103919,0.0210713667904652
"test","KIAA1468","DeepSpaCE","her2+",0.0452296982901087,0.0132387606072898
"test","KIAA1715","DeepSpaCE","her2+",0.0635786719783568,0.0262853065132719
"test","KIF13B","DeepSpaCE","her2+",0.0722408417505571,0.0297326342666523
"test","KLF9","DeepSpaCE","her2+",0.017425154135635,0.00543412602261133
"test","KMT2B","DeepSpaCE","her2+",0.143318518786328,0.0944209000012063
"test","KMT2E","DeepSpaCE","her2+",-0.0149430908598015,7.99993699081542e-05
"test","KPNB1","DeepSpaCE","her2+",0.073597175302246,0.0454893569006594
"test","KRAS","DeepSpaCE","her2+",0.0797596752259047,0.035916213495946
"test","KRT10","DeepSpaCE","her2+",0.129474184585452,0.0609498795679125
"test","KRT17","DeepSpaCE","her2+",0.0215861686427374,0.00663435048498952
"test","KRT8","DeepSpaCE","her2+",0.150067001433973,0.116240521692068
"test","KRT86","DeepSpaCE","her2+",0.0689665624146894,0.0602511678128798
"test","LAMB2","DeepSpaCE","her2+",0.0072703187821761,0.0135088495694383
"test","LAMTOR2","DeepSpaCE","her2+",0.0520312266883227,0.0385375583368943
"test","LANCL1","DeepSpaCE","her2+",0.0319856984107393,0.0184033088783005
"test","LARP1B","DeepSpaCE","her2+",0.0466518733241305,0.0102577248509689
"test","LARP7","DeepSpaCE","her2+",0.0277495900542539,0.00668194211103848
"test","LCK","DeepSpaCE","her2+",0.109592941858836,0.0476415421088896
"test","LCP1","DeepSpaCE","her2+",0.0552152727155475,0.0475167228630605
"test","LGALS1","DeepSpaCE","her2+",0.106373137260729,0.0892593170674396
"test","LIMCH1","DeepSpaCE","her2+",0.0712769438677024,0.0298628188801454
"test","LIMK1","DeepSpaCE","her2+",0.0465777084537485,0.0318754815143547
"test","LINC00176","DeepSpaCE","her2+",0.0536640755534823,0.0220489500603551
"test","LINGO1","DeepSpaCE","her2+",-0.00553432701278716,0.0103934868995035
"test","LLGL1","DeepSpaCE","her2+",0.0331416158474011,0.00997792485070604
"test","LMF1","DeepSpaCE","her2+",0.0071402986318597,0.00275004908632317
"test","LMNA","DeepSpaCE","her2+",0.0268837963029713,0.0248037262894403
"test","LRRC8A","DeepSpaCE","her2+",0.0587388645252899,0.0239958448165406
"test","LRWD1","DeepSpaCE","her2+",0.0318578760634588,0.012436035115685
"test","LST1","DeepSpaCE","her2+",0.0610568765350872,0.0227446392944432
"test","LTB4R","DeepSpaCE","her2+",0.0804766982372681,0.0392573841765422
"test","LTBP3","DeepSpaCE","her2+",-0.0133346867830252,0.00052885281232096
"test","LTF","DeepSpaCE","her2+",0.0106644309965204,0.0180472293200065
"test","LUC7L","DeepSpaCE","her2+",0.0924351512280265,0.0416489594154577
"test","LUC7L3","DeepSpaCE","her2+",0.0950637717038423,0.0636315023145719
"test","LUM","DeepSpaCE","her2+",0.0508741255580883,0.0519717977806745
"test","LYL1","DeepSpaCE","her2+",0.0214933123970361,0.00700273927995121
"test","MAGEF1","DeepSpaCE","her2+",0.125760245679563,0.0694697756255003
"test","MAGI1","DeepSpaCE","her2+",0.0205349369487414,0.0062767997914598
"test","MAGOHB","DeepSpaCE","her2+",0.112199110100127,0.0405310162447466
"test","MAP1S","DeepSpaCE","her2+",0.0190761326898499,0.00836879836721896
"test","MAP3K14","DeepSpaCE","her2+",-0.000306308568709674,0.00540421603882458
"test","MAP3K6","DeepSpaCE","her2+",0.0416065099568325,0.018903379114598
"test","MAP4K2","DeepSpaCE","her2+",0.0242035724047173,0.00807623849355386
"test","MAPK9","DeepSpaCE","her2+",0.0915472959161736,0.0233475729320234
"test","MAPKAPK5","DeepSpaCE","her2+",0.102702287199883,0.0350388300265585
"test","MARS","DeepSpaCE","her2+",0.133903183784682,0.0828169650490567
"test","MAVS","DeepSpaCE","her2+",0.0366654320537469,0.0186739742227544
"test","MCTS1","DeepSpaCE","her2+",0.0865826491176678,0.0357484422404984
"test","MED13L","DeepSpaCE","her2+",0.0483264597662111,0.0141695753827796
"test","MED25","DeepSpaCE","her2+",0.0881931780340655,0.057550673513321
"test","MEN1","DeepSpaCE","her2+",0.0478019059896061,0.0134425299868853
"test","METTL12","DeepSpaCE","her2+",0.0155202363946978,0.012331366470294
"test","METTL16","DeepSpaCE","her2+",0.0249809479788539,0.00818517160211414
"test","MFAP4","DeepSpaCE","her2+",0.110679604104275,0.0361148064412072
"test","MFSD3","DeepSpaCE","her2+",0.0267322148552017,0.0128652410278029
"test","MFSD7","DeepSpaCE","her2+",0.0047553329480207,0.00721929471869063
"test","MGMT","DeepSpaCE","her2+",0.0106325244064593,0.016657579861767
"test","MGP","DeepSpaCE","her2+",0.018910961980058,0.0280722192252543
"test","MIB2","DeepSpaCE","her2+",0.0321566021127085,0.0103472291008662
"test","MICAL1","DeepSpaCE","her2+",0.0532044947902635,0.0273426830978687
"test","MICALL2","DeepSpaCE","her2+",0.0239993962719548,0.014563209783532
"test","MID1IP1","DeepSpaCE","her2+",0.151747096858569,0.0917967713726988
"test","MIF","DeepSpaCE","her2+",0.0250064359133082,0.012248286134601
"test","MIIP","DeepSpaCE","her2+",0.0343197959636167,0.0145984789525041
"test","MKNK1","DeepSpaCE","her2+",0.0459283116444062,0.0126474021332125
"test","MLLT4","DeepSpaCE","her2+",0.0562907799445143,0.0207696509980951
"test","MLST8","DeepSpaCE","her2+",0.00754671863699677,0.0141165264285719
"test","MMP9","DeepSpaCE","her2+",0.0591992157724762,0.0245891933580192
"test","MORC2","DeepSpaCE","her2+",0.102122652597313,0.0494133017181054
"test","MPND","DeepSpaCE","her2+",0.000719893388538232,0.00552176716050259
"test","MPST","DeepSpaCE","her2+",0.0449558768315064,0.0339568365587927
"test","MRPL2","DeepSpaCE","her2+",0.0181148381444195,0.00462350875188402
"test","MRPL21","DeepSpaCE","her2+",0.118715330732098,0.0543753828663933
"test","MRPL23","DeepSpaCE","her2+",0.0136526659828849,0.00760516589152084
"test","MRPL51","DeepSpaCE","her2+",0.160900778191941,0.137829916801684
"test","MRPL54","DeepSpaCE","her2+",-0.00148041967639758,0.00429452209579496
"test","MRPS22","DeepSpaCE","her2+",0.0769402716525811,0.0198338960099745
"test","MS4A6A","DeepSpaCE","her2+",0.103451486385688,0.0484662258490549
"test","MST1R","DeepSpaCE","her2+",0.0840855534964256,0.0276596421860397
"test","MTG2","DeepSpaCE","her2+",0.0699171778566506,0.0214039735994364
"test","MTMR12","DeepSpaCE","her2+",0.078983327094678,0.028918362428626
"test","MUC1","DeepSpaCE","her2+",0.0860920801453825,0.0647766148099583
"test","MUCL1","DeepSpaCE","her2+",0.0533765438181037,0.0739023934903481
"test","MUS81","DeepSpaCE","her2+",0.0717795675440345,0.0331308135178528
"test","MVP","DeepSpaCE","her2+",0.00859570326179074,0.0133996734036286
"test","MX2","DeepSpaCE","her2+",0.0299104644079486,0.012722503169672
"test","MYH10","DeepSpaCE","her2+",0.00911327386447923,0.00337427225131158
"test","MYL12B","DeepSpaCE","her2+",0.225906145509635,0.180748538588268
"test","MYL6B","DeepSpaCE","her2+",0.0141615673115466,0.00905219653094051
"test","MYL9","DeepSpaCE","her2+",0.0745269468852329,0.0689687776808929
"test","MYO1G","DeepSpaCE","her2+",0.0504062403107147,0.0145655896172602
"test","MYO9B","DeepSpaCE","her2+",0.0147940444118237,0.0114415264650812
"test","MZT2A","DeepSpaCE","her2+",0.0799191445160212,0.077666161546483
"test","NAA10","DeepSpaCE","her2+",0.0609726445597048,0.0393679261177719
"test","NANS","DeepSpaCE","her2+",0.0526587940337852,0.0283731705062757
"test","NCKAP1L","DeepSpaCE","her2+",0.0454135373960147,0.0160139801742733
"test","NCKAP5L","DeepSpaCE","her2+",0.0207429442055779,0.00380273892011647
"test","NDRG1","DeepSpaCE","her2+",0.0490096422573759,0.0545102621304479
"test","NDUFA1","DeepSpaCE","her2+",0.123586858600352,0.0894659064226572
"test","NDUFA12","DeepSpaCE","her2+",0.14392765634742,0.0661522663410611
"test","NDUFB2","DeepSpaCE","her2+",0.140176647990697,0.122059749198599
"test","NDUFB3","DeepSpaCE","her2+",0.162233334161459,0.0741089892542915
"test","NDUFB9","DeepSpaCE","her2+",0.0830233086114435,0.0802894342657265
"test","NDUFC1","DeepSpaCE","her2+",0.160861397588007,0.0857023815596431
"test","NDUFS1","DeepSpaCE","her2+",0.121478587766731,0.0577360261263792
"test","NDUFV3","DeepSpaCE","her2+",0.0482862774249105,0.0194781616879983
"test","NEBL","DeepSpaCE","her2+",0.0801258989033049,0.0212897655205027
"test","NEK7","DeepSpaCE","her2+",0.0709204201980483,0.017614633226339
"test","NELFE","DeepSpaCE","her2+",0.0252018382430052,0.0185804118517691
"test","NFATC4","DeepSpaCE","her2+",0.0431940847241352,0.029802225572053
"test","NFIC","DeepSpaCE","her2+",0.0597188093648984,0.0617251760924305
"test","NINJ1","DeepSpaCE","her2+",-0.0172193698139811,-0.00352626537581718
"test","NIT2","DeepSpaCE","her2+",0.125319878069529,0.0398913829557856
"test","NMRAL1","DeepSpaCE","her2+",0.0843125975019378,0.061835439284325
"test","NR1H2","DeepSpaCE","her2+",0.00721099733537441,0.0100958019234706
"test","NR4A1","DeepSpaCE","her2+",0.088323544880741,0.040725684199243
"test","NRP1","DeepSpaCE","her2+",-0.00157631456606099,0.00202866433093792
"test","NSMCE1","DeepSpaCE","her2+",0.0538548158708288,0.0238182771819714
"test","NTMT1","DeepSpaCE","her2+",0.00296077603810531,0.00466561921120214
"test","NUP214","DeepSpaCE","her2+",0.0713509114000268,0.0206810481746148
"test","NUP93","DeepSpaCE","her2+",0.094605829753372,0.0317955983165112
"test","NXN","DeepSpaCE","her2+",0.0106301677712099,0.00382844366163853
"test","OASL","DeepSpaCE","her2+",0.00508014114003033,0.00551564824175843
"test","OGFRL1","DeepSpaCE","her2+",0.0455564760699997,0.0130083250066046
"test","OPTN","DeepSpaCE","her2+",0.00540759677576514,0.00632448612242545
"test","ORC2","DeepSpaCE","her2+",0.0514197502546169,0.0161538067034918
"test","OSBPL8","DeepSpaCE","her2+",0.0289771682799911,0.00695571487009832
"test","P4HA2","DeepSpaCE","her2+",0.0222390247126769,0.0083947457221785
"test","PAF1","DeepSpaCE","her2+",0.0218005975700154,0.0105690319460773
"test","PAFAH1B3","DeepSpaCE","her2+",0.0507567875271894,0.0256178490064201
"test","PAQR4","DeepSpaCE","her2+",0.106763710743564,0.0596045058737421
"test","PARN","DeepSpaCE","her2+",0.0514792175184368,0.0123696282930192
"test","PCCB","DeepSpaCE","her2+",0.111681118672513,0.0470522351835389
"test","PCIF1","DeepSpaCE","her2+",0.0511775616309107,0.0172314210929421
"test","PDCD5","DeepSpaCE","her2+",0.172907956938248,0.0698831702327115
"test","PDGFRA","DeepSpaCE","her2+",0.0294266580602413,0.00695074902719851
"test","PDGFRB","DeepSpaCE","her2+",0.0610737999000061,0.0300833287390101
"test","PER1","DeepSpaCE","her2+",0.0302120775445294,0.0112234110716693
"test","PEX11G","DeepSpaCE","her2+",0.0190819819966445,0.00614597396358812
"test","PEX14","DeepSpaCE","her2+",0.0196936723229352,0.00532081917710349
"test","PGLS","DeepSpaCE","her2+",0.0198946682326046,0.015825226984529
"test","PHF11","DeepSpaCE","her2+",0.0399593484316672,0.0105886405115632
"test","PHF13","DeepSpaCE","her2+",0.0544094132319157,0.0143285654674953
"test","PHF21A","DeepSpaCE","her2+",0.0383340130951168,0.0100020423204027
"test","PHKB","DeepSpaCE","her2+",0.08437128925104,0.0297308060821957
"test","PIGQ","DeepSpaCE","her2+",0.0707876214339023,0.0491284770531889
"test","PIH1D1","DeepSpaCE","her2+",0.0151584537908426,0.0143448911842023
"test","PILRA","DeepSpaCE","her2+",0.0147961153987533,0.00627779672873346
"test","PIM2","DeepSpaCE","her2+",0.113216058454892,0.0506581166493126
"test","PITX1","DeepSpaCE","her2+",0.0367162015959298,0.0293504906143651
"test","PKNOX1","DeepSpaCE","her2+",0.0341855050468324,0.00784287073588068
"test","PLAC9","DeepSpaCE","her2+",0.0503452997716133,0.0119217246665278
"test","PLEKHO2","DeepSpaCE","her2+",0.0652546719079051,0.0294402068968634
"test","PLIN2","DeepSpaCE","her2+",0.0144765683258423,0.00601189447655082
"test","PLK1","DeepSpaCE","her2+",0.116497633378479,0.0521081957724556
"test","PLK2","DeepSpaCE","her2+",0.0989648572112015,0.0516330334005837
"test","PLLP","DeepSpaCE","her2+",0.0414533412965288,0.0147182047716274
"test","PLP2","DeepSpaCE","her2+",0.0287633776903798,0.0235874725130759
"test","PLPPR2","DeepSpaCE","her2+",0.0493761215100636,0.0313825795579135
"test","PLSCR1","DeepSpaCE","her2+",0.0376518528242032,0.0186219314983633
"test","PLTP","DeepSpaCE","her2+",0.0284571446792665,0.0220991590984813
"test","PLVAP","DeepSpaCE","her2+",-0.00852124698160405,0.0027930613427988
"test","PLXNA1","DeepSpaCE","her2+",0.106593511461087,0.0399701677250605
"test","PLXND1","DeepSpaCE","her2+",-0.00912626906018187,0.011079659822688
"test","PMP22","DeepSpaCE","her2+",0.0331490565583171,0.0191369196212518
"test","PNISR","DeepSpaCE","her2+",0.00206975031660527,0.00458331909408284
"test","PNMT","DeepSpaCE","her2+",0.0532574708022857,0.0498543578301348
"test","PNP","DeepSpaCE","her2+",0.0743582362006756,0.0261947488896773
"test","PNPLA6","DeepSpaCE","her2+",0.0311065623906311,0.0147085852727028
"test","PODNL1","DeepSpaCE","her2+",0.033736113144029,0.0143235275264673
"test","PODXL","DeepSpaCE","her2+",0.0347288254462596,0.0152580406302328
"test","POLR2E","DeepSpaCE","her2+",0.0461951051107398,0.0338967600073095
"test","POLR2J","DeepSpaCE","her2+",0.0530986980167732,0.0491313652112081
"test","POR","DeepSpaCE","her2+",0.0443299610240024,0.0371406543816999
"test","POSTN","DeepSpaCE","her2+",0.0791784619276668,0.0642889395272431
"test","PPHLN1","DeepSpaCE","her2+",0.0913024693603192,0.0338277296598322
"test","PPIB","DeepSpaCE","her2+",0.0316766421701237,0.0282327671129333
"test","PPIH","DeepSpaCE","her2+",0.100356164963475,0.056081370228265
"test","PPM1G","DeepSpaCE","her2+",0.0869787267744777,0.0473028099761864
"test","PPP1R1A","DeepSpaCE","her2+",0.0785489612481403,0.0478709942511856
"test","PPP1R1B","DeepSpaCE","her2+",0.0302204373348697,0.0403033175467686
"test","PPP1R37","DeepSpaCE","her2+",0.0630989197512148,0.0331849841023287
"test","PRKAB1","DeepSpaCE","her2+",0.0899519101503953,0.0472622857356808
"test","PRKCSH","DeepSpaCE","her2+",0.109784205396586,0.101530713728048
"test","PROSER1","DeepSpaCE","her2+",0.0787089138968432,0.0292138569586435
"test","PRPF6","DeepSpaCE","her2+",0.0490591227165251,0.0224015498557369
"test","PRPSAP1","DeepSpaCE","her2+",0.0472348427493603,0.0145305303048905
"test","PSCA","DeepSpaCE","her2+",0.0224006473250529,0.0189012614430581
"test","PSMD4","DeepSpaCE","her2+",0.0711409689339804,0.0349980792465019
"test","PSTPIP1","DeepSpaCE","her2+",0.0711547169578675,0.0259113010099397
"test","PTGDS","DeepSpaCE","her2+",0.178981527364707,0.103140873298691
"test","PTOV1","DeepSpaCE","her2+",0.0625962681686891,0.0604997903012565
"test","PTP4A3","DeepSpaCE","her2+",0.0226709362979568,0.0138897694406086
"test","PTPRC","DeepSpaCE","her2+",0.104930724754847,0.0562607943033366
"test","PTPRJ","DeepSpaCE","her2+",0.0707018542859202,0.0277026791352822
"test","PTRF","DeepSpaCE","her2+",0.152578306963787,0.0977992595311345
"test","PTRH1","DeepSpaCE","her2+",0.00167626588430407,0.00433953643861113
"test","PUS3","DeepSpaCE","her2+",0.00105345242717896,0.00386554300071505
"test","PWP1","DeepSpaCE","her2+",0.0922788355889695,0.0298541969607508
"test","PWWP2B","DeepSpaCE","her2+",0.0462915760542983,0.0340753198404252
"test","PXDN","DeepSpaCE","her2+",0.121598759203138,0.0879322531159218
"test","PYURF","DeepSpaCE","her2+",0.0633695527797962,0.02147442494402
"test","QSOX1","DeepSpaCE","her2+",0.0988399516853151,0.0951146820074092
"test","R3HDM2","DeepSpaCE","her2+",0.0488699022381895,0.0111750246976668
"test","RAB11FIP1","DeepSpaCE","her2+",0.0489911201056716,0.0567153220508203
"test","RAB3A","DeepSpaCE","her2+",0.0264776288976094,0.00981267967234154
"test","RAB3GAP1","DeepSpaCE","her2+",0.0799335378230287,0.0367890270981026
"test","RAB3IL1","DeepSpaCE","her2+",0.0101424194358118,0.0070726761426585
"test","RABGAP1L","DeepSpaCE","her2+",0.0436138939054507,0.0201733850737198
"test","RALBP1","DeepSpaCE","her2+",-0.007702848470142,0.0025465552767195
"test","RALGAPA2","DeepSpaCE","her2+",0.0337313062591969,0.00939292171479477
"test","RAMP2","DeepSpaCE","her2+",0.03822324049486,0.012764921186735
"test","RAP1B","DeepSpaCE","her2+",0.0135156054061844,0.00546109098714456
"test","RARS2","DeepSpaCE","her2+",0.0721154711632648,0.0174767046745267
"test","RASA2","DeepSpaCE","her2+",0.034678106185241,0.00907762328324533
"test","RASGRP2","DeepSpaCE","her2+",0.0699509414812353,0.0185622753437902
"test","RASSF3","DeepSpaCE","her2+",0.014266127915658,0.00686062108391413
"test","RBL1","DeepSpaCE","her2+",0.0513811992487806,0.011931420478784
"test","RBM42","DeepSpaCE","her2+",0.0904068276713692,0.0534200117471105
"test","RECQL4","DeepSpaCE","her2+",0.0709708670276448,0.0298437833287715
"test","RECQL5","DeepSpaCE","her2+",0.0218064496527481,0.0130802404132453
"test","REEP6","DeepSpaCE","her2+",0.0305010462836958,0.0187149370391874
"test","RGS1","DeepSpaCE","her2+",0.0481417112465484,0.0182465428487856
"test","RHOB","DeepSpaCE","her2+",0.254263634355509,0.214315376396119
"test","RIOK1","DeepSpaCE","her2+",0.0244266105235875,0.00627400791388982
"test","RMND1","DeepSpaCE","her2+",0.0230036510491915,0.00807986093029172
"test","RNASET2","DeepSpaCE","her2+",0.0781073512342602,0.0707708549321939
"test","RND3","DeepSpaCE","her2+",0.0599582353870542,0.0108095231891543
"test","RNF135","DeepSpaCE","her2+",0.0618426326328011,0.0224727186597459
"test","RNF170","DeepSpaCE","her2+",-0.00107893530304192,0.00140396404953326
"test","RRAS","DeepSpaCE","her2+",-0.0247000167726639,-0.00415755047328552
"test","RSL1D1","DeepSpaCE","her2+",0.0215206242295159,0.0262403109146998
"test","RSRP1","DeepSpaCE","her2+",0.0441934280845258,0.0257671565228563
"test","RUVBL1","DeepSpaCE","her2+",0.104070273695589,0.0339196969980501
"test","S100A14","DeepSpaCE","her2+",0.0454038008816524,0.0601897397647502
"test","S100A9","DeepSpaCE","her2+",0.0514400037655592,0.0475599073857267
"test","SAMM50","DeepSpaCE","her2+",0.0496472567913939,0.0249227269539844
"test","SASH1","DeepSpaCE","her2+",0.037922190406591,0.031228658049535
"test","SAT1","DeepSpaCE","her2+",0.0255432629620665,0.0255521847614326
"test","SCAF1","DeepSpaCE","her2+",0.0474970104720138,0.0299252015615934
"test","SCD","DeepSpaCE","her2+",0.241579696737824,0.213662096629749
"test","SCNN1D","DeepSpaCE","her2+",0.0178330404420451,0.00700989954603213
"test","SCX","DeepSpaCE","her2+",0.0691121156880255,0.0321338169981448
"test","SDHB","DeepSpaCE","her2+",0.136431677281552,0.0545246421479664
"test","SEC14L2","DeepSpaCE","her2+",0.00877080029214259,0.0139741497888296
"test","SEC23A","DeepSpaCE","her2+",0.0398446697154971,0.0108837672123463
"test","SEMA3B","DeepSpaCE","her2+",0.0309288863493999,0.0137802763813303
"test","SEMA4B","DeepSpaCE","her2+",0.133711057085159,0.07747299857573
"test","SF3B4","DeepSpaCE","her2+",0.0872410198010017,0.0375303083825625
"test","SFSWAP","DeepSpaCE","her2+",0.0668801334731802,0.0262037342451705
"test","SGTA","DeepSpaCE","her2+",0.0719177084429484,0.0575668072047728
"test","SH3BP5L","DeepSpaCE","her2+",0.0611188376925862,0.019151863119811
"test","SIGLEC1","DeepSpaCE","her2+",0.0173060102068093,0.00767219746178328
"test","SIGMAR1","DeepSpaCE","her2+",0.0909095257515001,0.0391251350168546
"test","SLC16A2","DeepSpaCE","her2+",0.0148946653630908,0.00293868826781633
"test","SLC16A3","DeepSpaCE","her2+",0.0259768485496727,0.0238425385429009
"test","SLC22A18","DeepSpaCE","her2+",0.0263835738192235,0.0121240260369972
"test","SLC25A24","DeepSpaCE","her2+",0.0881577718134811,0.0322390175052819
"test","SLC2A1","DeepSpaCE","her2+",0.102098099846709,0.05314799732716
"test","SLC2A8","DeepSpaCE","her2+",0.0283428080721395,0.00872700118362549
"test","SLC35A2","DeepSpaCE","her2+",0.118836083648582,0.0615866980995867
"test","SLC43A1","DeepSpaCE","her2+",-0.00755015186800458,0.00150463381845176
"test","SLC4A5","DeepSpaCE","her2+",0.0711576952060837,0.0300501726421172
"test","SLC8B1","DeepSpaCE","her2+",0.015407767859723,0.00798064776312289
"test","SLC9A3R2","DeepSpaCE","her2+",0.0510043772811027,0.034980738012048
"test","SLC9A8","DeepSpaCE","her2+",0.021893934923829,0.0106804301510269
"test","SLFN13","DeepSpaCE","her2+",0.042818422965962,0.0108255675806422
"test","SLPI","DeepSpaCE","her2+",0.0628362114762911,0.022984959114468
"test","SMCHD1","DeepSpaCE","her2+",0.0520613145766642,0.0221846188097981
"test","SMG9","DeepSpaCE","her2+",0.0631146876546222,0.0247544427244217
"test","SMYD2","DeepSpaCE","her2+",0.0878764251103359,0.0195068037863781
"test","SNAPC3","DeepSpaCE","her2+",0.0446427840018293,0.00915245270505823
"test","SNF8","DeepSpaCE","her2+",-0.0152922946869596,5.29258267980239e-05
"test","SNRPD3","DeepSpaCE","her2+",0.141495408317957,0.0683866234452964
"test","SNTA1","DeepSpaCE","her2+",0.023467997730723,0.00844297206257157
"test","SNX33","DeepSpaCE","her2+",0.0585237306667003,0.0214175143987227
"test","SNX8","DeepSpaCE","her2+",0.0413681716268718,0.016796252751959
"test","SOD3","DeepSpaCE","her2+",0.0694078743923845,0.0220129451181222
"test","SOS2","DeepSpaCE","her2+",0.0354030615931231,0.00933040850119026
"test","SOX4","DeepSpaCE","her2+",0.0188367793748335,0.0238433334069073
"test","SP6","DeepSpaCE","her2+",0.00179092254195539,0.00653526537156648
"test","SPAG9","DeepSpaCE","her2+",0.0352123644488353,0.0189008329989461
"test","SPARC","DeepSpaCE","her2+",0.0706769277083059,0.0665103741770087
"test","SPIN1","DeepSpaCE","her2+",0.125484553967834,0.0527215841843938
"test","SPSB1","DeepSpaCE","her2+",0.0275268998368887,0.00827861472727181
"test","SRGN","DeepSpaCE","her2+",0.13529576044445,0.0765767719086693
"test","SRPX2","DeepSpaCE","her2+",0.0152055267393267,0.00811874976592023
"test","SRR","DeepSpaCE","her2+",0.0752398955817883,0.0247803886016561
"test","SRRT","DeepSpaCE","her2+",0.147020908601841,0.0716945686899916
"test","SRSF1","DeepSpaCE","her2+",0.196007620275256,0.140402829328962
"test","SRSF5","DeepSpaCE","her2+",0.124885916520997,0.0884668419149822
"test","SSSCA1","DeepSpaCE","her2+",0.00453349246615983,0.00387930583500345
"test","STAMBP","DeepSpaCE","her2+",0.0984597966488614,0.0360700796481757
"test","STAT5A","DeepSpaCE","her2+",0.0234859173734472,0.00866352175809967
"test","STK17A","DeepSpaCE","her2+",0.0698323399125053,0.0249503241684969
"test","STK4","DeepSpaCE","her2+",0.0522061465342649,0.0117444600321801
"test","STMN1","DeepSpaCE","her2+",0.249535205444644,0.205678249661132
"test","STRN3","DeepSpaCE","her2+",0.0584271004986293,0.0127376727713157
"test","STT3A","DeepSpaCE","her2+",0.0383844231291852,0.0203504349109972
"test","SUGP1","DeepSpaCE","her2+",0.0531340481421836,0.00734421525526473
"test","SURF1","DeepSpaCE","her2+",0.0307914427523621,0.0125411096936676
"test","SVIL","DeepSpaCE","her2+",0.0104241495320402,0.00656699673005822
"test","SYDE1","DeepSpaCE","her2+",0.0293314145658193,0.00777823240723005
"test","SYK","DeepSpaCE","her2+",0.0451016273407851,0.0153371703156456
"test","TACC3","DeepSpaCE","her2+",0.0662966131623311,0.020519177731243
"test","TANC2","DeepSpaCE","her2+",0.096790966714143,0.0387560931102841
"test","TARBP1","DeepSpaCE","her2+",0.0945757892484703,0.0278717182632706
"test","TAX1BP1","DeepSpaCE","her2+",0.0926024858044138,0.0377332220060992
"test","TAX1BP3","DeepSpaCE","her2+",0.0471059020517877,0.0184462435234143
"test","TBC1D10A","DeepSpaCE","her2+",0.00978963960564338,0.00986854590785873
"test","TBC1D23","DeepSpaCE","her2+",0.0937455935180138,0.0267001000728452
"test","TBCA","DeepSpaCE","her2+",0.110607106965428,0.0404103942480129
"test","TBXAS1","DeepSpaCE","her2+",0.0384070927395362,0.0107161311599828
"test","TCEA2","DeepSpaCE","her2+",0.0529947449218858,0.0204442795841075
"test","TCEA3","DeepSpaCE","her2+",0.131557615723631,0.0837641703091317
"test","TCF25","DeepSpaCE","her2+",0.0266712777764547,0.0274614442654907
"test","TDRD3","DeepSpaCE","her2+",0.03998745070268,0.00810743244398215
"test","TESK1","DeepSpaCE","her2+",0.0678200688334352,0.0412084356995019
"test","TESMIN","DeepSpaCE","her2+",0.10195395088995,0.0436172701486448
"test","TEX10","DeepSpaCE","her2+",0.0323680465505852,0.0130687108618361
"test","TEX2","DeepSpaCE","her2+",0.14956433674387,0.097841360490407
"test","TFF3","DeepSpaCE","her2+",0.0621623088281894,0.0676843284859732
"test","TGFBR2","DeepSpaCE","her2+",0.0249329920421372,0.00711710972963171
"test","THBS1","DeepSpaCE","her2+",0.059358282807758,0.0401020267675575
"test","THOC5","DeepSpaCE","her2+",0.010976343374834,0.0057344250996602
"test","THOC6","DeepSpaCE","her2+",0.0317045965137254,0.00845462534627488
"test","TIGD5","DeepSpaCE","her2+",0.0319796609933725,0.0133415104010812
"test","TIMP1","DeepSpaCE","her2+",0.16215832641294,0.13479000394524
"test","TJP3","DeepSpaCE","her2+",0.120147721363524,0.0471411595825184
"test","TM7SF2","DeepSpaCE","her2+",0.0617809681382733,0.0582849431564733
"test","TMBIM6","DeepSpaCE","her2+",0.137767486157859,0.121143169141878
"test","TMEM101","DeepSpaCE","her2+",-0.00573394732185956,0.00267884409802801
"test","TMEM123","DeepSpaCE","her2+",0.128799231066753,0.109939216313297
"test","TMEM14B","DeepSpaCE","her2+",0.159893340288531,0.0817948961624585
"test","TMEM160","DeepSpaCE","her2+",-0.00850823853084823,0.0034232018146258
"test","TMEM184A","DeepSpaCE","her2+",0.0787227721863869,0.0572791124415552
"test","TMEM259","DeepSpaCE","her2+",0.0795007866101553,0.0651601809417083
"test","TMEM86A","DeepSpaCE","her2+",0.0487904329212103,0.0315690583332301
"test","TMX1","DeepSpaCE","her2+",0.0943914867643679,0.0405194507792588
"test","TNC","DeepSpaCE","her2+",0.126483445630706,0.0650798528330659
"test","TNFRSF14","DeepSpaCE","her2+",0.0242075820414831,0.0184239234514365
"test","TNFRSF21","DeepSpaCE","her2+",0.00765108779344925,0.00573040675721288
"test","TNFRSF4","DeepSpaCE","her2+",0.0445199650285073,0.0164776791722653
"test","TNNT1","DeepSpaCE","her2+",0.0743347032360407,0.0300849063984088
"test","TOM1L2","DeepSpaCE","her2+",0.0730408165959247,0.0361373289882423
"test","TP53I3","DeepSpaCE","her2+",0.0301051556748836,0.0138262989833489
"test","TPM2","DeepSpaCE","her2+",0.0491918032998715,0.0441074555374524
"test","TRAC","DeepSpaCE","her2+",0.184674941648648,0.102194928474651
"test","TRAF5","DeepSpaCE","her2+",0.0405075600671611,0.0122304343716434
"test","TRAP1","DeepSpaCE","her2+",0.0802963972851281,0.0490192753377268
"test","TRAPPC4","DeepSpaCE","her2+",0.11146370118957,0.0476559006304611
"test","TRIM14","DeepSpaCE","her2+",0.054248951062577,0.0160001042084363
"test","TRIM22","DeepSpaCE","her2+",0.0333243455118893,0.0139714817616496
"test","TRIM25","DeepSpaCE","her2+",0.0642956698163526,0.04328787807794
"test","TRIM47","DeepSpaCE","her2+",-0.00693366319960168,0.00182173855530336
"test","TSPAN33","DeepSpaCE","her2+",0.00862653216610107,0.00555567753020232
"test","TSR2","DeepSpaCE","her2+",0.0297288267098102,0.010093831017608
"test","TTC31","DeepSpaCE","her2+",0.0516402255109257,0.013136188445121
"test","TTI1","DeepSpaCE","her2+",0.0665818369681593,0.0254471678998159
"test","TXN2","DeepSpaCE","her2+",0.0575287420145981,0.0386365672872744
"test","TXNDC17","DeepSpaCE","her2+",0.190891562039719,0.10796766530667
"test","TXNRD2","DeepSpaCE","her2+",0.07522069902549,0.0340014870165115
"test","TYROBP","DeepSpaCE","her2+",0.0851707025056345,0.0608949237175941
"test","UBA52","DeepSpaCE","her2+",-0.00731042541507906,0.00517664753835782
"test","UBA6","DeepSpaCE","her2+",0.130167068473371,0.0572541704796216
"test","UBAP2L","DeepSpaCE","her2+",0.168895124115724,0.0997914300766604
"test","UBE2W","DeepSpaCE","her2+",0.0917063250459506,0.0298126999535676
"test","UBL7","DeepSpaCE","her2+",0.0340965944839523,0.0136174929726731
"test","UBR2","DeepSpaCE","her2+",0.0543302711475225,0.0165355548050961
"test","UBXN1","DeepSpaCE","her2+",0.00797874230116997,0.00740640384410913
"test","UCK1","DeepSpaCE","her2+",0.0529352595491435,0.0220225164926164
"test","UFD1L","DeepSpaCE","her2+",0.128088723866053,0.0699064842401386
"test","UQCRC1","DeepSpaCE","her2+",0.0366876455010051,0.0335804141581453
"test","UXS1","DeepSpaCE","her2+",0.087652023048556,0.0535606180159076
"test","UXT","DeepSpaCE","her2+",0.033592210390949,0.0161876715555914
"test","VARS","DeepSpaCE","her2+",0.0584934538633719,0.0430886029730466
"test","VAV1","DeepSpaCE","her2+",0.0478894274417027,0.0117623633197588
"test","VCAM1","DeepSpaCE","her2+",0.0381615523199157,0.0206589903696505
"test","VEGFB","DeepSpaCE","her2+",-0.00580390502487261,0.00249255147587125
"test","VIM","DeepSpaCE","her2+",0.0987111105361068,0.0848787022801984
"test","VPS13D","DeepSpaCE","her2+",0.0564896242005214,0.0178434301479159
"test","VPS45","DeepSpaCE","her2+",0.0673239596912984,0.0175720411934965
"test","VWF","DeepSpaCE","her2+",0.101428168066167,0.0458407686449125
"test","WDFY3","DeepSpaCE","her2+",0.0616939358159716,0.0222252530951673
"test","WDR13","DeepSpaCE","her2+",0.0097861132277511,0.012005275649642
"test","WDR34","DeepSpaCE","her2+",0.0510751773414505,0.046006822993405
"test","WDR46","DeepSpaCE","her2+",0.0522340910759391,0.0406298772708824
"test","WDR73","DeepSpaCE","her2+",0.0582390830996312,0.0171101913395375
"test","WDR74","DeepSpaCE","her2+",0.0661078430557659,0.0341236258358558
"test","WIPF1","DeepSpaCE","her2+",0.10011585757367,0.0688978002172919
"test","XAB2","DeepSpaCE","her2+",0.0371197493713362,0.0261016718679611
"test","XIAP","DeepSpaCE","her2+",0.0219427469285382,0.00767729990900135
"test","XPO6","DeepSpaCE","her2+",0.116470172081646,0.0630569703319552
"test","YIPF4","DeepSpaCE","her2+",0.0746670038612461,0.03492345587353
"test","YTHDC1","DeepSpaCE","her2+",0.0608555248244368,0.0203751509661197
"test","ZDHHC12","DeepSpaCE","her2+",0.0624905236239492,0.05440037802621
"test","ZFAND3","DeepSpaCE","her2+",0.103632971160161,0.0565223681807502
"test","ZFP36","DeepSpaCE","her2+",0.0924579946898628,0.0592124877122787
"test","ZFPL1","DeepSpaCE","her2+",0.0343033250575814,0.0166625259989824
"test","ZFR","DeepSpaCE","her2+",0.0806300032415455,0.0309113697825151
"test","ZG16B","DeepSpaCE","her2+",0.055580432941922,0.029486432370145
"test","ZMAT5","DeepSpaCE","her2+",0.0627167925360277,0.0288272168642429
"test","ZMYND19","DeepSpaCE","her2+",0.12972195298476,0.0832915445231483
"test","ZMYND8","DeepSpaCE","her2+",0.0746700776460594,0.0372713712164561
"test","ZNF217","DeepSpaCE","her2+",0.13029133874534,0.0564624251244137
"test","ZNF337","DeepSpaCE","her2+",0.0633735783444028,0.0269673849778375
"test","ZNF33B","DeepSpaCE","her2+",0.0494052498466123,0.0115521435034994
"test","ZNF362","DeepSpaCE","her2+",0.0465225258180876,0.0101321991031304
"test","ZNF524","DeepSpaCE","her2+",0.00619206785991561,0.00736861506418869
"test","ZNF592","DeepSpaCE","her2+",0.0273489292613806,0.00991232159957368
"test","ZNF644","DeepSpaCE","her2+",0.0580594344807126,0.0313968983959494
"test","ZNF668","DeepSpaCE","her2+",0.0598233335027356,0.0210500433254713
"test","ZNF771","DeepSpaCE","her2+",0.03768971573804,0.0158421799992985
"test","ZNF787","DeepSpaCE","her2+",0.0461072808495356,0.0296311512292426
"test","ZNF791","DeepSpaCE","her2+",-0.00212200117726715,0.00374554845422975
"test","ZNF83","DeepSpaCE","her2+",0.070590415627811,0.0185271723205895
"test","ZNF91","DeepSpaCE","her2+",0.0492350930684654,0.0168213837242409
"test","ZNRF1","DeepSpaCE","her2+",0.0421845273344744,0.0224374447647054
"test","ZSWIM8","DeepSpaCE","her2+",0.0926880273897419,0.0498133215345459
"test","A2M","GeneCodeR","her2+",0.133368403320573,0.0643735951487475
"test","AAMDC","GeneCodeR","her2+",0.0739455341561116,0.0230340239786106
"test","ABCA3","GeneCodeR","her2+",0.076672054826082,0.0228129745571893
"test","ABCA7","GeneCodeR","her2+",0.0578201259381491,0.0175652587426561
"test","ABCF3","GeneCodeR","her2+",0.149615460225596,0.0638203318445547
"test","ABHD14A","GeneCodeR","her2+",0.0223171396287395,0.00956759610100825
"test","ABHD4","GeneCodeR","her2+",0.0620514051939593,0.0190289666539864
"test","ACAA1","GeneCodeR","her2+",0.123959672529761,0.0470607237039943
"test","ACER3","GeneCodeR","her2+",0.0153898719726389,0.0061828995750556
"test","ADAM15","GeneCodeR","her2+",0.0675687624533971,0.0463238348642223
"test","ADCY3","GeneCodeR","her2+",0.0585671609852265,0.0146582771629484
"test","ADI1","GeneCodeR","her2+",0.121769917139545,0.0606000782528934
"test","AEBP1","GeneCodeR","her2+",0.1620445318746,0.117065554701156
"test","AES","GeneCodeR","her2+",0.183875639987333,0.125468240061375
"test","AGAP2","GeneCodeR","her2+",0.0221057208292164,0.00648464015509572
"test","AGO2","GeneCodeR","her2+",0.0812146963921002,0.0319684583345028
"test","AGPAT2","GeneCodeR","her2+",0.15448926015432,0.0894407527066463
"test","AGR2","GeneCodeR","her2+",0.0658337742541558,0.0251342032126123
"test","AHCY","GeneCodeR","her2+",0.0898981935394632,0.0419865560323596
"test","AKAP9","GeneCodeR","her2+",0.0466134214240652,0.0271431875903644
"test","AKR1A1","GeneCodeR","her2+",0.147147319890432,0.0729458669833624
"test","AKT1S1","GeneCodeR","her2+",0.10995052313454,0.0695566241611659
"test","ALDH16A1","GeneCodeR","her2+",0.0661690660422679,0.0287887429436634
"test","ALG3","GeneCodeR","her2+",0.142701954345125,0.0560728270571669
"test","ANGPTL4","GeneCodeR","her2+",0.0256742736075831,0.00876234927757746
"test","ANKLE2","GeneCodeR","her2+",0.115426169489642,0.0415650081610878
"test","ANKRD12","GeneCodeR","her2+",0.0308546463521101,0.0149425619718416
"test","ANKRD28","GeneCodeR","her2+",0.0461385137039557,0.0125412436658157
"test","ANO10","GeneCodeR","her2+",0.0329450143484652,0.0116968497664489
"test","AP5B1","GeneCodeR","her2+",0.0199045042238625,0.00787349654783599
"test","AP5Z1","GeneCodeR","her2+",0.0923972298821205,0.0341310066129584
"test","APBA2","GeneCodeR","her2+",0.056614524057374,0.0207800122230314
"test","APBB2","GeneCodeR","her2+",0.043570308743294,0.0105775068678674
"test","APOBEC3G","GeneCodeR","her2+",0.0383186904394316,0.00942290379636955
"test","APOC1","GeneCodeR","her2+",0.193584709178945,0.0936308917518995
"test","AQP1","GeneCodeR","her2+",0.00571609206631669,0.00900381566013063
"test","ARF5","GeneCodeR","her2+",0.0504595178322028,0.0118895818652167
"test","ARF6","GeneCodeR","her2+",0.122152766595204,0.0421657267059789
"test","ARFGEF2","GeneCodeR","her2+",0.0211138374253086,0.0069772353028601
"test","ARHGAP10","GeneCodeR","her2+",0.0621287209845678,0.0151386551342882
"test","ARHGAP4","GeneCodeR","her2+",0.11827649871448,0.0446871246289541
"test","ARHGAP45","GeneCodeR","her2+",0.0725795372579797,0.0285115196490784
"test","ARHGAP5","GeneCodeR","her2+",0.041706846935393,0.0158592545194417
"test","ARHGEF10L","GeneCodeR","her2+",0.0658481531193132,0.0138199540120645
"test","ARHGEF3","GeneCodeR","her2+",0.0629477972617721,0.0179302535374111
"test","ARHGEF40","GeneCodeR","her2+",0.0328490446565471,0.0141343889891709
"test","ARID1B","GeneCodeR","her2+",0.0342214143551537,0.0168789918477856
"test","ARID3A","GeneCodeR","her2+",0.0124546370490646,0.00747142981468886
"test","ARID4A","GeneCodeR","her2+",0.0216802487590215,0.00739641115549322
"test","ARID5A","GeneCodeR","her2+",0.0888653204972093,0.0444865844874483
"test","ARID5B","GeneCodeR","her2+",0.0351354092573637,0.0171810489026515
"test","ARNT","GeneCodeR","her2+",0.0657991774152779,0.0222851211808446
"test","ASCL2","GeneCodeR","her2+",0.0878730558177915,0.0312914947976695
"test","ASH2L","GeneCodeR","her2+",0.0667457172313052,0.0237547276029529
"test","ASL","GeneCodeR","her2+",0.0805644691149328,0.0272410631304495
"test","ASMTL","GeneCodeR","her2+",0.0863353223388365,0.0367774845950578
"test","ASNA1","GeneCodeR","her2+",0.17822562819378,0.106481035296261
"test","ASNS","GeneCodeR","her2+",0.0497869511552403,0.0154325594669778
"test","ATAD1","GeneCodeR","her2+",0.0296496655270555,0.00625491798054852
"test","ATF6B","GeneCodeR","her2+",0.0529414082646688,0.0185016882049637
"test","ATG12","GeneCodeR","her2+",0.0552568129162377,0.0222953258504495
"test","ATG16L2","GeneCodeR","her2+",0.0557345785526148,0.0110299348365041
"test","ATL2","GeneCodeR","her2+",0.0487402278708292,0.0119160910061852
"test","ATP5H","GeneCodeR","her2+",0.110476394425269,0.0425564821053256
"test","ATP5O","GeneCodeR","her2+",0.154386362440962,0.0709851573885834
"test","ATP6AP1","GeneCodeR","her2+",0.244973690987112,0.134127079602181
"test","ATP6V0D1","GeneCodeR","her2+",0.128184156905768,0.0692099091567923
"test","AURKAIP1","GeneCodeR","her2+",0.189291009686663,0.104487906051036
"test","AVEN","GeneCodeR","her2+",0.02942818445639,0.00968641921394112
"test","BABAM1","GeneCodeR","her2+",0.141836100215753,0.0661646225419127
"test","BAD","GeneCodeR","her2+",0.149389316631587,0.0857912502124903
"test","BAIAP3","GeneCodeR","her2+",-0.00810352505148334,0.000400276658770896
"test","BCAM","GeneCodeR","her2+",0.100532657991763,0.0471775046228015
"test","BCL2L12","GeneCodeR","her2+",0.0551732187155268,0.0166628786701163
"test","BGN","GeneCodeR","her2+",0.0962009082808343,0.0826272493327695
"test","BICDL1","GeneCodeR","her2+",0.0543726379698077,0.0125804355637611
"test","BIN3","GeneCodeR","her2+",0.095703735319895,0.0369094504681404
"test","BIRC2","GeneCodeR","her2+",0.0865856341095233,0.0305405278366981
"test","BOK","GeneCodeR","her2+",0.100975060757185,0.0516196200317163
"test","BOLA3","GeneCodeR","her2+",0.0575652873261889,0.0118628724214605
"test","BRD9","GeneCodeR","her2+",0.135018522003537,0.0539821216528731
"test","BRF1","GeneCodeR","her2+",0.106680849843874,0.0447562583335543
"test","BRF2","GeneCodeR","her2+",0.0752856951054598,0.0316561944911401
"test","BRK1","GeneCodeR","her2+",0.116633374589375,0.060364421963349
"test","BRPF1","GeneCodeR","her2+",0.0347330470793432,0.00981070541244568
"test","BSG","GeneCodeR","her2+",0.167233340517903,0.106669709880268
"test","BST2","GeneCodeR","her2+",0.201468653603618,0.111252184883529
"test","BTG1","GeneCodeR","her2+",0.151506665825064,0.0804554845008388
"test","C10orf10","GeneCodeR","her2+",0.0215488915427759,0.00920887700135016
"test","C10orf54","GeneCodeR","her2+",0.056223758505842,0.0294513735424514
"test","C12orf45","GeneCodeR","her2+",0.0804196731450274,0.0233940265223186
"test","C15orf61","GeneCodeR","her2+",0.0502176950567279,0.0127911963658985
"test","C19orf24","GeneCodeR","her2+",0.0802363969015335,0.0453906457701493
"test","C19orf52","GeneCodeR","her2+",0.101354553984834,0.0278875445719375
"test","C19orf60","GeneCodeR","her2+",0.0764867882052829,0.0363983661292147
"test","C1QB","GeneCodeR","her2+",0.167124340498478,0.0948883460299348
"test","C1R","GeneCodeR","her2+",0.106501401482094,0.0683750108709307
"test","C1S","GeneCodeR","her2+",0.122059700648939,0.0507342841111737
"test","C1orf216","GeneCodeR","her2+",0.0537951176615575,0.0139716240729465
"test","C2","GeneCodeR","her2+",0.100130216494293,0.0307838212692482
"test","C2CD2L","GeneCodeR","her2+",0.0941032722621773,0.0330494107151719
"test","C3","GeneCodeR","her2+",0.0390647454826358,0.0431574777833585
"test","C4orf48","GeneCodeR","her2+",0.11869659573225,0.0819322551483152
"test","C5orf38","GeneCodeR","her2+",0.02809147569072,0.0104303244266321
"test","C6orf136","GeneCodeR","her2+",0.0547709343679911,0.0130340087672681
"test","C6orf48","GeneCodeR","her2+",0.126377646782259,0.0428501003508615
"test","CADM4","GeneCodeR","her2+",0.0980655121929785,0.045010403449141
"test","CALML5","GeneCodeR","her2+",0.102426777961169,0.0624383589003593
"test","CAMTA2","GeneCodeR","her2+",0.0877854761542155,0.0307779969036986
"test","CAPG","GeneCodeR","her2+",0.211927315875319,0.101092533092113
"test","CARS2","GeneCodeR","her2+",0.107442996989047,0.0408042239055604
"test","CBLC","GeneCodeR","her2+",0.0514378364329666,0.014686583219674
"test","CCDC106","GeneCodeR","her2+",0.0613128202446871,0.0219270856624102
"test","CCDC167","GeneCodeR","her2+",0.1071965308175,0.046808095717608
"test","CCDC57","GeneCodeR","her2+",0.102233980652552,0.044867187190497
"test","CCDC80","GeneCodeR","her2+",-0.0200361177499466,-0.00208555677844469
"test","CCDC88B","GeneCodeR","her2+",0.0369034013752619,0.0154720540744994
"test","CCL19","GeneCodeR","her2+",-0.0262087380311914,0.00226316225782909
"test","CCL2","GeneCodeR","her2+",0.0931949810520017,0.0238228690971037
"test","CCL21","GeneCodeR","her2+",0.00443732589105633,0.00286153311085206
"test","CCM2","GeneCodeR","her2+",0.157505784761273,0.0871303120365692
"test","CCNB1IP1","GeneCodeR","her2+",0.0384329796801471,0.0161659485223141
"test","CCNE2","GeneCodeR","her2+",0.0519380279707245,0.0136972685620615
"test","CCS","GeneCodeR","her2+",0.159876739055144,0.0676409396362961
"test","CCT4","GeneCodeR","her2+",0.135428842791432,0.0589115589917005
"test","CD14","GeneCodeR","her2+",0.0586777997600938,0.0366086373363681
"test","CD320","GeneCodeR","her2+",0.0452831017288925,0.0278177429916739
"test","CD3D","GeneCodeR","her2+",0.0194296907685874,0.00822411447160065
"test","CD4","GeneCodeR","her2+",0.0541799718900754,0.0203941979754094
"test","CD52","GeneCodeR","her2+",0.0936890401901896,0.0394595585020949
"test","CD68","GeneCodeR","her2+",0.128104871021699,0.066638423829682
"test","CD74","GeneCodeR","her2+",0.182110257839599,0.100873285634062
"test","CD79A","GeneCodeR","her2+",0.0437967665843594,0.0165428096968702
"test","CDH11","GeneCodeR","her2+",0.019856852717911,0.00971248384197732
"test","CDK5RAP1","GeneCodeR","her2+",0.0854309646928177,0.01967288798148
"test","CEP250","GeneCodeR","her2+",0.067614235710491,0.0157340499662034
"test","CERCAM","GeneCodeR","her2+",0.0641812538131135,0.0297748881845203
"test","CERS5","GeneCodeR","her2+",0.106458510729783,0.0352565679833774
"test","CES2","GeneCodeR","her2+",0.044782179950828,0.016517562160139
"test","CFAP36","GeneCodeR","her2+",0.0578049375587876,0.0120101779755445
"test","CFDP1","GeneCodeR","her2+",0.0580637396742923,0.0170613921237406
"test","CGGBP1","GeneCodeR","her2+",0.103943938300337,0.0370220924477521
"test","CHCHD6","GeneCodeR","her2+",0.0390534525364125,0.0145819024241716
"test","CHD1","GeneCodeR","her2+",0.0602108944669059,0.0196266016918368
"test","CHD6","GeneCodeR","her2+",0.0688967817183844,0.0254507865613136
"test","CHFR","GeneCodeR","her2+",0.0976217773516063,0.032055380945083
"test","CHST11","GeneCodeR","her2+",0.0165483320132074,0.00772938839852367
"test","CIR1","GeneCodeR","her2+",0.0336592889360818,0.0107432964886136
"test","CLASRP","GeneCodeR","her2+",0.116438619484344,0.0404054810518201
"test","CLDN3","GeneCodeR","her2+",0.234064994140996,0.137290470826918
"test","CLDN4","GeneCodeR","her2+",0.229403755780365,0.109841000422362
"test","CLU","GeneCodeR","her2+",0.147466553847023,0.0629648134171819
"test","CNN2","GeneCodeR","her2+",0.157351831427351,0.0996546898277614
"test","COL14A1","GeneCodeR","her2+",0.00596756742970552,0.00890838059922693
"test","COL3A1","GeneCodeR","her2+",0.10115492496422,0.0594374286693941
"test","COL4A1","GeneCodeR","her2+",0.0803701414710644,0.0285814679201216
"test","COL6A2","GeneCodeR","her2+",0.127951332183848,0.0971576413834409
"test","COL8A2","GeneCodeR","her2+",0.0435707824757067,0.0168657742181379
"test","COMMD1","GeneCodeR","her2+",0.0761877681766149,0.0199058039053537
"test","COMP","GeneCodeR","her2+",0.0519273104642432,0.0341891468984111
"test","COPS7A","GeneCodeR","her2+",0.102793243243747,0.0334982721724727
"test","COQ4","GeneCodeR","her2+",0.111780221057662,0.0494666519690827
"test","CORO1A","GeneCodeR","her2+",0.054799713855453,0.015196810819058
"test","CORO1B","GeneCodeR","her2+",0.125938904916181,0.0776191164302012
"test","CORO2A","GeneCodeR","her2+",0.0854326861255618,0.0213809350612188
"test","CORO7","GeneCodeR","her2+",0.128019132087194,0.0562035762744312
"test","COX5A","GeneCodeR","her2+",0.09840962166398,0.036538940486738
"test","CPNE1","GeneCodeR","her2+",0.181417866233697,0.0736680040773392
"test","CPSF1","GeneCodeR","her2+",0.0993731940868167,0.0428015958495658
"test","CPVL","GeneCodeR","her2+",-0.00183294185574824,0.00183387433073393
"test","CRABP2","GeneCodeR","her2+",0.136796194679059,0.0614495788589296
"test","CRACR2B","GeneCodeR","her2+",0.196155876272804,0.0858758913580578
"test","CRELD2","GeneCodeR","her2+",0.122185564605841,0.0371012915203854
"test","CROCC","GeneCodeR","her2+",0.0464513966139672,0.0158569030349381
"test","CSF1","GeneCodeR","her2+",0.0611555746236685,0.0208052741668311
"test","CSF1R","GeneCodeR","her2+",0.0583316353487084,0.0310361145876328
"test","CTDSPL","GeneCodeR","her2+",0.115437205507144,0.0462447295812864
"test","CTIF","GeneCodeR","her2+",0.0838924412670168,0.0338586691521463
"test","CTSK","GeneCodeR","her2+",0.0622085283529843,0.0324112214786421
"test","CTU2","GeneCodeR","her2+",0.068834787548119,0.0232857695956913
"test","CUTC","GeneCodeR","her2+",0.0750586583631606,0.0207161289048173
"test","CUX1","GeneCodeR","her2+",0.111700756317824,0.0438252140732719
"test","CX3CL1","GeneCodeR","her2+",0.115337792675258,0.0453960801421609
"test","CXCL10","GeneCodeR","her2+",0.0556179130436406,0.0119693423341881
"test","CXXC5","GeneCodeR","her2+",0.2159009740075,0.108171019611419
"test","CYP27A1","GeneCodeR","her2+",0.0602981794246083,0.0203508031460017
"test","DAPK3","GeneCodeR","her2+",0.12013741663914,0.0782357323226451
"test","DCAF6","GeneCodeR","her2+",0.0956017429617464,0.0332118045085229
"test","DCXR","GeneCodeR","her2+",0.182667447657048,0.0871799642059381
"test","DDAH1","GeneCodeR","her2+",0.0567076295604338,0.0133895317006864
"test","DDB2","GeneCodeR","her2+",0.0373650800954782,0.0157822274476825
"test","DDIT3","GeneCodeR","her2+",0.0627814530465715,0.0182970034514851
"test","DDRGK1","GeneCodeR","her2+",0.113808513899649,0.0528228967435301
"test","DDT","GeneCodeR","her2+",0.0669262785831776,0.0344044105027446
"test","DEAF1","GeneCodeR","her2+",0.0901793028042202,0.0396232554238947
"test","DENND1A","GeneCodeR","her2+",0.0294580349598779,0.0162552298029041
"test","DERL3","GeneCodeR","her2+",0.0657437179534982,0.0330773505683884
"test","DESI1","GeneCodeR","her2+",0.0901387165534966,0.0283662549852151
"test","DHX16","GeneCodeR","her2+",0.0599388139275729,0.0148623639965681
"test","DLG1","GeneCodeR","her2+",0.0521085140026975,0.020241445608613
"test","DMAP1","GeneCodeR","her2+",0.103162847364062,0.0449450657872634
"test","DNAJB2","GeneCodeR","her2+",0.194659154111852,0.110402620909726
"test","DNAJC1","GeneCodeR","her2+",0.16060330692671,0.0551897423623219
"test","DNAJC7","GeneCodeR","her2+",0.129206640124011,0.0694650522008924
"test","DOCK6","GeneCodeR","her2+",0.0922564180244805,0.0256011774613391
"test","DPH3","GeneCodeR","her2+",0.0444990983277686,0.0100570832598958
"test","DPM2","GeneCodeR","her2+",0.0927337854922448,0.0583044481138908
"test","DPP7","GeneCodeR","her2+",0.136228499401693,0.0787288737393745
"test","DPP9","GeneCodeR","her2+",0.0835090778946136,0.0430096996783868
"test","DPYSL3","GeneCodeR","her2+",0.0981954231978949,0.0524539338156552
"test","DVL1","GeneCodeR","her2+",0.0799929962187635,0.0262641473487844
"test","EBAG9","GeneCodeR","her2+",0.0316792062670093,0.00850511385909665
"test","ECHDC2","GeneCodeR","her2+",0.0434359472555976,0.01861492748781
"test","ECM1","GeneCodeR","her2+",0.162646340093498,0.085853780263801
"test","EFEMP2","GeneCodeR","her2+",0.0472434713959857,0.0311998354852791
"test","EFHD2","GeneCodeR","her2+",0.0984480499232626,0.0471019871965058
"test","EIF1AD","GeneCodeR","her2+",0.0535506621572657,0.0166316797218091
"test","EIF3B","GeneCodeR","her2+",0.233047747165672,0.138528333408023
"test","EIF3F","GeneCodeR","her2+",0.0719522056335093,0.0274581602451174
"test","EIF3G","GeneCodeR","her2+",0.119941275012456,0.0663916473485241
"test","ELN","GeneCodeR","her2+",0.0025428720597693,0.00445865154453935
"test","ELOF1","GeneCodeR","her2+",0.105157672606773,0.0524418714210982
"test","EMC3","GeneCodeR","her2+",0.101565900376487,0.0370490980217344
"test","ENPP1","GeneCodeR","her2+",0.0566874314370667,0.0170415249617813
"test","EPHB3","GeneCodeR","her2+",0.107125128478138,0.0499896909660196
"test","ERAL1","GeneCodeR","her2+",0.0813373008122111,0.0216901283664302
"test","ERI3","GeneCodeR","her2+",0.0964507140011292,0.05836582501515
"test","ERMP1","GeneCodeR","her2+",0.0954467800044776,0.0252586335831667
"test","ETFB","GeneCodeR","her2+",0.129139572905374,0.0709645649203263
"test","EVA1B","GeneCodeR","her2+",0.0228345227714196,0.0274886420693317
"test","EXD3","GeneCodeR","her2+",0.0791307672053376,0.0179860830696112
"test","EXOC5","GeneCodeR","her2+",0.0836874165619634,0.0295051539628881
"test","EXOSC1","GeneCodeR","her2+",0.0685911904872085,0.0172194101766966
"test","EXOSC10","GeneCodeR","her2+",0.125729715783926,0.043310920777895
"test","EXOSC2","GeneCodeR","her2+",0.0539816647362591,0.0156301112269743
"test","EZH2","GeneCodeR","her2+",0.0656959938310245,0.0173807355034456
"test","FAAH","GeneCodeR","her2+",0.0980073911824294,0.0313392018450706
"test","FADS2","GeneCodeR","her2+",0.259716413188554,0.12114588153596
"test","FAH","GeneCodeR","her2+",0.0383068976983034,0.0165781644444625
"test","FAIM2","GeneCodeR","her2+",0.0269280215305138,0.0148897219543274
"test","FAM102A","GeneCodeR","her2+",0.157217999995592,0.061844640197796
"test","FAM117A","GeneCodeR","her2+",0.0682648235975656,0.0228472968961283
"test","FAM118A","GeneCodeR","her2+",0.0536334235242477,0.0144782293477211
"test","FAM160B1","GeneCodeR","her2+",0.0398084693599842,0.011522617339029
"test","FAM173A","GeneCodeR","her2+",0.117599578042074,0.0559120736897981
"test","FAM193B","GeneCodeR","her2+",0.193949755270073,0.0775178464213015
"test","FAM213B","GeneCodeR","her2+",0.0740546463984405,0.0260678818797309
"test","FAM3A","GeneCodeR","her2+",0.0905502041937322,0.0422488778611725
"test","FAM45A","GeneCodeR","her2+",0.0445672520400518,0.0127925557380521
"test","FAP","GeneCodeR","her2+",0.0390369355340358,0.0149236126148639
"test","FARP1","GeneCodeR","her2+",0.117697206564478,0.0564367475231685
"test","FARSB","GeneCodeR","her2+",0.114824325855815,0.0316861381447832
"test","FASN","GeneCodeR","her2+",0.279256461369853,0.132245878493143
"test","FBF1","GeneCodeR","her2+",0.0537105842773526,0.0156947389927432
"test","FBLN2","GeneCodeR","her2+",0.093680482365394,0.0367623632671472
"test","FCER1G","GeneCodeR","her2+",0.084773434517705,0.0273147395005371
"test","FDPS","GeneCodeR","her2+",0.202086942499458,0.0914893815055739
"test","FGFR1","GeneCodeR","her2+",0.0496707195355595,0.0252233182095938
"test","FKBP10","GeneCodeR","her2+",0.0737328907872338,0.0402690973867172
"test","FKBP8","GeneCodeR","her2+",0.137948250084878,0.0747294883516147
"test","FLNA","GeneCodeR","her2+",0.17842436374025,0.130742204608707
"test","FN1","GeneCodeR","her2+",0.168113085133033,0.0913565408245193
"test","FNBP4","GeneCodeR","her2+",0.0399627631494596,0.0176927494249334
"test","FOXP4","GeneCodeR","her2+",0.176173520171365,0.0767766644331571
"test","FSTL1","GeneCodeR","her2+",0.0714813691508906,0.0336772863689296
"test","FSTL3","GeneCodeR","her2+",0.0890819789573191,0.038539388046287
"test","FUOM","GeneCodeR","her2+",0.0468804123139459,0.02226852231617
"test","FUS","GeneCodeR","her2+",0.146415192202713,0.0768063547767102
"test","FZD2","GeneCodeR","her2+",0.0543587544225631,0.0263748975791218
"test","GALK1","GeneCodeR","her2+",0.0672887222159831,0.0237427612350957
"test","GANAB","GeneCodeR","her2+",0.168264851988497,0.0878482302171313
"test","GAR1","GeneCodeR","her2+",0.0622639675941276,0.0192582444114594
"test","GAS6","GeneCodeR","her2+",0.110479601558867,0.0624695772682548
"test","GATA3","GeneCodeR","her2+",0.158069048330157,0.0551570646490144
"test","GATC","GeneCodeR","her2+",0.0870599613922658,0.0431211646233833
"test","GBP1","GeneCodeR","her2+",0.0822456125218802,0.0232483001655065
"test","GBP2","GeneCodeR","her2+",0.0872192950387451,0.024857082522269
"test","GBP3","GeneCodeR","her2+",0.0768585933301216,0.0201110424069239
"test","GBP4","GeneCodeR","her2+",0.0553044115748488,0.0124417798850265
"test","GBP5","GeneCodeR","her2+",0.0472705332603494,0.0133627130815396
"test","GEMIN4","GeneCodeR","her2+",0.0482763695269277,0.0159034043020032
"test","GLCCI1","GeneCodeR","her2+",0.0629815987927236,0.0205910319254396
"test","GLG1","GeneCodeR","her2+",0.0923796363890463,0.0472704192960142
"test","GLTSCR2","GeneCodeR","her2+",0.0499206338437036,0.0344659013978105
"test","GMFG","GeneCodeR","her2+",0.0362513569591267,0.0146854330798949
"test","GMPPA","GeneCodeR","her2+",0.123482869307865,0.0449611657079507
"test","GNAI2","GeneCodeR","her2+",0.204175816562008,0.138976453027014
"test","GNAS","GeneCodeR","her2+",0.290080653489392,0.157828964985519
"test","GNL2","GeneCodeR","her2+",0.119470655157738,0.0335472278024126
"test","GPR108","GeneCodeR","her2+",0.0830143659340265,0.0362487720274118
"test","GPRC5A","GeneCodeR","her2+",0.12640873531962,0.0503194784257614
"test","GPS1","GeneCodeR","her2+",0.117273727771259,0.0655825746549766
"test","GPSM1","GeneCodeR","her2+",0.0696550658828713,0.0269139686693368
"test","GPX3","GeneCodeR","her2+",0.0115094259570913,0.0137181199239925
"test","GRK3","GeneCodeR","her2+",0.0304520933609218,0.00792025488556334
"test","GSK3A","GeneCodeR","her2+",0.140658755690762,0.0616459744046497
"test","GSTM3","GeneCodeR","her2+",0.0510172663227093,0.02016680920644
"test","GYPC","GeneCodeR","her2+",0.00135763016195405,0.00740212852418095
"test","HAGHL","GeneCodeR","her2+",0.107420206661639,0.04154510981731
"test","HCFC1R1","GeneCodeR","her2+",0.157191800368334,0.0954907276022039
"test","HCST","GeneCodeR","her2+",0.0312435187961211,0.0156275449759675
"test","HDAC5","GeneCodeR","her2+",0.0849141986680934,0.0373201597736972
"test","HDAC6","GeneCodeR","her2+",0.0771167522648598,0.0238699612634377
"test","HELZ2","GeneCodeR","her2+",0.0702779195620275,0.0205354401794921
"test","HES1","GeneCodeR","her2+",0.0886597150631611,0.0341956725661116
"test","HLA.B","GeneCodeR","her2+",0.238823466687897,0.130350471114428
"test","HLA.DMA","GeneCodeR","her2+",0.0789815433224557,0.0390930306183938
"test","HLA.DMB","GeneCodeR","her2+",0.0805401923787343,0.0356819861481608
"test","HLA.DOA","GeneCodeR","her2+",0.0651045890802298,0.0145742015183733
"test","HLA.DPA1","GeneCodeR","her2+",0.149887448075256,0.0756004964921396
"test","HLA.DPB1","GeneCodeR","her2+",0.107021408310394,0.0444915691321933
"test","HLA.DRA","GeneCodeR","her2+",0.207830709072765,0.0982802866629266
"test","HLA.DRB1","GeneCodeR","her2+",0.144228517830729,0.068660672261245
"test","HMGB2","GeneCodeR","her2+",0.134391968230882,0.0447747560437945
"test","HNRNPUL2","GeneCodeR","her2+",0.202302042918494,0.103484852694018
"test","HOOK3","GeneCodeR","her2+",-0.00142527773036562,0.00476882538291961
"test","HPS6","GeneCodeR","her2+",0.0421840208071368,0.012281291749575
"test","HSD17B1","GeneCodeR","her2+",0.00802772058408047,0.00977534100634724
"test","HSPA4","GeneCodeR","her2+",0.0797400441885125,0.0343910407753053
"test","HSPB1","GeneCodeR","her2+",0.233729562244919,0.117377820197137
"test","HSPB11","GeneCodeR","her2+",0.0353028013250608,0.0100619682178986
"test","HYI","GeneCodeR","her2+",0.0581458838752448,0.024676085566032
"test","IDH3G","GeneCodeR","her2+",0.0747281146533722,0.0267522384879691
"test","IDUA","GeneCodeR","her2+",0.0475725031155984,0.0139974459289746
"test","IER5L","GeneCodeR","her2+",0.0913707015650287,0.0664291320768489
"test","IFI27","GeneCodeR","her2+",0.147170633493007,0.0842357956198916
"test","IFI27L1","GeneCodeR","her2+",0.0532093291477936,0.0109453886524539
"test","IFI44L","GeneCodeR","her2+",0.00760462836891342,0.00786910630672242
"test","IGFBP2","GeneCodeR","her2+",0.25274157360773,0.131850890215425
"test","IGFBP4","GeneCodeR","her2+",0.0201987654057208,0.030162279536812
"test","IGHA1","GeneCodeR","her2+",0.0100222344345856,0.0179406414462142
"test","IGHG3","GeneCodeR","her2+",0.11032728247069,0.0591383921420214
"test","IGHG4","GeneCodeR","her2+",0.0128482558937288,0.00926502966399234
"test","IGHM","GeneCodeR","her2+",0.0750526273136886,0.0404369833164429
"test","IGKC","GeneCodeR","her2+",0.0973157121102939,0.0791927311495401
"test","IGLC2","GeneCodeR","her2+",0.0741658887829593,0.0549245997981985
"test","IGLC3","GeneCodeR","her2+",0.0999057843345572,0.0497821009215487
"test","IGLC7","GeneCodeR","her2+",0.0094044066000466,0.00527830409535168
"test","IKZF3","GeneCodeR","her2+",0.067482787804466,0.0286082487601977
"test","IL10RA","GeneCodeR","her2+",0.0572329998083706,0.0236993870326705
"test","ILKAP","GeneCodeR","her2+",0.0540092291570133,0.0174947014999993
"test","INAFM1","GeneCodeR","her2+",0.0049926573267692,0.00456653991890931
"test","INPP4B","GeneCodeR","her2+",0.0251942428955564,0.0089732121343225
"test","INPP5D","GeneCodeR","her2+",0.0590205978272705,0.0187897084179862
"test","INPP5J","GeneCodeR","her2+",0.0810746418064828,0.019410033464097
"test","INTS8","GeneCodeR","her2+",0.083188072022292,0.0257170528419775
"test","ISG15","GeneCodeR","her2+",0.0425133428359634,0.0326409857529356
"test","ISLR","GeneCodeR","her2+",0.0244307084108912,0.0200889899636724
"test","ITGA5","GeneCodeR","her2+",0.0637937982797469,0.0270660676442493
"test","ITGB4","GeneCodeR","her2+",0.130823206558047,0.058417973869462
"test","ITGB6","GeneCodeR","her2+",0.161752040790434,0.0610278260031315
"test","ITSN1","GeneCodeR","her2+",0.0222935434471237,0.0081551045014263
"test","JAG2","GeneCodeR","her2+",0.075219479242039,0.024094723434654
"test","JAK1","GeneCodeR","her2+",0.077501666598437,0.0294358287435788
"test","JAK3","GeneCodeR","her2+",0.0959418393938439,0.0378280361748165
"test","JCHAIN","GeneCodeR","her2+",0.0212612620264043,0.0116180901486404
"test","JMJD6","GeneCodeR","her2+",0.0774289457777012,0.0239580930584088
"test","KAT6B","GeneCodeR","her2+",0.0242207234132658,0.00884007245923406
"test","KATNA1","GeneCodeR","her2+",0.0324374893775481,0.00773957799264883
"test","KCNAB2","GeneCodeR","her2+",0.0378149007819942,0.00863382713828273
"test","KCTD10","GeneCodeR","her2+",0.100875975490423,0.038783745692469
"test","KDM4B","GeneCodeR","her2+",0.128707174106287,0.0611183333062442
"test","KIAA0895L","GeneCodeR","her2+",0.0818767137125739,0.0234134623232517
"test","KIAA1211L","GeneCodeR","her2+",0.0457887837226209,0.012869010450588
"test","KIAA1217","GeneCodeR","her2+",0.081676849805269,0.0287003653188461
"test","KIAA1468","GeneCodeR","her2+",0.0493451027953372,0.0130870614057546
"test","KIAA1715","GeneCodeR","her2+",0.0708616413601734,0.0206796838604312
"test","KIF13B","GeneCodeR","her2+",0.0698052538394145,0.0220073347527287
"test","KLF9","GeneCodeR","her2+",0.0200703212309282,0.00799442087300069
"test","KMT2B","GeneCodeR","her2+",0.157439903715708,0.0749598937472547
"test","KMT2E","GeneCodeR","her2+",0.0309160033581459,0.0129322240515543
"test","KPNB1","GeneCodeR","her2+",0.0660411624775133,0.0313216485704805
"test","KRAS","GeneCodeR","her2+",0.0840619772637575,0.0276836049321581
"test","KRT10","GeneCodeR","her2+",0.101565445430935,0.0399998727851806
"test","KRT17","GeneCodeR","her2+",-0.0128128007311236,0.000686875350490155
"test","KRT8","GeneCodeR","her2+",0.188490055906381,0.0827798711780991
"test","KRT86","GeneCodeR","her2+",0.00756521837188054,0.0100363007619786
"test","LAMB2","GeneCodeR","her2+",0.1374116717699,0.0653534211823526
"test","LAMTOR2","GeneCodeR","her2+",0.172490768912607,0.0769256754758279
"test","LANCL1","GeneCodeR","her2+",0.0462652485902664,0.0121298041537912
"test","LARP1B","GeneCodeR","her2+",0.0436930497162254,0.0104768264233682
"test","LARP7","GeneCodeR","her2+",0.0184904365829456,0.00698883702936984
"test","LCK","GeneCodeR","her2+",0.0566551206651923,0.0164966221874111
"test","LCP1","GeneCodeR","her2+",0.0671987580646372,0.0391799958259893
"test","LGALS1","GeneCodeR","her2+",0.046174234824582,0.0467152269623526
"test","LIMCH1","GeneCodeR","her2+",0.0749813151210427,0.0285395868801275
"test","LIMK1","GeneCodeR","her2+",0.156991251833242,0.0796954339354563
"test","LINC00176","GeneCodeR","her2+",0.0500534674115608,0.0180202813178568
"test","LINGO1","GeneCodeR","her2+",0.0264989416231714,0.0136121038702966
"test","LLGL1","GeneCodeR","her2+",0.0428473431065443,0.013303121614562
"test","LMF1","GeneCodeR","her2+",0.0466376969878991,0.0136918183326315
"test","LMNA","GeneCodeR","her2+",0.154019630791446,0.108925839160001
"test","LRRC8A","GeneCodeR","her2+",0.0582934677238306,0.0208246745308277
"test","LRWD1","GeneCodeR","her2+",0.0737392577332231,0.0221727256072897
"test","LST1","GeneCodeR","her2+",0.0339585656011022,0.0135657673131252
"test","LTB4R","GeneCodeR","her2+",0.0852760504338546,0.0305856171926462
"test","LTBP3","GeneCodeR","her2+",0.113533122167779,0.076136353849999
"test","LTF","GeneCodeR","her2+",0.0724532963176128,0.0198323816356659
"test","LUC7L","GeneCodeR","her2+",0.0959714148778399,0.0339594919278702
"test","LUC7L3","GeneCodeR","her2+",0.192355164643679,0.0906572977795211
"test","LUM","GeneCodeR","her2+",0.1035122032125,0.0579863495155853
"test","LYL1","GeneCodeR","her2+",0.00335277583512552,0.00518152247100446
"test","MAGEF1","GeneCodeR","her2+",0.110459049512195,0.0371148563336141
"test","MAGI1","GeneCodeR","her2+",0.0280372286699146,0.0084048492757639
"test","MAGOHB","GeneCodeR","her2+",0.0530386300490749,0.0129166113831993
"test","MAP1S","GeneCodeR","her2+",0.0863827550624461,0.0293003217025195
"test","MAP3K14","GeneCodeR","her2+",0.0269665006082127,0.0106251201471213
"test","MAP3K6","GeneCodeR","her2+",0.0872854521824431,0.0274185463306627
"test","MAP4K2","GeneCodeR","her2+",0.0559708353167273,0.0161894125037118
"test","MAPK9","GeneCodeR","her2+",0.0596862364238792,0.0138366988164416
"test","MAPKAPK5","GeneCodeR","her2+",0.0609300363462172,0.0174773172998072
"test","MARS","GeneCodeR","her2+",0.102227127014884,0.0424599787138992
"test","MAVS","GeneCodeR","her2+",0.100679937567164,0.0397655038374616
"test","MCTS1","GeneCodeR","her2+",0.0620959567212729,0.0169103927642209
"test","MED13L","GeneCodeR","her2+",0.0648961004214628,0.0191352272639123
"test","MED25","GeneCodeR","her2+",0.115130002019238,0.0533789967073328
"test","MEN1","GeneCodeR","her2+",0.052021326787747,0.0148344778786553
"test","METTL12","GeneCodeR","her2+",0.0271650729255038,0.0126399020616609
"test","METTL16","GeneCodeR","her2+",0.0599981244643003,0.0156242062169969
"test","MFAP4","GeneCodeR","her2+",0.0116473007953691,0.00800042177670016
"test","MFSD3","GeneCodeR","her2+",0.0237038277507521,0.0090254252720215
"test","MFSD7","GeneCodeR","her2+",0.0363176510488215,0.0174875358314074
"test","MGMT","GeneCodeR","her2+",0.0859194934065133,0.0373766059095013
"test","MGP","GeneCodeR","her2+",0.144598785284227,0.0694154675979584
"test","MIB2","GeneCodeR","her2+",0.0733073759937864,0.0192922129213782
"test","MICAL1","GeneCodeR","her2+",0.0784821950900908,0.0302449649707315
"test","MICALL2","GeneCodeR","her2+",0.0633905491779003,0.0258002388459981
"test","MID1IP1","GeneCodeR","her2+",0.141573878630775,0.0555606536146637
"test","MIF","GeneCodeR","her2+",0.0723955007354382,0.0252034348033377
"test","MIIP","GeneCodeR","her2+",0.131373197766374,0.05105049054512
"test","MKNK1","GeneCodeR","her2+",0.0683836544929361,0.0213182275931733
"test","MLLT4","GeneCodeR","her2+",0.0703860882222175,0.024018753946263
"test","MLST8","GeneCodeR","her2+",0.142031880112639,0.074247974476552
"test","MMP9","GeneCodeR","her2+",0.0508521296555763,0.0244873864864122
"test","MORC2","GeneCodeR","her2+",0.100156417458687,0.0349246170694767
"test","MPND","GeneCodeR","her2+",0.0645291792383302,0.0260979239155018
"test","MPST","GeneCodeR","her2+",0.150280289162116,0.0778115286010144
"test","MRPL2","GeneCodeR","her2+",0.0822486963345925,0.0285818361984228
"test","MRPL21","GeneCodeR","her2+",0.106293668876537,0.0322965366721804
"test","MRPL23","GeneCodeR","her2+",0.0534512581583256,0.0226235684286248
"test","MRPL51","GeneCodeR","her2+",0.13787776920949,0.0602746512915514
"test","MRPL54","GeneCodeR","her2+",0.0525641173526487,0.0288596298932195
"test","MRPS22","GeneCodeR","her2+",0.0681165199626784,0.0165602376362285
"test","MS4A6A","GeneCodeR","her2+",0.0607477336103395,0.0225097483198984
"test","MST1R","GeneCodeR","her2+",0.115251990004035,0.0322495473343698
"test","MTG2","GeneCodeR","her2+",0.0859406999461203,0.0295881306886189
"test","MTMR12","GeneCodeR","her2+",0.0684230419640439,0.0203103691566821
"test","MUC1","GeneCodeR","her2+",0.125008490893735,0.0629676170986288
"test","MUCL1","GeneCodeR","her2+",0.0454536798097992,0.0286886159552347
"test","MUS81","GeneCodeR","her2+",0.123145450402159,0.0508595089744587
"test","MVP","GeneCodeR","her2+",0.146978264897324,0.0899870746050659
"test","MX2","GeneCodeR","her2+",0.0403967230301767,0.0106221518264141
"test","MYH10","GeneCodeR","her2+",0.0206319550086183,0.00824416336239337
"test","MYL12B","GeneCodeR","her2+",0.189251557940403,0.0894115022123927
"test","MYL6B","GeneCodeR","her2+",0.0662805601249797,0.0301215524926808
"test","MYL9","GeneCodeR","her2+",0.0948033474207148,0.0796096744392523
"test","MYO1G","GeneCodeR","her2+",0.0412178131238762,0.0129510997569686
"test","MYO9B","GeneCodeR","her2+",0.166411172972911,0.0847970410199752
"test","MZT2A","GeneCodeR","her2+",0.148178201094175,0.0778208922434882
"test","NAA10","GeneCodeR","her2+",0.166917975072166,0.0830751387812364
"test","NANS","GeneCodeR","her2+",0.0733295119387645,0.031890511596289
"test","NCKAP1L","GeneCodeR","her2+",0.0230952401750022,0.00832493187565513
"test","NCKAP5L","GeneCodeR","her2+",0.0696649279215191,0.0169805779494908
"test","NDRG1","GeneCodeR","her2+",0.150498910300545,0.0666010668020976
"test","NDUFA1","GeneCodeR","her2+",0.150921723877464,0.0709269116692647
"test","NDUFA12","GeneCodeR","her2+",0.0885041695716148,0.03212785593575
"test","NDUFB2","GeneCodeR","her2+",0.178873996166015,0.0841481945184535
"test","NDUFB3","GeneCodeR","her2+",0.11357661252959,0.0348342833590377
"test","NDUFB9","GeneCodeR","her2+",0.142969523626132,0.0878730005698807
"test","NDUFC1","GeneCodeR","her2+",0.083124351017814,0.0327919957573792
"test","NDUFS1","GeneCodeR","her2+",0.0763025878648783,0.0252326400005116
"test","NDUFV3","GeneCodeR","her2+",0.106175015306222,0.0417476059628114
"test","NEBL","GeneCodeR","her2+",0.0564136330455868,0.0165405682106689
"test","NEK7","GeneCodeR","her2+",0.0368829149386855,0.0105940451252024
"test","NELFE","GeneCodeR","her2+",0.0487649551194429,0.0260694194608749
"test","NFATC4","GeneCodeR","her2+",0.0353751689824771,0.016989461441652
"test","NFIC","GeneCodeR","her2+",0.080946491853302,0.0478939288636295
"test","NINJ1","GeneCodeR","her2+",0.164170093312978,0.0910515006430132
"test","NIT2","GeneCodeR","her2+",0.104224468603657,0.0336642398200507
"test","NMRAL1","GeneCodeR","her2+",0.16118015126433,0.0799443140041971
"test","NR1H2","GeneCodeR","her2+",0.0458575685455338,0.023141433617396
"test","NR4A1","GeneCodeR","her2+",0.0729441018923583,0.0242791851733161
"test","NRP1","GeneCodeR","her2+",0.0323658801306064,0.0119175556999049
"test","NSMCE1","GeneCodeR","her2+",0.0765571085970933,0.0294181734929886
"test","NTMT1","GeneCodeR","her2+",0.0300365984868639,0.0145164874507791
"test","NUP214","GeneCodeR","her2+",0.0732217084156157,0.0196524969889712
"test","NUP93","GeneCodeR","her2+",0.111019016802499,0.0293724215183894
"test","NXN","GeneCodeR","her2+",0.0510776454706965,0.0168889402726117
"test","OASL","GeneCodeR","her2+",0.0408357337905052,0.0105318293341054
"test","OGFRL1","GeneCodeR","her2+",0.0449014795129234,0.0112672720418203
"test","OPTN","GeneCodeR","her2+",0.0555437910823647,0.0203508092291218
"test","ORC2","GeneCodeR","her2+",0.0199154385391384,0.00596753537196304
"test","OSBPL8","GeneCodeR","her2+",0.0149091851590043,0.00715163387692005
"test","P4HA2","GeneCodeR","her2+",0.0378387954237372,0.00833721232127275
"test","PAF1","GeneCodeR","her2+",0.0418139650763599,0.018673640132456
"test","PAFAH1B3","GeneCodeR","her2+",0.125850788751376,0.0504595552707037
"test","PAQR4","GeneCodeR","her2+",0.10925510001522,0.0425227075853571
"test","PARN","GeneCodeR","her2+",0.0206586539701116,0.0058466703481092
"test","PCCB","GeneCodeR","her2+",0.08520930279904,0.0306298483119774
"test","PCIF1","GeneCodeR","her2+",0.0659451915220697,0.02226792182714
"test","PDCD5","GeneCodeR","her2+",0.106569210616029,0.0294415657315695
"test","PDGFRA","GeneCodeR","her2+",0.0100531887322058,0.00778607680885635
"test","PDGFRB","GeneCodeR","her2+",0.0616205443973419,0.0287018918477305
"test","PER1","GeneCodeR","her2+",0.0811423709385205,0.0264218081763624
"test","PEX11G","GeneCodeR","her2+",0.0505401731149835,0.0143387542258516
"test","PEX14","GeneCodeR","her2+",0.050231615020282,0.0130741334780219
"test","PGLS","GeneCodeR","her2+",0.16263819107921,0.087291522009793
"test","PHF11","GeneCodeR","her2+",0.0194105894187371,0.00609575591776412
"test","PHF13","GeneCodeR","her2+",0.0606241903080242,0.0154813107518702
"test","PHF21A","GeneCodeR","her2+",0.0290372501684829,0.00897454784628465
"test","PHKB","GeneCodeR","her2+",0.117634393967787,0.0371199733435358
"test","PIGQ","GeneCodeR","her2+",0.106367840886336,0.0495179172388445
"test","PIH1D1","GeneCodeR","her2+",0.0571649646909908,0.0279658632953386
"test","PILRA","GeneCodeR","her2+",0.0472278741253869,0.013580922483474
"test","PIM2","GeneCodeR","her2+",0.0934001893570083,0.0296133591624946
"test","PITX1","GeneCodeR","her2+",0.122148149219469,0.0461056760613055
"test","PKNOX1","GeneCodeR","her2+",0.0461348067305985,0.0101577011389983
"test","PLAC9","GeneCodeR","her2+",0.00222285486937276,0.00480686538916174
"test","PLEKHO2","GeneCodeR","her2+",0.0570954671742733,0.0242937337270866
"test","PLIN2","GeneCodeR","her2+",0.033312427915451,0.00996401757579676
"test","PLK1","GeneCodeR","her2+",0.0959958251194411,0.0276611829859907
"test","PLK2","GeneCodeR","her2+",0.149427898868651,0.0495498225946044
"test","PLLP","GeneCodeR","her2+",0.0592209774027632,0.0186560469985568
"test","PLP2","GeneCodeR","her2+",0.0979331572139794,0.0440765490947782
"test","PLPPR2","GeneCodeR","her2+",0.108282337921161,0.0512300814772067
"test","PLSCR1","GeneCodeR","her2+",0.0368635962885355,0.0112074532468902
"test","PLTP","GeneCodeR","her2+",0.0645354326845581,0.0390098732650058
"test","PLVAP","GeneCodeR","her2+",0.0475599879539452,0.0284229515670354
"test","PLXNA1","GeneCodeR","her2+",0.136614507772419,0.0508144571574972
"test","PLXND1","GeneCodeR","her2+",0.189528992134043,0.103791881354361
"test","PMP22","GeneCodeR","her2+",0.0546578222084186,0.0236176051497802
"test","PNISR","GeneCodeR","her2+",0.00833707556323246,0.00525885822097341
"test","PNMT","GeneCodeR","her2+",0.0865641308896166,0.0348826698925518
"test","PNP","GeneCodeR","her2+",0.0485977184342544,0.0141489279562914
"test","PNPLA6","GeneCodeR","her2+",0.1232616306865,0.0522067829315308
"test","PODNL1","GeneCodeR","her2+",0.0175790093337553,0.0127932049407842
"test","PODXL","GeneCodeR","her2+",0.0318256987116757,0.0105100389877058
"test","POLR2E","GeneCodeR","her2+",0.142396962675514,0.0782545901582667
"test","POLR2J","GeneCodeR","her2+",0.144517785892301,0.0725793583837883
"test","POR","GeneCodeR","her2+",0.163077023779638,0.0799137722137368
"test","POSTN","GeneCodeR","her2+",0.138520094650096,0.0687696823655495
"test","PPHLN1","GeneCodeR","her2+",0.0524118024693457,0.0169095388508493
"test","PPIB","GeneCodeR","her2+",0.0444827042301583,0.03968695081369
"test","PPIH","GeneCodeR","her2+",0.039417510917639,0.0117146918414992
"test","PPM1G","GeneCodeR","her2+",0.131800632918469,0.0522667871519442
"test","PPP1R1A","GeneCodeR","her2+",0.0588029693863798,0.037197882754621
"test","PPP1R1B","GeneCodeR","her2+",0.0339356964582226,0.0191733355567823
"test","PPP1R37","GeneCodeR","her2+",0.0665657242663578,0.0271068541706364
"test","PRKAB1","GeneCodeR","her2+",0.0979527388411276,0.0364206141416154
"test","PRKCSH","GeneCodeR","her2+",0.238886437147768,0.124955483487816
"test","PROSER1","GeneCodeR","her2+",0.0540256958305773,0.0198018100470633
"test","PRPF6","GeneCodeR","her2+",0.113358020209187,0.0433101555237608
"test","PRPSAP1","GeneCodeR","her2+",0.10826770124286,0.0338371564580996
"test","PSCA","GeneCodeR","her2+",0.0461137704537872,0.015074415210516
"test","PSMD4","GeneCodeR","her2+",0.108319464970101,0.0411386601277957
"test","PSTPIP1","GeneCodeR","her2+",0.0348066163584427,0.0138493613380047
"test","PTGDS","GeneCodeR","her2+",0.0610804613753283,0.0216320569446683
"test","PTOV1","GeneCodeR","her2+",0.188129303433512,0.107118103502433
"test","PTP4A3","GeneCodeR","her2+",0.0653491133566121,0.0357877829728621
"test","PTPRC","GeneCodeR","her2+",0.0254325497380267,0.0096962948598429
"test","PTPRJ","GeneCodeR","her2+",0.0948433343799464,0.0301037292194275
"test","PTRF","GeneCodeR","her2+",0.0416444241408312,0.0373301334358492
"test","PTRH1","GeneCodeR","her2+",0.010973054903036,0.00454623913419702
"test","PUS3","GeneCodeR","her2+",0.0272832460932924,0.0105525119546747
"test","PWP1","GeneCodeR","her2+",0.0885879766568373,0.0273036686032617
"test","PWWP2B","GeneCodeR","her2+",0.11041372347157,0.057480961610108
"test","PXDN","GeneCodeR","her2+",0.136648400033449,0.0660594005942829
"test","PYURF","GeneCodeR","her2+",0.0587442022609562,0.019711303855237
"test","QSOX1","GeneCodeR","her2+",0.146433777856825,0.0781953730846473
"test","R3HDM2","GeneCodeR","her2+",0.0624030212886274,0.0190477381073435
"test","RAB11FIP1","GeneCodeR","her2+",0.129608748410914,0.0459386281825867
"test","RAB3A","GeneCodeR","her2+",0.0609074454798151,0.0149936405717315
"test","RAB3GAP1","GeneCodeR","her2+",0.130177856836258,0.0487631052276497
"test","RAB3IL1","GeneCodeR","her2+",0.0104170653587145,0.00621823353043088
"test","RABGAP1L","GeneCodeR","her2+",0.0464515444348878,0.0149923815552782
"test","RALBP1","GeneCodeR","her2+",0.0345843705717319,0.00925053257589769
"test","RALGAPA2","GeneCodeR","her2+",0.0571651889329683,0.0185174117159289
"test","RAMP2","GeneCodeR","her2+",-0.0176039348636796,0.00046163916775801
"test","RAP1B","GeneCodeR","her2+",0.0100361782207417,0.00502335808152742
"test","RARS2","GeneCodeR","her2+",0.027955541224472,0.00546736357276169
"test","RASA2","GeneCodeR","her2+",0.0112990494589401,0.00425486038455528
"test","RASGRP2","GeneCodeR","her2+",0.0199473380696572,0.00619940199896016
"test","RASSF3","GeneCodeR","her2+",0.0625846124871726,0.0193955199660818
"test","RBL1","GeneCodeR","her2+",0.0362071001165284,0.00924241740487515
"test","RBM42","GeneCodeR","her2+",0.140906713820197,0.0608174827547197
"test","RECQL4","GeneCodeR","her2+",0.0723228807136562,0.0261543121779136
"test","RECQL5","GeneCodeR","her2+",0.121491657990957,0.0438024204820785
"test","REEP6","GeneCodeR","her2+",0.125427027476647,0.0478426557443355
"test","RGS1","GeneCodeR","her2+",0.0801637481896854,0.0178825159016002
"test","RHOB","GeneCodeR","her2+",0.188764472702011,0.0801168751593518
"test","RIOK1","GeneCodeR","her2+",0.0318000035390572,0.00890277702969068
"test","RMND1","GeneCodeR","her2+",0.0476801650376885,0.0116111634523528
"test","RNASET2","GeneCodeR","her2+",0.210322192014181,0.110384187398773
"test","RND3","GeneCodeR","her2+",0.0553453651735729,0.0147402475451871
"test","RNF135","GeneCodeR","her2+",0.0637390155098217,0.0178882857846096
"test","RNF170","GeneCodeR","her2+",0.0322046240801231,0.0108087000648846
"test","RRAS","GeneCodeR","her2+",0.0879966995278499,0.0397512941995459
"test","RSL1D1","GeneCodeR","her2+",0.137062974220242,0.0775118217757646
"test","RSRP1","GeneCodeR","her2+",0.0604340220048237,0.0212198218874161
"test","RUVBL1","GeneCodeR","her2+",0.0911404171246556,0.0236862022924786
"test","S100A14","GeneCodeR","her2+",0.188639831375311,0.0953118550432715
"test","S100A9","GeneCodeR","her2+",0.0635805821353373,0.0469119118703273
"test","SAMM50","GeneCodeR","her2+",0.112959382734682,0.0427635712837271
"test","SASH1","GeneCodeR","her2+",0.0088312810852113,0.00573198283847742
"test","SAT1","GeneCodeR","her2+",0.109808986821889,0.0627707575257014
"test","SCAF1","GeneCodeR","her2+",0.0765262375658769,0.0303370780556111
"test","SCD","GeneCodeR","her2+",0.152732071609161,0.0608054469465082
"test","SCNN1D","GeneCodeR","her2+",0.0473752929469557,0.0122338403416644
"test","SCX","GeneCodeR","her2+",0.0715622982420981,0.0240130577441943
"test","SDHB","GeneCodeR","her2+",0.0924362579793789,0.0255393197544003
"test","SEC14L2","GeneCodeR","her2+",0.0338986380413084,0.0132791654771446
"test","SEC23A","GeneCodeR","her2+",0.0154193340999229,0.0072196243432725
"test","SEMA3B","GeneCodeR","her2+",0.0296032498953072,0.00951165331536996
"test","SEMA4B","GeneCodeR","her2+",0.0855753463448196,0.0340466824609928
"test","SF3B4","GeneCodeR","her2+",0.0730358427405052,0.0287933057622098
"test","SFSWAP","GeneCodeR","her2+",0.0696226794187365,0.0219946844714816
"test","SGTA","GeneCodeR","her2+",0.178136387190166,0.103775541828867
"test","SH3BP5L","GeneCodeR","her2+",0.0871891925775177,0.0237999312965647
"test","SIGLEC1","GeneCodeR","her2+",0.0507636812162713,0.0153285502941161
"test","SIGMAR1","GeneCodeR","her2+",0.116206921273731,0.0387380740049813
"test","SLC16A2","GeneCodeR","her2+",0.0203595961479322,0.00407858575382885
"test","SLC16A3","GeneCodeR","her2+",0.158249580431356,0.0771444983859166
"test","SLC22A18","GeneCodeR","her2+",0.0750847778334094,0.0221428976657467
"test","SLC25A24","GeneCodeR","her2+",0.0943472831069598,0.0292993576393102
"test","SLC2A1","GeneCodeR","her2+",0.0787884861588107,0.0269400551120562
"test","SLC2A8","GeneCodeR","her2+",0.0757906264169137,0.0214045313932079
"test","SLC35A2","GeneCodeR","her2+",0.120972111452128,0.0473201276351812
"test","SLC43A1","GeneCodeR","her2+",0.000576271891360352,0.00538226961255774
"test","SLC4A5","GeneCodeR","her2+",0.0424597842388265,0.013994980200668
"test","SLC8B1","GeneCodeR","her2+",0.0867404005993146,0.0340470764820528
"test","SLC9A3R2","GeneCodeR","her2+",0.0846263450121878,0.0410973066612034
"test","SLC9A8","GeneCodeR","her2+",0.0666450378403927,0.0183562968819483
"test","SLFN13","GeneCodeR","her2+",0.064770086386516,0.013835388464609
"test","SLPI","GeneCodeR","her2+",0.048520557254353,0.00813304614584036
"test","SMCHD1","GeneCodeR","her2+",0.0428949022421347,0.0209481414907221
"test","SMG9","GeneCodeR","her2+",0.138264756532466,0.0474372863026569
"test","SMYD2","GeneCodeR","her2+",0.0224504248154339,0.00613275681272712
"test","SNAPC3","GeneCodeR","her2+",0.0493681188150119,0.0113304369584007
"test","SNF8","GeneCodeR","her2+",0.186171009968101,0.106185163727035
"test","SNRPD3","GeneCodeR","her2+",0.142797729096305,0.0558890922747412
"test","SNTA1","GeneCodeR","her2+",0.0659717467691458,0.0188526953171719
"test","SNX33","GeneCodeR","her2+",0.048097041589979,0.0180162231038291
"test","SNX8","GeneCodeR","her2+",0.0807307890612608,0.0292010956811655
"test","SOD3","GeneCodeR","her2+",0.0303242893465209,0.0165684692530185
"test","SOS2","GeneCodeR","her2+",0.0226418933130536,0.0074568575453596
"test","SOX4","GeneCodeR","her2+",0.147865927387179,0.0856960627897831
"test","SP6","GeneCodeR","her2+",0.0634992707588351,0.0185170926518874
"test","SPAG9","GeneCodeR","her2+",0.0928589746513358,0.0326083378059507
"test","SPARC","GeneCodeR","her2+",0.132769102580057,0.0783515928213321
"test","SPIN1","GeneCodeR","her2+",0.0879853806980097,0.028924172115193
"test","SPSB1","GeneCodeR","her2+",0.0809290810134068,0.0312163680073212
"test","SRGN","GeneCodeR","her2+",0.106707470152644,0.0358666965894295
"test","SRPX2","GeneCodeR","her2+",0.0273007291894522,0.00843534924445629
"test","SRR","GeneCodeR","her2+",0.0628217799120929,0.0185088410129964
"test","SRRT","GeneCodeR","her2+",0.164826284127971,0.0682566696801477
"test","SRSF1","GeneCodeR","her2+",0.135829644693809,0.0566898669377218
"test","SRSF5","GeneCodeR","her2+",0.207016854383788,0.111696003388979
"test","SSSCA1","GeneCodeR","her2+",0.0492028064778836,0.0244208031980084
"test","STAMBP","GeneCodeR","her2+",0.0567665686981909,0.0141000227884114
"test","STAT5A","GeneCodeR","her2+",0.00229762742026805,0.00556950017055865
"test","STK17A","GeneCodeR","her2+",0.0601548805046003,0.0179296901989919
"test","STK4","GeneCodeR","her2+",0.043767287257469,0.0110302324553808
"test","STMN1","GeneCodeR","her2+",0.151692490401475,0.0666433864688437
"test","STRN3","GeneCodeR","her2+",0.0375258176901546,0.00912457486849057
"test","STT3A","GeneCodeR","her2+",0.0536359004936916,0.0231606101086342
"test","SUGP1","GeneCodeR","her2+",0.030773969120719,0.00601091303848884
"test","SURF1","GeneCodeR","her2+",0.0291461228086793,0.0121053898157899
"test","SVIL","GeneCodeR","her2+",0.0286923295333494,0.00883648179411457
"test","SYDE1","GeneCodeR","her2+",0.0311528969232186,0.0123123986403479
"test","SYK","GeneCodeR","her2+",0.0586966512109595,0.0177908642491944
"test","TACC3","GeneCodeR","her2+",0.0636028875083467,0.018266084376692
"test","TANC2","GeneCodeR","her2+",0.138842004760847,0.0469431774052979
"test","TARBP1","GeneCodeR","her2+",0.0815653055009509,0.0245614595299596
"test","TAX1BP1","GeneCodeR","her2+",0.100381879679283,0.0377209755387653
"test","TAX1BP3","GeneCodeR","her2+",0.107073947129241,0.0437838128758414
"test","TBC1D10A","GeneCodeR","her2+",0.108417146641829,0.0395274474871557
"test","TBC1D23","GeneCodeR","her2+",0.0974241084873589,0.029709247486366
"test","TBCA","GeneCodeR","her2+",0.0623406197667047,0.0159023091605182
"test","TBXAS1","GeneCodeR","her2+",0.0504840069346007,0.0166391361197805
"test","TCEA2","GeneCodeR","her2+",0.0792647619367824,0.0222099851767351
"test","TCEA3","GeneCodeR","her2+",0.0894465460813338,0.0309401041746953
"test","TCF25","GeneCodeR","her2+",0.159141090060017,0.0884917384700893
"test","TDRD3","GeneCodeR","her2+",0.0192133324877778,0.00527765463942274
"test","TESK1","GeneCodeR","her2+",0.0939322212560405,0.0362498459649816
"test","TESMIN","GeneCodeR","her2+",0.0913316882060449,0.022931314593862
"test","TEX10","GeneCodeR","her2+",0.0428213954792682,0.0128920493761347
"test","TEX2","GeneCodeR","her2+",0.102623139961543,0.0302753672044172
"test","TFF3","GeneCodeR","her2+",0.0265739030463775,0.0178603670062201
"test","TGFBR2","GeneCodeR","her2+",0.0190605169312108,0.00458510795293735
"test","THBS1","GeneCodeR","her2+",0.0614134223785214,0.0302432886284427
"test","THOC5","GeneCodeR","her2+",0.028825664458756,0.00807196545445489
"test","THOC6","GeneCodeR","her2+",0.043034036647479,0.0114489497585633
"test","TIGD5","GeneCodeR","her2+",0.0327563251543482,0.013571417376012
"test","TIMP1","GeneCodeR","her2+",0.117492187767262,0.0754147545723742
"test","TJP3","GeneCodeR","her2+",0.114557918627689,0.033157368551612
"test","TM7SF2","GeneCodeR","her2+",0.11614129262623,0.0507742635317844
"test","TMBIM6","GeneCodeR","her2+",0.17006244495891,0.0903350536925811
"test","TMEM101","GeneCodeR","her2+",0.0267953218882405,0.00968590773760547
"test","TMEM123","GeneCodeR","her2+",0.155701118997384,0.0751375641278177
"test","TMEM14B","GeneCodeR","her2+",0.0987546008304242,0.0331361498384984
"test","TMEM160","GeneCodeR","her2+",0.070821533394313,0.0400213143685332
"test","TMEM184A","GeneCodeR","her2+",0.0652830801381098,0.02716454209943
"test","TMEM259","GeneCodeR","her2+",0.198283402035648,0.112070724881806
"test","TMEM86A","GeneCodeR","her2+",0.102676515960229,0.0487544691194866
"test","TMX1","GeneCodeR","her2+",0.0510923859699505,0.0173284157354476
"test","TNC","GeneCodeR","her2+",0.100759765327682,0.0346418933376492
"test","TNFRSF14","GeneCodeR","her2+",0.0749976936396912,0.0324323606494208
"test","TNFRSF21","GeneCodeR","her2+",0.0391191370028451,0.0149448296605043
"test","TNFRSF4","GeneCodeR","her2+",0.0439138357979246,0.0172679626769273
"test","TNNT1","GeneCodeR","her2+",0.0270110766196734,0.0134813537056046
"test","TOM1L2","GeneCodeR","her2+",0.130098314150211,0.043533191059729
"test","TP53I3","GeneCodeR","her2+",0.0460175780308537,0.0218357610395447
"test","TPM2","GeneCodeR","her2+",0.0883429507743386,0.0503405250688846
"test","TRAC","GeneCodeR","her2+",0.077150737064371,0.0260267911569897
"test","TRAF5","GeneCodeR","her2+",0.06799058272679,0.016995241635349
"test","TRAP1","GeneCodeR","her2+",0.141270023217561,0.0607052550821312
"test","TRAPPC4","GeneCodeR","her2+",0.128199864739125,0.0420557680550917
"test","TRIM14","GeneCodeR","her2+",0.068249982932893,0.0270972030514863
"test","TRIM22","GeneCodeR","her2+",0.0494243967408389,0.0138100313596264
"test","TRIM25","GeneCodeR","her2+",0.0961787639655208,0.0315566701441582
"test","TRIM47","GeneCodeR","her2+",0.0773062947137855,0.0250068779005331
"test","TSPAN33","GeneCodeR","her2+",0.0274437760743375,0.0102371177580524
"test","TSR2","GeneCodeR","her2+",0.0472596148811464,0.0130893084353686
"test","TTC31","GeneCodeR","her2+",0.0423587031933045,0.00845676308955792
"test","TTI1","GeneCodeR","her2+",0.0555719868252503,0.0135469166659009
"test","TXN2","GeneCodeR","her2+",0.138857785047461,0.0696744080438172
"test","TXNDC17","GeneCodeR","her2+",0.1600620741086,0.0607964419263109
"test","TXNRD2","GeneCodeR","her2+",0.119176041128631,0.0474863667130718
"test","TYROBP","GeneCodeR","her2+",0.104746130811896,0.0479185580422353
"test","UBA52","GeneCodeR","her2+",0.300216607954512,0.215778000539006
"test","UBA6","GeneCodeR","her2+",0.0708104011406525,0.0241991110880024
"test","UBAP2L","GeneCodeR","her2+",0.146257998179229,0.062806370865365
"test","UBE2W","GeneCodeR","her2+",0.0731109645357523,0.0167902261442842
"test","UBL7","GeneCodeR","her2+",0.0750568875350881,0.0253721304960509
"test","UBR2","GeneCodeR","her2+",0.033941112530526,0.0145061119189601
"test","UBXN1","GeneCodeR","her2+",0.1011633119786,0.0511206943204053
"test","UCK1","GeneCodeR","her2+",0.103474803019271,0.0366470222415214
"test","UFD1L","GeneCodeR","her2+",0.0866826038119245,0.02996678865422
"test","UQCRC1","GeneCodeR","her2+",0.151303419027239,0.0859402739579402
"test","UXS1","GeneCodeR","her2+",0.110734519987812,0.0356971518713036
"test","UXT","GeneCodeR","her2+",0.0512608503334264,0.0198262997374996
"test","VARS","GeneCodeR","her2+",0.120487354442336,0.0552445387972476
"test","VAV1","GeneCodeR","her2+",0.0588867877234303,0.0165963801015682
"test","VCAM1","GeneCodeR","her2+",0.0197916146224778,0.00743767138125563
"test","VEGFB","GeneCodeR","her2+",0.133746603616924,0.0682280375729347
"test","VIM","GeneCodeR","her2+",0.149655124560406,0.100081004800473
"test","VPS13D","GeneCodeR","her2+",0.0654245602947448,0.0218747258208966
"test","VPS45","GeneCodeR","her2+",0.0704222997821065,0.0215993209090944
"test","VWF","GeneCodeR","her2+",0.0489775404764131,0.0236952514753487
"test","WDFY3","GeneCodeR","her2+",0.0537595548933313,0.0139951737696591
"test","WDR13","GeneCodeR","her2+",0.1190989823973,0.0560493522783595
"test","WDR34","GeneCodeR","her2+",0.155063982274958,0.104291386461439
"test","WDR46","GeneCodeR","her2+",0.161788626097703,0.0874601689194223
"test","WDR73","GeneCodeR","her2+",0.0709377475252536,0.0241373906250404
"test","WDR74","GeneCodeR","her2+",0.142987673629073,0.0574063943116644
"test","WIPF1","GeneCodeR","her2+",0.0723273770943779,0.0299155243938481
"test","XAB2","GeneCodeR","her2+",0.109993994095347,0.0504145144284096
"test","XIAP","GeneCodeR","her2+",0.0234386738434053,0.00853486657080422
"test","XPO6","GeneCodeR","her2+",0.132493908049509,0.0570520580604202
"test","YIPF4","GeneCodeR","her2+",0.0548794847551577,0.0256419581264271
"test","YTHDC1","GeneCodeR","her2+",0.0559085390151468,0.020922243045945
"test","ZDHHC12","GeneCodeR","her2+",0.123688925451772,0.0614231309140917
"test","ZFAND3","GeneCodeR","her2+",0.116310627869104,0.0490102282536168
"test","ZFP36","GeneCodeR","her2+",0.102933153721375,0.0427643502933177
"test","ZFPL1","GeneCodeR","her2+",0.0931840465714189,0.0370051390099694
"test","ZFR","GeneCodeR","her2+",0.0686840166665185,0.0248059628731726
"test","ZG16B","GeneCodeR","her2+",0.063300230855025,0.020706568235105
"test","ZMAT5","GeneCodeR","her2+",0.0800269774384368,0.0320149424879486
"test","ZMYND19","GeneCodeR","her2+",0.155219453175447,0.0637169034513552
"test","ZMYND8","GeneCodeR","her2+",0.0594403517483464,0.0224531095498147
"test","ZNF217","GeneCodeR","her2+",0.113564928472579,0.0385790401595208
"test","ZNF337","GeneCodeR","her2+",0.0620936598897955,0.0200902084552222
"test","ZNF33B","GeneCodeR","her2+",0.0607085293743403,0.0161484741895644
"test","ZNF362","GeneCodeR","her2+",0.0593600054233539,0.0174055479526102
"test","ZNF524","GeneCodeR","her2+",0.0570727197246493,0.0277659951985031
"test","ZNF592","GeneCodeR","her2+",0.0626202684483571,0.0177274528294813
"test","ZNF644","GeneCodeR","her2+",0.0285920548598777,0.0121495233637389
"test","ZNF668","GeneCodeR","her2+",0.075014791503917,0.0306077197379772
"test","ZNF771","GeneCodeR","her2+",0.0403541460632077,0.0179670165061226
"test","ZNF787","GeneCodeR","her2+",0.0925486585647077,0.0422702572688385
"test","ZNF791","GeneCodeR","her2+",0.0178350385352837,0.0093545318257693
"test","ZNF83","GeneCodeR","her2+",0.0708576432945254,0.0203027105924585
"test","ZNF91","GeneCodeR","her2+",0.00152378696880204,0.00507981963189523
"test","ZNRF1","GeneCodeR","her2+",0.127912513075074,0.0405375958985668
"test","ZSWIM8","GeneCodeR","her2+",0.155765726312165,0.0666963167208696
"test","A2M","HisToGene","her2+",0.145243602794785,0.131271965586553
"test","AAMDC","HisToGene","her2+",0.0814530507774651,0.036626519145359
"test","ABCA3","HisToGene","her2+",0.0766856031871128,0.0304018357723477
"test","ABCA7","HisToGene","her2+",0.0642618248178989,0.028102097016509
"test","ABCF3","HisToGene","her2+",0.155893987931829,0.101538718875209
"test","ABHD14A","HisToGene","her2+",0.0379095964953634,0.0173411135042679
"test","ABHD4","HisToGene","her2+",0.0682461765071191,0.0269866067513171
"test","ACAA1","HisToGene","her2+",0.127393872572065,0.07402892294778
"test","ACER3","HisToGene","her2+",0.00834385908706803,0.00638419213901114
"test","ADAM15","HisToGene","her2+",0.0423932320727485,0.0440235498548099
"test","ADCY3","HisToGene","her2+",0.013136558272761,0.00815614931863512
"test","ADI1","HisToGene","her2+",0.16885629937106,0.131217610700318
"test","AEBP1","HisToGene","her2+",-0.0398196403404469,-0.0155397869675971
"test","AES","HisToGene","her2+",0.0961049730161116,0.0964265667536949
"test","AGAP2","HisToGene","her2+",0.0104261402412182,0.00908310555279619
"test","AGO2","HisToGene","her2+",0.11901411454057,0.0580307879334845
"test","AGPAT2","HisToGene","her2+",0.125460908702534,0.10813000170238
"test","AGR2","HisToGene","her2+",0.1167483342748,0.087639401569769
"test","AHCY","HisToGene","her2+",0.133631891343969,0.0941944313871672
"test","AKAP9","HisToGene","her2+",0.0793183964786939,0.050795403433666
"test","AKR1A1","HisToGene","her2+",0.15200280270106,0.13007334806114
"test","AKT1S1","HisToGene","her2+",0.10051224631921,0.0859625688762572
"test","ALDH16A1","HisToGene","her2+",0.0699827421052942,0.044949721010734
"test","ALG3","HisToGene","her2+",0.153620947536651,0.103073951387951
"test","ANGPTL4","HisToGene","her2+",0.0207361619462456,0.00695255304279904
"test","ANKLE2","HisToGene","her2+",0.155750672387272,0.0918472063431806
"test","ANKRD12","HisToGene","her2+",0.00464470829642675,0.00759715067036706
"test","ANKRD28","HisToGene","her2+",0.0698641762811901,0.0220889260162369
"test","ANO10","HisToGene","her2+",0.067708226046592,0.0236627113104849
"test","AP5B1","HisToGene","her2+",0.0203724381940496,0.00817099044910521
"test","AP5Z1","HisToGene","her2+",0.0944066401765201,0.0493744236710445
"test","APBA2","HisToGene","her2+",0.0816505078305202,0.0328711849948487
"test","APBB2","HisToGene","her2+",0.053833778874329,0.0157363954624582
"test","APOBEC3G","HisToGene","her2+",0.0586076972617566,0.0229536509234257
"test","APOC1","HisToGene","her2+",0.0554611153421361,0.0583961668907069
"test","AQP1","HisToGene","her2+",-0.0163064920004915,-0.00459950245928276
"test","ARF5","HisToGene","her2+",0.0603842540047429,0.0189334384194257
"test","ARF6","HisToGene","her2+",0.224856988209735,0.128411070941493
"test","ARFGEF2","HisToGene","her2+",0.0849811938359636,0.02906500840531
"test","ARHGAP10","HisToGene","her2+",0.0445593031315913,0.0137245168978929
"test","ARHGAP4","HisToGene","her2+",0.0674829809542272,0.0470469433627362
"test","ARHGAP45","HisToGene","her2+",0.0562725204262058,0.0373051470383873
"test","ARHGAP5","HisToGene","her2+",0.0590215858379692,0.0229709552564793
"test","ARHGEF10L","HisToGene","her2+",0.0977049816326703,0.0271976123772773
"test","ARHGEF3","HisToGene","her2+",0.11633767667578,0.0455114969940761
"test","ARHGEF40","HisToGene","her2+",0.0403132496770548,0.0171188836657235
"test","ARID1B","HisToGene","her2+",0.0315930005776942,0.0187775450350924
"test","ARID3A","HisToGene","her2+",0.0233589319011991,0.0127829237297152
"test","ARID4A","HisToGene","her2+",0.0120625837770853,0.00555676004598072
"test","ARID5A","HisToGene","her2+",0.0372014371811735,0.0321795802789466
"test","ARID5B","HisToGene","her2+",0.0753324324070106,0.0391317736003785
"test","ARNT","HisToGene","her2+",0.0734745543493157,0.0299288276245066
"test","ASCL2","HisToGene","her2+",0.0691428889613728,0.0375256816309066
"test","ASH2L","HisToGene","her2+",0.120954997903609,0.0616729030693006
"test","ASL","HisToGene","her2+",0.092636241435671,0.0482857163200815
"test","ASMTL","HisToGene","her2+",0.056515161438859,0.0311632853310474
"test","ASNA1","HisToGene","her2+",0.158220133002149,0.146162026898927
"test","ASNS","HisToGene","her2+",0.0651366370023888,0.023179788873612
"test","ATAD1","HisToGene","her2+",0.0858404429271797,0.033657663795507
"test","ATF6B","HisToGene","her2+",0.0670323325237721,0.0272289997023567
"test","ATG12","HisToGene","her2+",0.0995830433180775,0.0512709685034608
"test","ATG16L2","HisToGene","her2+",0.0809424741807162,0.0224588283645871
"test","ATL2","HisToGene","her2+",0.0683907977400244,0.0247348170736372
"test","ATP5H","HisToGene","her2+",0.181807509706984,0.119667651464007
"test","ATP5O","HisToGene","her2+",0.190687848709825,0.157928794849916
"test","ATP6AP1","HisToGene","her2+",0.182637522174562,0.170942851521995
"test","ATP6V0D1","HisToGene","her2+",0.0816117684527628,0.0668781850328767
"test","AURKAIP1","HisToGene","her2+",0.143053886014766,0.123259640146786
"test","AVEN","HisToGene","her2+",0.0388707579125169,0.0148013124836368
"test","BABAM1","HisToGene","her2+",0.163609164047229,0.134138113967375
"test","BAD","HisToGene","her2+",0.123573253476424,0.10954509871267
"test","BAIAP3","HisToGene","her2+",0.0253162558582267,0.0113781022216064
"test","BCAM","HisToGene","her2+",0.146926786944535,0.108445188586452
"test","BCL2L12","HisToGene","her2+",0.0848384033336073,0.0383432841997863
"test","BGN","HisToGene","her2+",-0.0656255432861817,-0.0370672753656363
"test","BICDL1","HisToGene","her2+",0.0921046908641602,0.0295690056742794
"test","BIN3","HisToGene","her2+",0.0950353432907781,0.0512342992440446
"test","BIRC2","HisToGene","her2+",0.131305687484795,0.0699917416873438
"test","BOK","HisToGene","her2+",0.066503812652484,0.0502793128269863
"test","BOLA3","HisToGene","her2+",0.101082301277803,0.034531616025805
"test","BRD9","HisToGene","her2+",0.16158860335888,0.111156074409591
"test","BRF1","HisToGene","her2+",0.13015682005613,0.08489765151806
"test","BRF2","HisToGene","her2+",0.0952006776170176,0.0588917141466306
"test","BRK1","HisToGene","her2+",0.102917686939773,0.077537562829734
"test","BRPF1","HisToGene","her2+",0.0687826377247554,0.0240844909709769
"test","BSG","HisToGene","her2+",0.13149308082229,0.124291232883214
"test","BST2","HisToGene","her2+",0.0301383214064898,0.033399190919543
"test","BTG1","HisToGene","her2+",0.186382828554588,0.146029985262095
"test","C10orf10","HisToGene","her2+",0.00973915894525823,0.00882473084078246
"test","C10orf54","HisToGene","her2+",0.0104158815941486,0.0169381101796075
"test","C12orf45","HisToGene","her2+",0.121004153485768,0.0532916371842745
"test","C15orf61","HisToGene","her2+",0.0552481094436935,0.0213586122672593
"test","C19orf24","HisToGene","her2+",0.0535333175829467,0.0424141459868114
"test","C19orf52","HisToGene","her2+",0.11037200813528,0.044509436004764
"test","C19orf60","HisToGene","her2+",0.0889182072248915,0.0666461187979784
"test","C1QB","HisToGene","her2+",0.0580963478360643,0.0603148345856654
"test","C1R","HisToGene","her2+",0.0255992604714377,0.0271120602930844
"test","C1S","HisToGene","her2+",0.12609590115125,0.0931886353066488
"test","C1orf216","HisToGene","her2+",0.0383310319397292,0.0118059802022656
"test","C2","HisToGene","her2+",0.0825253925613759,0.0396276194070145
"test","C2CD2L","HisToGene","her2+",0.103793876051015,0.0411294150795947
"test","C3","HisToGene","her2+",0.0694137777928949,0.0666605512907277
"test","C4orf48","HisToGene","her2+",0.0698718084035186,0.0634321295892101
"test","C5orf38","HisToGene","her2+",0.0589397828731217,0.0394491186785116
"test","C6orf136","HisToGene","her2+",0.082961130371226,0.0241703112078212
"test","C6orf48","HisToGene","her2+",0.192225736978923,0.115056063053603
"test","CADM4","HisToGene","her2+",0.134919829100518,0.0902066896939538
"test","CALML5","HisToGene","her2+",0.0225109952897916,0.0121583975783532
"test","CAMTA2","HisToGene","her2+",0.0820550376995944,0.0354518818347197
"test","CAPG","HisToGene","her2+",0.159819075258843,0.14298539925965
"test","CARS2","HisToGene","her2+",0.119369880989709,0.0751801018826665
"test","CBLC","HisToGene","her2+",0.0776392311227258,0.0340523476855605
"test","CCDC106","HisToGene","her2+",0.113060072843839,0.0536633661329127
"test","CCDC167","HisToGene","her2+",0.0849424752229094,0.0541254548874817
"test","CCDC57","HisToGene","her2+",0.0818674837159241,0.0486881278333705
"test","CCDC80","HisToGene","her2+",0.00594345765273491,0.00542050446802713
"test","CCDC88B","HisToGene","her2+",0.0308148281412673,0.0188268492013484
"test","CCL19","HisToGene","her2+",-0.014152913564322,0.00134372699120258
"test","CCL2","HisToGene","her2+",0.0728900110704217,0.0440062933297247
"test","CCL21","HisToGene","her2+",0.0036942518959834,0.00377345975441846
"test","CCM2","HisToGene","her2+",0.146147375223233,0.117485748057219
"test","CCNB1IP1","HisToGene","her2+",0.0805428185867381,0.0413981377825893
"test","CCNE2","HisToGene","her2+",0.134444948595643,0.0609466392034334
"test","CCS","HisToGene","her2+",0.130333196592968,0.0874663432211165
"test","CCT4","HisToGene","her2+",0.246825170746986,0.18754772041833
"test","CD14","HisToGene","her2+",-0.034162529768784,-0.0150140568268553
"test","CD320","HisToGene","her2+",0.0575326831141801,0.0408977200901111
"test","CD3D","HisToGene","her2+",0.0225550553736719,0.0150079341511624
"test","CD4","HisToGene","her2+",0.0467758839316571,0.0248829873374376
"test","CD52","HisToGene","her2+",0.0421238934712143,0.0470417241953126
"test","CD68","HisToGene","her2+",0.0811403616081559,0.0767724608158006
"test","CD74","HisToGene","her2+",0.0534637582151989,0.0579667620594995
"test","CD79A","HisToGene","her2+",0.0382940022413787,0.0262470328478758
"test","CDH11","HisToGene","her2+",0.0253279380606815,0.0128763712943893
"test","CDK5RAP1","HisToGene","her2+",0.0918491827297329,0.0319891290533408
"test","CEP250","HisToGene","her2+",0.076988658369597,0.025018416427457
"test","CERCAM","HisToGene","her2+",0.0438272040476455,0.0309016607497601
"test","CERS5","HisToGene","her2+",0.105537488648542,0.0515698996461146
"test","CES2","HisToGene","her2+",0.0192012229838802,0.00832406684933896
"test","CFAP36","HisToGene","her2+",0.0672882572599544,0.021245621009927
"test","CFDP1","HisToGene","her2+",0.138789981838446,0.0555866121773581
"test","CGGBP1","HisToGene","her2+",0.13985781031044,0.0750863709741969
"test","CHCHD6","HisToGene","her2+",0.0384865935066531,0.0187677833057234
"test","CHD1","HisToGene","her2+",0.0568621444427187,0.0250140163342426
"test","CHD6","HisToGene","her2+",0.103727443584836,0.0519480824353823
"test","CHFR","HisToGene","her2+",0.131984929682709,0.0607200369305129
"test","CHST11","HisToGene","her2+",0.0139250645523929,0.00683191378743654
"test","CIR1","HisToGene","her2+",0.0434675523073205,0.0147260824827087
"test","CLASRP","HisToGene","her2+",0.163079855786559,0.102062101321156
"test","CLDN3","HisToGene","her2+",0.192503931818864,0.171712209811229
"test","CLDN4","HisToGene","her2+",0.280221000944755,0.24625581244581
"test","CLU","HisToGene","her2+",0.0842277405159431,0.0680097304425004
"test","CNN2","HisToGene","her2+",0.116275108908757,0.106953400578699
"test","COL14A1","HisToGene","her2+",-0.0187695877216713,-0.00227038940203223
"test","COL3A1","HisToGene","her2+",0.051653471928981,0.0551606923742661
"test","COL4A1","HisToGene","her2+",0.0973735175726684,0.0607016287154937
"test","COL6A2","HisToGene","her2+",-0.0300684290077799,-0.0104087216316416
"test","COL8A2","HisToGene","her2+",0.0599522961840439,0.0276679356867491
"test","COMMD1","HisToGene","her2+",0.131938759551114,0.052266049531844
"test","COMP","HisToGene","her2+",-0.00324666321156512,0.0194504180180619
"test","COPS7A","HisToGene","her2+",0.137093629130612,0.0740515968403638
"test","COQ4","HisToGene","her2+",0.113208042942881,0.077170776483764
"test","CORO1A","HisToGene","her2+",0.0437246582282036,0.0224057884280117
"test","CORO1B","HisToGene","her2+",0.115864696716636,0.105791978852955
"test","CORO2A","HisToGene","her2+",0.122806551507366,0.0454517870657088
"test","CORO7","HisToGene","her2+",0.108682717379231,0.0799581495618603
"test","COX5A","HisToGene","her2+",0.158145010678035,0.100104689238668
"test","CPNE1","HisToGene","her2+",0.217716253327483,0.154012934607792
"test","CPSF1","HisToGene","her2+",0.122031549383914,0.0766455273044205
"test","CPVL","HisToGene","her2+",0.0390037838590927,0.0237697599539821
"test","CRABP2","HisToGene","her2+",0.10547638287002,0.079974250596154
"test","CRACR2B","HisToGene","her2+",0.214748640698356,0.172884388942665
"test","CRELD2","HisToGene","her2+",0.168606015232725,0.0866668859791693
"test","CROCC","HisToGene","her2+",0.0495775858484973,0.0170366918714345
"test","CSF1","HisToGene","her2+",0.0572575142034147,0.0282814897458172
"test","CSF1R","HisToGene","her2+",0.0352330496317458,0.0254323394666596
"test","CTDSPL","HisToGene","her2+",0.137922010469547,0.0809331214859635
"test","CTIF","HisToGene","her2+",0.0855211211892765,0.0531161855558787
"test","CTSK","HisToGene","her2+",0.0941344575225885,0.0607466400884076
"test","CTU2","HisToGene","her2+",0.0612849570071212,0.028238344192923
"test","CUTC","HisToGene","her2+",0.0832584853853892,0.0243452157695232
"test","CUX1","HisToGene","her2+",0.145939078432725,0.0934692891729385
"test","CX3CL1","HisToGene","her2+",0.107090759817739,0.0746008004916653
"test","CXCL10","HisToGene","her2+",0.102995231663203,0.0534133947265611
"test","CXXC5","HisToGene","her2+",0.120870440861503,0.107433712697109
"test","CYP27A1","HisToGene","her2+",0.050852285856306,0.022604185979919
"test","DAPK3","HisToGene","her2+",0.10642979598758,0.0937858704711006
"test","DCAF6","HisToGene","her2+",0.14284100892295,0.0706863551422152
"test","DCXR","HisToGene","her2+",0.157198862704203,0.121875105498476
"test","DDAH1","HisToGene","her2+",0.111240911641308,0.0311763200512094
"test","DDB2","HisToGene","her2+",0.0663244643403373,0.0297716621417663
"test","DDIT3","HisToGene","her2+",0.0753292891114646,0.0304355885929806
"test","DDRGK1","HisToGene","her2+",0.10665594296538,0.0795147859523492
"test","DDT","HisToGene","her2+",0.142470950390147,0.108438372546903
"test","DEAF1","HisToGene","her2+",0.10731030517261,0.0606839052596736
"test","DENND1A","HisToGene","her2+",0.0480840591542091,0.0253036024749487
"test","DERL3","HisToGene","her2+",0.0482873931144625,0.0377559224964838
"test","DESI1","HisToGene","her2+",0.130318545752688,0.064026094625676
"test","DHX16","HisToGene","her2+",0.095013385826497,0.0324113602369014
"test","DLG1","HisToGene","her2+",0.0458154594991252,0.0252781882546587
"test","DMAP1","HisToGene","her2+",0.131421477246463,0.0840054438828869
"test","DNAJB2","HisToGene","her2+",0.169263946151469,0.144721813128786
"test","DNAJC1","HisToGene","her2+",0.169396441423026,0.0962614061737878
"test","DNAJC7","HisToGene","her2+",0.132097174961595,0.0943947825896297
"test","DOCK6","HisToGene","her2+",0.109727043811495,0.0535707639366028
"test","DPH3","HisToGene","her2+",0.0747169984172449,0.020922852788199
"test","DPM2","HisToGene","her2+",0.0427488989734712,0.045123171442657
"test","DPP7","HisToGene","her2+",0.0787909965328396,0.0713413505640573
"test","DPP9","HisToGene","her2+",0.0681978050991018,0.0567522630622517
"test","DPYSL3","HisToGene","her2+",0.0979795092029301,0.0733465389485573
"test","DVL1","HisToGene","her2+",0.13128147165979,0.0618273208453649
"test","EBAG9","HisToGene","her2+",0.0925701565488779,0.0302372018154347
"test","ECHDC2","HisToGene","her2+",0.0768811782635258,0.0441704419446511
"test","ECM1","HisToGene","her2+",0.0320080814704179,0.036361504901251
"test","EFEMP2","HisToGene","her2+",0.0151345090255348,0.0190533384009056
"test","EFHD2","HisToGene","her2+",0.0702193668062181,0.0533727715393083
"test","EIF1AD","HisToGene","her2+",0.066642855109554,0.0242056578453406
"test","EIF3B","HisToGene","her2+",0.162621096530894,0.15672701469218
"test","EIF3F","HisToGene","her2+",0.0796887846497291,0.047594351738379
"test","EIF3G","HisToGene","her2+",0.0744006669212839,0.0674067582682721
"test","ELN","HisToGene","her2+",0.0246947930013805,0.0160492599138696
"test","ELOF1","HisToGene","her2+",0.106347200945255,0.0840923612303584
"test","EMC3","HisToGene","her2+",0.123118316843456,0.0678587423016626
"test","ENPP1","HisToGene","her2+",0.111662647445178,0.046211140675862
"test","EPHB3","HisToGene","her2+",0.133625032371625,0.10483182578517
"test","ERAL1","HisToGene","her2+",0.135227120388527,0.0564899880809827
"test","ERI3","HisToGene","her2+",0.131856924425012,0.111754325551976
"test","ERMP1","HisToGene","her2+",0.138037746685766,0.057132788729579
"test","ETFB","HisToGene","her2+",0.101795381610241,0.0936307337555548
"test","EVA1B","HisToGene","her2+",-0.0219177659913088,-0.00779117700672993
"test","EXD3","HisToGene","her2+",0.0725313540639192,0.0255096532213971
"test","EXOC5","HisToGene","her2+",0.148734326886653,0.0687758714043744
"test","EXOSC1","HisToGene","her2+",0.152460743466952,0.0611750355520626
"test","EXOSC10","HisToGene","her2+",0.156036115322886,0.0997062409816364
"test","EXOSC2","HisToGene","her2+",0.0831125869903019,0.0268541382562336
"test","EZH2","HisToGene","her2+",0.148717865717328,0.061795639856561
"test","FAAH","HisToGene","her2+",0.12455217097131,0.0536738515755762
"test","FADS2","HisToGene","her2+",0.208969936117015,0.187664933325412
"test","FAH","HisToGene","her2+",0.0660876912518562,0.0378844161027822
"test","FAIM2","HisToGene","her2+",0.0730060631017215,0.0295758526279599
"test","FAM102A","HisToGene","her2+",0.181768724393832,0.116923102725109
"test","FAM117A","HisToGene","her2+",0.146671833422516,0.0636224874047516
"test","FAM118A","HisToGene","her2+",0.0698002663006791,0.0227883420646596
"test","FAM160B1","HisToGene","her2+",0.0592889179574293,0.0219548792660405
"test","FAM173A","HisToGene","her2+",0.117596638346183,0.0901136399724713
"test","FAM193B","HisToGene","her2+",0.196430708999673,0.134416627943776
"test","FAM213B","HisToGene","her2+",0.111718945174022,0.0513363446527246
"test","FAM3A","HisToGene","her2+",0.0777282086202056,0.0493640524193308
"test","FAM45A","HisToGene","her2+",0.0545570557295743,0.0209924761385057
"test","FAP","HisToGene","her2+",0.0308289563855042,0.0167418619996711
"test","FARP1","HisToGene","her2+",0.16674395637541,0.12849421566071
"test","FARSB","HisToGene","her2+",0.145093754287651,0.0707558890720572
"test","FASN","HisToGene","her2+",0.306395695466549,0.282924726358312
"test","FBF1","HisToGene","her2+",0.0470595151831497,0.0147667084610465
"test","FBLN2","HisToGene","her2+",0.103274516502827,0.0620850760889457
"test","FCER1G","HisToGene","her2+",0.090985987995566,0.0410848767773986
"test","FDPS","HisToGene","her2+",0.1634709441273,0.140742039971034
"test","FGFR1","HisToGene","her2+",0.072820635815899,0.04760922759658
"test","FKBP10","HisToGene","her2+",0.0671280955210234,0.0485372950683955
"test","FKBP8","HisToGene","her2+",0.121576029265342,0.100268113058511
"test","FLNA","HisToGene","her2+",0.00208734750265245,0.0152580742859095
"test","FN1","HisToGene","her2+",0.27010109858608,0.236147665467241
"test","FNBP4","HisToGene","her2+",0.0939955321868333,0.0484587031205273
"test","FOXP4","HisToGene","her2+",0.19166545266191,0.151154717142142
"test","FSTL1","HisToGene","her2+",0.131396880311952,0.0906037225667279
"test","FSTL3","HisToGene","her2+",0.0587759477616084,0.0377422187278401
"test","FUOM","HisToGene","her2+",0.0745655342987767,0.0495621922882738
"test","FUS","HisToGene","her2+",0.176624571708406,0.152941486515115
"test","FZD2","HisToGene","her2+",0.0575023572965724,0.0362005541039355
"test","GALK1","HisToGene","her2+",0.0489859258838382,0.0208330447462967
"test","GANAB","HisToGene","her2+",0.176143010645474,0.155632817588045
"test","GAR1","HisToGene","her2+",0.119305172338384,0.0520351680917396
"test","GAS6","HisToGene","her2+",0.020502534318878,0.0299788618972523
"test","GATA3","HisToGene","her2+",0.108928685135739,0.0833125043104569
"test","GATC","HisToGene","her2+",0.160393647689906,0.11620768540128
"test","GBP1","HisToGene","her2+",0.109078690036375,0.0599107182793203
"test","GBP2","HisToGene","her2+",0.103142538949353,0.0640004660756392
"test","GBP3","HisToGene","her2+",0.104611278107782,0.0533213908151164
"test","GBP4","HisToGene","her2+",0.0560452406501815,0.02271266139301
"test","GBP5","HisToGene","her2+",0.0451418834354181,0.0238760344102661
"test","GEMIN4","HisToGene","her2+",0.0842199875645144,0.0314342538175444
"test","GLCCI1","HisToGene","her2+",0.0765051668762673,0.0298540075188224
"test","GLG1","HisToGene","her2+",0.0712173670126495,0.0562857785716357
"test","GLTSCR2","HisToGene","her2+",0.0146892915202166,0.0202600242137515
"test","GMFG","HisToGene","her2+",0.0581643203437863,0.0329465332057196
"test","GMPPA","HisToGene","her2+",0.0983404812937371,0.0674918573581973
"test","GNAI2","HisToGene","her2+",0.0572265829669208,0.0596091678149487
"test","GNAS","HisToGene","her2+",0.348701856601799,0.321605093743058
"test","GNL2","HisToGene","her2+",0.187058375687679,0.0916338965073846
"test","GPR108","HisToGene","her2+",0.0894185387634475,0.0584830651497165
"test","GPRC5A","HisToGene","her2+",0.168077899193487,0.127161761763533
"test","GPS1","HisToGene","her2+",0.0940427490430057,0.079970842462534
"test","GPSM1","HisToGene","her2+",0.0936050946827589,0.051820030004017
"test","GPX3","HisToGene","her2+",0.0355316033884299,0.0275571184030927
"test","GRK3","HisToGene","her2+",0.0163925113617069,0.00648107422872338
"test","GSK3A","HisToGene","her2+",0.1703390746985,0.121265006105848
"test","GSTM3","HisToGene","her2+",0.0431383176840448,0.0366918531006712
"test","GYPC","HisToGene","her2+",-0.0277517284367556,-0.00999073240424268
"test","HAGHL","HisToGene","her2+",0.136970769180373,0.0782832917747086
"test","HCFC1R1","HisToGene","her2+",0.106264349320012,0.0967172527332833
"test","HCST","HisToGene","her2+",0.0310549294432507,0.0307569358107391
"test","HDAC5","HisToGene","her2+",0.0716425789279301,0.0419004424217257
"test","HDAC6","HisToGene","her2+",0.0699468888905548,0.0260984315337037
"test","HELZ2","HisToGene","her2+",0.100186195970631,0.0696222474399948
"test","HES1","HisToGene","her2+",0.14069755242275,0.0910905510231026
"test","HLA.B","HisToGene","her2+",0.102436011974593,0.10504917152131
"test","HLA.DMA","HisToGene","her2+",0.0424230406911145,0.0360702690681524
"test","HLA.DMB","HisToGene","her2+",0.0753252295065146,0.0482706180480118
"test","HLA.DOA","HisToGene","her2+",0.071471174908348,0.0230432724144513
"test","HLA.DPA1","HisToGene","her2+",0.065360237578713,0.0654093200876378
"test","HLA.DPB1","HisToGene","her2+",0.115702898232534,0.100840446310528
"test","HLA.DRA","HisToGene","her2+",0.187692149316374,0.174718326113521
"test","HLA.DRB1","HisToGene","her2+",0.118726780671281,0.107831267662915
"test","HMGB2","HisToGene","her2+",0.234402630597009,0.148148061035196
"test","HNRNPUL2","HisToGene","her2+",0.212994456757518,0.179738852081442
"test","HOOK3","HisToGene","her2+",-0.0102089162105305,0.000638709692041836
"test","HPS6","HisToGene","her2+",0.0187507380646776,0.00685145288863769
"test","HSD17B1","HisToGene","her2+",0.025509805137529,0.0181520798338804
"test","HSPA4","HisToGene","her2+",0.135581571923751,0.0884384068072451
"test","HSPB1","HisToGene","her2+",0.165012726667818,0.157094856948004
"test","HSPB11","HisToGene","her2+",0.120960094776599,0.0390352344077816
"test","HYI","HisToGene","her2+",0.0889069768453298,0.0564092016015175
"test","IDH3G","HisToGene","her2+",0.0882287789055513,0.0463000819414566
"test","IDUA","HisToGene","her2+",0.0357700908944819,0.0149355602060246
"test","IER5L","HisToGene","her2+",0.043389022314891,0.0498065985478968
"test","IFI27","HisToGene","her2+",0.047150315862522,0.0530501804323536
"test","IFI27L1","HisToGene","her2+",0.0381992570684624,0.0107742135549447
"test","IFI44L","HisToGene","her2+",-0.0419489888995929,-0.0115097511728366
"test","IGFBP2","HisToGene","her2+",0.130052892509465,0.120991813940927
"test","IGFBP4","HisToGene","her2+",-0.0027003928856792,0.00422744513428024
"test","IGHA1","HisToGene","her2+",0.163237109849042,0.153178815194919
"test","IGHG3","HisToGene","her2+",-0.111648110338907,-0.0677895118131847
"test","IGHG4","HisToGene","her2+",-0.0277708233106463,-0.0230256334036918
"test","IGHM","HisToGene","her2+",-0.051273568117363,-0.0173668536192676
"test","IGKC","HisToGene","her2+",-0.0428945478216019,-0.0197219200374928
"test","IGLC2","HisToGene","her2+",-0.0676776494325253,-0.0307641577537453
"test","IGLC3","HisToGene","her2+",-0.0599189396354666,-0.0248326303460486
"test","IGLC7","HisToGene","her2+",-0.011992726850747,0.00702943970222776
"test","IKZF3","HisToGene","her2+",0.0974923806840611,0.0498624363558421
"test","IL10RA","HisToGene","her2+",0.0519340010551633,0.0227585103826105
"test","ILKAP","HisToGene","her2+",0.0789986261408448,0.036535426837732
"test","INAFM1","HisToGene","her2+",0.01011047178729,0.00759086659987942
"test","INPP4B","HisToGene","her2+",0.0429643814670428,0.0155543953602812
"test","INPP5D","HisToGene","her2+",0.0591854345581936,0.0301874263114352
"test","INPP5J","HisToGene","her2+",0.101916920562626,0.0351245308198005
"test","INTS8","HisToGene","her2+",0.184849988034916,0.102339934184833
"test","ISG15","HisToGene","her2+",-0.034545039937396,-0.0210156471384193
"test","ISLR","HisToGene","her2+",-0.00807795854638475,0.00330392943934222
"test","ITGA5","HisToGene","her2+",0.0470200968387479,0.0298632632033286
"test","ITGB4","HisToGene","her2+",0.104803046764356,0.0776945326213044
"test","ITGB6","HisToGene","her2+",0.238240681755225,0.15861432749458
"test","ITSN1","HisToGene","her2+",0.025751264501141,0.0123112651248855
"test","JAG2","HisToGene","her2+",0.0662038134937279,0.0336896746161408
"test","JAK1","HisToGene","her2+",0.113066023121691,0.0661285744029382
"test","JAK3","HisToGene","her2+",0.0633267967387954,0.0597419353792164
"test","JCHAIN","HisToGene","her2+",-0.0281821773310228,-0.0037401762210297
"test","JMJD6","HisToGene","her2+",0.115237205728941,0.0533031899976995
"test","KAT6B","HisToGene","her2+",0.0248740301678895,0.0114003594838201
"test","KATNA1","HisToGene","her2+",0.0847540070106452,0.0279951721301245
"test","KCNAB2","HisToGene","her2+",0.059649418797246,0.0196479761899202
"test","KCTD10","HisToGene","her2+",0.135388310448185,0.0747171938752693
"test","KDM4B","HisToGene","her2+",0.181590040317977,0.134322209570925
"test","KIAA0895L","HisToGene","her2+",0.115059405960048,0.0381665305190904
"test","KIAA1211L","HisToGene","her2+",0.0827576383564936,0.0294619573611242
"test","KIAA1217","HisToGene","her2+",0.0990422396349763,0.049721361465426
"test","KIAA1468","HisToGene","her2+",0.0972671353460791,0.0386793527613622
"test","KIAA1715","HisToGene","her2+",0.0950724835384414,0.0331605604761546
"test","KIF13B","HisToGene","her2+",0.0763728176850958,0.0243517308015007
"test","KLF9","HisToGene","her2+",0.0418217357353758,0.0163861425605438
"test","KMT2B","HisToGene","her2+",0.196130171434525,0.14167431025435
"test","KMT2E","HisToGene","her2+",0.0347158798546701,0.0197108141934546
"test","KPNB1","HisToGene","her2+",0.125058845366402,0.0789398144013366
"test","KRAS","HisToGene","her2+",0.112473482740786,0.0540016208266892
"test","KRT10","HisToGene","her2+",0.169463062826933,0.0951464240037361
"test","KRT17","HisToGene","her2+",-0.0316527327919221,-0.0117186771577264
"test","KRT8","HisToGene","her2+",0.200146683654926,0.174665439974173
"test","KRT86","HisToGene","her2+",0.0282158348247759,0.0175998441187926
"test","LAMB2","HisToGene","her2+",0.0774986950475468,0.0617661631218391
"test","LAMTOR2","HisToGene","her2+",0.167914034573915,0.138268796463407
"test","LANCL1","HisToGene","her2+",0.0726715355041389,0.0201079544256315
"test","LARP1B","HisToGene","her2+",0.0569290730416768,0.0154138500490977
"test","LARP7","HisToGene","her2+",0.0706315523939797,0.0278763477687534
"test","LCK","HisToGene","her2+",0.0218975095728125,0.0163782809155007
"test","LCP1","HisToGene","her2+",0.11761437351013,0.0866297238710941
"test","LGALS1","HisToGene","her2+",0.0305825351636427,0.0357940168402754
"test","LIMCH1","HisToGene","her2+",0.0861630940224591,0.0418262436599919
"test","LIMK1","HisToGene","her2+",0.13783246727429,0.105477837517278
"test","LINC00176","HisToGene","her2+",0.104068118766335,0.0481906157294498
"test","LINGO1","HisToGene","her2+",0.0564612256132395,0.028251533297528
"test","LLGL1","HisToGene","her2+",0.0635003593936078,0.0232988097433253
"test","LMF1","HisToGene","her2+",0.0674534934931325,0.0246404782648139
"test","LMNA","HisToGene","her2+",0.0412684224723566,0.0439855111124929
"test","LRRC8A","HisToGene","her2+",0.105146903166895,0.0491846217981504
"test","LRWD1","HisToGene","her2+",0.0948401668275295,0.0367202651201217
"test","LST1","HisToGene","her2+",-0.00629177608700942,0.00172669265472685
"test","LTB4R","HisToGene","her2+",0.131459245768803,0.0653690045164401
"test","LTBP3","HisToGene","her2+",0.0781114238989341,0.0722925121410321
"test","LTF","HisToGene","her2+",0.0097648546662414,0.0165787483213629
"test","LUC7L","HisToGene","her2+",0.131387981463378,0.0660939954469652
"test","LUC7L3","HisToGene","her2+",0.167963630148683,0.133944353662825
"test","LUM","HisToGene","her2+",0.126954224747669,0.108144711466955
"test","LYL1","HisToGene","her2+",-0.0181310002263257,-0.000504974944322473
"test","MAGEF1","HisToGene","her2+",0.195727036699732,0.0971265265910035
"test","MAGI1","HisToGene","her2+",0.0379371795229802,0.012788659303662
"test","MAGOHB","HisToGene","her2+",0.10065445203775,0.0398711936981022
"test","MAP1S","HisToGene","her2+",0.0655677472866043,0.0308669279389177
"test","MAP3K14","HisToGene","her2+",0.0500560605423516,0.0189483121303125
"test","MAP3K6","HisToGene","her2+",0.0857609880808981,0.045448754693073
"test","MAP4K2","HisToGene","her2+",0.0620792655457066,0.0212465956769303
"test","MAPK9","HisToGene","her2+",0.0804005287327174,0.0230728575532771
"test","MAPKAPK5","HisToGene","her2+",0.11909171071159,0.0479058148416287
"test","MARS","HisToGene","her2+",0.1865226354486,0.123048339064743
"test","MAVS","HisToGene","her2+",0.0796992727849068,0.0504758675027033
"test","MCTS1","HisToGene","her2+",0.104366437014017,0.0553879246999633
"test","MED13L","HisToGene","her2+",0.0481960459557712,0.0199027677055706
"test","MED25","HisToGene","her2+",0.159833262205917,0.11732621608204
"test","MEN1","HisToGene","her2+",0.0779367950310869,0.0280071951810273
"test","METTL12","HisToGene","her2+",0.0778665670388754,0.0354258536470645
"test","METTL16","HisToGene","her2+",0.0684837677846525,0.0237774629229616
"test","MFAP4","HisToGene","her2+",-0.0153493902918688,-0.000916246118409698
"test","MFSD3","HisToGene","her2+",0.0682272643916577,0.0304977605470541
"test","MFSD7","HisToGene","her2+",0.0449483276653436,0.0221004979768916
"test","MGMT","HisToGene","her2+",0.0763202326740231,0.0501670129292421
"test","MGP","HisToGene","her2+",0.00818869283064051,0.0151117689064821
"test","MIB2","HisToGene","her2+",0.0963472842689597,0.0401193901905232
"test","MICAL1","HisToGene","her2+",0.0718784357729498,0.0456191193249405
"test","MICALL2","HisToGene","her2+",0.0821487942984348,0.0492221240338591
"test","MID1IP1","HisToGene","her2+",0.198288050284585,0.125016534483309
"test","MIF","HisToGene","her2+",0.071625585506987,0.034300973238468
"test","MIIP","HisToGene","her2+",0.116914289482931,0.0716306960649805
"test","MKNK1","HisToGene","her2+",0.0928325843728725,0.0388195274970371
"test","MLLT4","HisToGene","her2+",0.105306866229833,0.0516902597547182
"test","MLST8","HisToGene","her2+",0.141765612120615,0.11924872117504
"test","MMP9","HisToGene","her2+",-0.00172934136913488,0.00675036392068038
"test","MORC2","HisToGene","her2+",0.157430910088147,0.0889915250835207
"test","MPND","HisToGene","her2+",0.0798238089028285,0.0460177407066357
"test","MPST","HisToGene","her2+",0.135786421740245,0.112872002777184
"test","MRPL2","HisToGene","her2+",0.0777091228057111,0.0348113042399002
"test","MRPL21","HisToGene","her2+",0.153666778210909,0.0847076537676123
"test","MRPL23","HisToGene","her2+",0.0656537267963395,0.0391643985804335
"test","MRPL51","HisToGene","her2+",0.200481387412016,0.15762089098513
"test","MRPL54","HisToGene","her2+",0.0311144008189987,0.0227531986453599
"test","MRPS22","HisToGene","her2+",0.1221893825857,0.0453097076423759
"test","MS4A6A","HisToGene","her2+",0.0879449941065327,0.0519460272108563
"test","MST1R","HisToGene","her2+",0.134905621877606,0.0526258258657135
"test","MTG2","HisToGene","her2+",0.119364175977771,0.0534143114647288
"test","MTMR12","HisToGene","her2+",0.127012215160757,0.0536742533994479
"test","MUC1","HisToGene","her2+",0.0384997250767329,0.0444128045679039
"test","MUCL1","HisToGene","her2+",0.154412234297479,0.0969127448839015
"test","MUS81","HisToGene","her2+",0.156851993917779,0.101340510059334
"test","MVP","HisToGene","her2+",0.0881336673568173,0.0802187832616418
"test","MX2","HisToGene","her2+",0.0530008372058756,0.0220045488273982
"test","MYH10","HisToGene","her2+",0.049473601169372,0.0182932899008683
"test","MYL12B","HisToGene","her2+",0.28348672395195,0.239561081011933
"test","MYL6B","HisToGene","her2+",0.072435158693393,0.0449177665220988
"test","MYL9","HisToGene","her2+",0.021968435643159,0.0310257749011842
"test","MYO1G","HisToGene","her2+",0.0166351730623171,0.0106684863147722
"test","MYO9B","HisToGene","her2+",0.11389491359589,0.0876938550682444
"test","MZT2A","HisToGene","her2+",0.0539557808855829,0.0546787751603538
"test","NAA10","HisToGene","her2+",0.135144420987674,0.106990620286495
"test","NANS","HisToGene","her2+",0.0983225375848222,0.0706680017638194
"test","NCKAP1L","HisToGene","her2+",0.0191837428468234,0.0085263330371246
"test","NCKAP5L","HisToGene","her2+",0.04073642585171,0.0133547071786967
"test","NDRG1","HisToGene","her2+",0.192704256518332,0.152464337930361
"test","NDUFA1","HisToGene","her2+",0.192982507570167,0.157872706392544
"test","NDUFA12","HisToGene","her2+",0.189958075068311,0.0972141067939557
"test","NDUFB2","HisToGene","her2+",0.240176612382212,0.20135244623913
"test","NDUFB3","HisToGene","her2+",0.193915854166649,0.104520315527852
"test","NDUFB9","HisToGene","her2+",0.139764272654519,0.132337168590655
"test","NDUFC1","HisToGene","her2+",0.176431114023352,0.103591499472514
"test","NDUFS1","HisToGene","her2+",0.165649656269732,0.0782289571837136
"test","NDUFV3","HisToGene","her2+",0.109277134440187,0.0692795947024304
"test","NEBL","HisToGene","her2+",0.114318742987914,0.0471734887309923
"test","NEK7","HisToGene","her2+",0.0701799504113984,0.0276412003630867
"test","NELFE","HisToGene","her2+",0.05378547623852,0.0433275072235734
"test","NFATC4","HisToGene","her2+",0.0521293278960238,0.0342809803243098
"test","NFIC","HisToGene","her2+",0.0509097598861983,0.0457168957348524
"test","NINJ1","HisToGene","her2+",0.145209806202371,0.130388867728181
"test","NIT2","HisToGene","her2+",0.153509627308215,0.0816070231439976
"test","NMRAL1","HisToGene","her2+",0.150359714679902,0.113864232642594
"test","NR1H2","HisToGene","her2+",0.0406478853706237,0.0283899882389416
"test","NR4A1","HisToGene","her2+",0.0772483059681796,0.0522170335685835
"test","NRP1","HisToGene","her2+",0.0404879501279144,0.0185473100177803
"test","NSMCE1","HisToGene","her2+",0.110627779309443,0.0718678686070851
"test","NTMT1","HisToGene","her2+",0.0189941857823224,0.0146136140177282
"test","NUP214","HisToGene","her2+",0.0951783850070853,0.0403980754085081
"test","NUP93","HisToGene","her2+",0.140097725671004,0.0510931703121848
"test","NXN","HisToGene","her2+",0.0657272898332912,0.0305960669868888
"test","OASL","HisToGene","her2+",0.0214684015283187,0.0112949304269663
"test","OGFRL1","HisToGene","her2+",0.0826152596061959,0.0284931790438005
"test","OPTN","HisToGene","her2+",0.0220903747726381,0.014875422331068
"test","ORC2","HisToGene","her2+",0.0732536212711664,0.0251347455526965
"test","OSBPL8","HisToGene","her2+",0.0426443335069494,0.0190922645641737
"test","P4HA2","HisToGene","her2+",0.0865874700221441,0.0265013886303075
"test","PAF1","HisToGene","her2+",0.0457533969900722,0.0193177331189185
"test","PAFAH1B3","HisToGene","her2+",0.110857778377717,0.0720797211480675
"test","PAQR4","HisToGene","her2+",0.143120372202393,0.0896296158578803
"test","PARN","HisToGene","her2+",0.0448326466669432,0.0174063807092138
"test","PCCB","HisToGene","her2+",0.157792619507422,0.0878231909406104
"test","PCIF1","HisToGene","her2+",0.0877734602433007,0.0372755134075077
"test","PDCD5","HisToGene","her2+",0.198655700089841,0.102934841179894
"test","PDGFRA","HisToGene","her2+",-0.00543821481241182,0.00352509378918128
"test","PDGFRB","HisToGene","her2+",0.0808401824957096,0.0535077534852308
"test","PER1","HisToGene","her2+",0.0817069554879664,0.0379909212463598
"test","PEX11G","HisToGene","her2+",0.0444343382217747,0.0134863127650051
"test","PEX14","HisToGene","her2+",0.0570582086349916,0.017669919446393
"test","PGLS","HisToGene","her2+",0.11159648253097,0.102177541401602
"test","PHF11","HisToGene","her2+",0.0584297832483935,0.0204240933775915
"test","PHF13","HisToGene","her2+",0.0857289292640827,0.0261498880318449
"test","PHF21A","HisToGene","her2+",0.0718823706404596,0.0249446889802411
"test","PHKB","HisToGene","her2+",0.123344265060655,0.0592452358197182
"test","PIGQ","HisToGene","her2+",0.130460929583376,0.101618807896661
"test","PIH1D1","HisToGene","her2+",0.0542010953701079,0.0380277874508845
"test","PILRA","HisToGene","her2+",0.0402274472054213,0.015072636349002
"test","PIM2","HisToGene","her2+",0.101737492530087,0.0575353940467243
"test","PITX1","HisToGene","her2+",0.102365356411042,0.0606714049535432
"test","PKNOX1","HisToGene","her2+",0.0734554916087385,0.0225977680864126
"test","PLAC9","HisToGene","her2+",0.0104830957802377,0.00854338189146376
"test","PLEKHO2","HisToGene","her2+",0.0411982169869838,0.0226456213200859
"test","PLIN2","HisToGene","her2+",0.0530828597293952,0.0184678413104458
"test","PLK1","HisToGene","her2+",0.150079742084628,0.0706460363685505
"test","PLK2","HisToGene","her2+",0.168936531094512,0.0915240316677748
"test","PLLP","HisToGene","her2+",0.116935092839104,0.0515929394864245
"test","PLP2","HisToGene","her2+",0.115834756660385,0.0866246688909312
"test","PLPPR2","HisToGene","her2+",0.110540537772119,0.0779890349391645
"test","PLSCR1","HisToGene","her2+",0.0262285525647587,0.0129805217854665
"test","PLTP","HisToGene","her2+",0.0400493218062865,0.0369664032478458
"test","PLVAP","HisToGene","her2+",-0.00753132951154679,0.00300373854911791
"test","PLXNA1","HisToGene","her2+",0.189671619589645,0.105992306548728
"test","PLXND1","HisToGene","her2+",0.0542112274806849,0.0584007340662519
"test","PMP22","HisToGene","her2+",0.105242474616904,0.0587818973808282
"test","PNISR","HisToGene","her2+",0.00184142070653383,0.0126028921634912
"test","PNMT","HisToGene","her2+",0.127337906833382,0.097399545196091
"test","PNP","HisToGene","her2+",0.0867079736175009,0.0363397841290856
"test","PNPLA6","HisToGene","her2+",0.123546665532524,0.0798813429273713
"test","PODNL1","HisToGene","her2+",0.0480784254895178,0.019287572112905
"test","PODXL","HisToGene","her2+",0.0524996994760977,0.0194111663239622
"test","POLR2E","HisToGene","her2+",0.118893864906104,0.106153665112332
"test","POLR2J","HisToGene","her2+",0.128799453955833,0.110779843025124
"test","POR","HisToGene","her2+",0.14632781093452,0.120554388017996
"test","POSTN","HisToGene","her2+",0.13224903741151,0.110288497147301
"test","PPHLN1","HisToGene","her2+",0.124064862165949,0.0550455265714762
"test","PPIB","HisToGene","her2+",-0.00429543400364565,0.00715353641440481
"test","PPIH","HisToGene","her2+",0.134871303435035,0.0666398593429737
"test","PPM1G","HisToGene","her2+",0.14437401075315,0.103662873601634
"test","PPP1R1A","HisToGene","her2+",0.078494945560639,0.0693970141959925
"test","PPP1R1B","HisToGene","her2+",-0.0108593042569599,-0.00224657106143448
"test","PPP1R37","HisToGene","her2+",0.102707164757448,0.0581529945336973
"test","PRKAB1","HisToGene","her2+",0.145793691627281,0.0820425570276554
"test","PRKCSH","HisToGene","her2+",0.213929828567645,0.200490500174569
"test","PROSER1","HisToGene","her2+",0.0948059156036822,0.0355291917855343
"test","PRPF6","HisToGene","her2+",0.105748992606529,0.0780255677393457
"test","PRPSAP1","HisToGene","her2+",0.121728587529346,0.0549031378274299
"test","PSCA","HisToGene","her2+",0.0666255514336718,0.0251933103638914
"test","PSMD4","HisToGene","her2+",0.118279323154189,0.0770832776281607
"test","PSTPIP1","HisToGene","her2+",0.0363536524740366,0.0179361876499362
"test","PTGDS","HisToGene","her2+",0.0356687789320248,0.0255081401200569
"test","PTOV1","HisToGene","her2+",0.151226619377444,0.14149064654241
"test","PTP4A3","HisToGene","her2+",0.0621140383689886,0.0388870172207525
"test","PTPRC","HisToGene","her2+",0.0559268166827713,0.0271998900954999
"test","PTPRJ","HisToGene","her2+",0.139576030398223,0.0621831010948339
"test","PTRF","HisToGene","her2+",0.0295283460513975,0.0299651464296436
"test","PTRH1","HisToGene","her2+",0.0341216757811777,0.0134881022121777
"test","PUS3","HisToGene","her2+",0.0623201836576471,0.0220643626113684
"test","PWP1","HisToGene","her2+",0.115482708409461,0.0482893438491145
"test","PWWP2B","HisToGene","her2+",0.123819872126195,0.0963431626924472
"test","PXDN","HisToGene","her2+",0.168425315670657,0.128831228004898
"test","PYURF","HisToGene","her2+",0.0971260311566297,0.0426632862244416
"test","QSOX1","HisToGene","her2+",0.140821582732525,0.121892633780465
"test","R3HDM2","HisToGene","her2+",0.104925002190924,0.0434126662581726
"test","RAB11FIP1","HisToGene","her2+",0.129236382233898,0.081183049975989
"test","RAB3A","HisToGene","her2+",0.0650739606678147,0.0213569606721319
"test","RAB3GAP1","HisToGene","her2+",0.162124682900317,0.0945025803675869
"test","RAB3IL1","HisToGene","her2+",0.0128130489274441,0.00892922522396992
"test","RABGAP1L","HisToGene","her2+",0.104244452813134,0.040848685297468
"test","RALBP1","HisToGene","her2+",0.0386299030383198,0.0146396414491972
"test","RALGAPA2","HisToGene","her2+",0.0823123451179399,0.0335960683953405
"test","RAMP2","HisToGene","her2+",-0.0259205833267323,-0.00405865614252348
"test","RAP1B","HisToGene","her2+",0.00481135514815286,0.00465013928827971
"test","RARS2","HisToGene","her2+",0.0714672089687735,0.0229806407019675
"test","RASA2","HisToGene","her2+",0.0707365242615883,0.0243441960697041
"test","RASGRP2","HisToGene","her2+",0.0449291514875502,0.0189053296011589
"test","RASSF3","HisToGene","her2+",0.0729550728613209,0.0247127835840182
"test","RBL1","HisToGene","her2+",0.0671732679639562,0.0228411866182312
"test","RBM42","HisToGene","her2+",0.150300900728192,0.112667509358476
"test","RECQL4","HisToGene","her2+",0.102058896608019,0.0478607891881255
"test","RECQL5","HisToGene","her2+",0.109319849566523,0.0503023944411888
"test","REEP6","HisToGene","her2+",0.0718961802661076,0.0428632738966281
"test","RGS1","HisToGene","her2+",0.0596057210356535,0.0224726752476669
"test","RHOB","HisToGene","her2+",0.254827512631663,0.213984812881501
"test","RIOK1","HisToGene","her2+",0.03762986178531,0.0147719704116178
"test","RMND1","HisToGene","her2+",0.0589467955768234,0.0211272936081547
"test","RNASET2","HisToGene","her2+",0.175642130327556,0.150701257643032
"test","RND3","HisToGene","her2+",0.100828846068039,0.0333040180979787
"test","RNF135","HisToGene","her2+",0.115166910383678,0.0461212749356179
"test","RNF170","HisToGene","her2+",0.0196000215205289,0.00818245933953192
"test","RRAS","HisToGene","her2+",0.078232763843872,0.0514768039261443
"test","RSL1D1","HisToGene","her2+",0.106631440563474,0.0903593440269986
"test","RSRP1","HisToGene","her2+",0.109860526431948,0.0542654196528347
"test","RUVBL1","HisToGene","her2+",0.145659690518832,0.0658259017256094
"test","S100A14","HisToGene","her2+",0.0881060549942667,0.0776662248762383
"test","S100A9","HisToGene","her2+",-0.0112814734769847,0.0126062313942816
"test","SAMM50","HisToGene","her2+",0.096332206634842,0.0644126937073272
"test","SASH1","HisToGene","her2+",0.0611510997506438,0.0253222043499174
"test","SAT1","HisToGene","her2+",0.177963793168133,0.154440847853768
"test","SCAF1","HisToGene","her2+",0.0836948066793074,0.0482161012747854
"test","SCD","HisToGene","her2+",0.284780978803315,0.239060355128945
"test","SCNN1D","HisToGene","her2+",0.0782464022065499,0.0237406260608733
"test","SCX","HisToGene","her2+",0.117759214227805,0.0500378706887667
"test","SDHB","HisToGene","her2+",0.137597687800471,0.0603737273415175
"test","SEC14L2","HisToGene","her2+",-0.0193436491910402,-0.00106427102294203
"test","SEC23A","HisToGene","her2+",0.0493028082710646,0.0174967782611536
"test","SEMA3B","HisToGene","her2+",0.0562879462799147,0.0266012372469342
"test","SEMA4B","HisToGene","her2+",0.17555687491933,0.0934412833800666
"test","SF3B4","HisToGene","her2+",0.134704819174022,0.0755465208904418
"test","SFSWAP","HisToGene","her2+",0.10349214251159,0.0504722541671737
"test","SGTA","HisToGene","her2+",0.15201712237913,0.133034392552378
"test","SH3BP5L","HisToGene","her2+",0.098076845824654,0.0380290970763092
"test","SIGLEC1","HisToGene","her2+",0.0238770210301925,0.0118355901646331
"test","SIGMAR1","HisToGene","her2+",0.131662917054183,0.0677463290333077
"test","SLC16A2","HisToGene","her2+",0.0419221037868716,0.0137010120840122
"test","SLC16A3","HisToGene","her2+",0.10184292524049,0.0820867845260925
"test","SLC22A18","HisToGene","her2+",0.0577717194658183,0.0270424442789388
"test","SLC25A24","HisToGene","her2+",0.100022258112255,0.0423863811291025
"test","SLC2A1","HisToGene","her2+",0.134190764156491,0.0588849764104631
"test","SLC2A8","HisToGene","her2+",0.0577362355915652,0.0243977640074533
"test","SLC35A2","HisToGene","her2+",0.155190203109702,0.087941962536077
"test","SLC43A1","HisToGene","her2+",-0.0051562085951904,0.00202779486217432
"test","SLC4A5","HisToGene","her2+",0.0882054187614761,0.0293519971731394
"test","SLC8B1","HisToGene","her2+",0.0849694070752635,0.0526268028726437
"test","SLC9A3R2","HisToGene","her2+",0.108901121040736,0.0719797035082742
"test","SLC9A8","HisToGene","her2+",0.0799547539883091,0.0288232772363501
"test","SLFN13","HisToGene","her2+",0.0784290730357272,0.0185046632290516
"test","SLPI","HisToGene","her2+",0.058073313123678,0.0218012957322802
"test","SMCHD1","HisToGene","her2+",0.079835243746214,0.0401036652427722
"test","SMG9","HisToGene","her2+",0.150188343108821,0.0806148538239238
"test","SMYD2","HisToGene","her2+",0.117423370989712,0.0398751166583777
"test","SNAPC3","HisToGene","her2+",0.0729146023152421,0.0220540043148475
"test","SNF8","HisToGene","her2+",0.0849085989220522,0.0816717303746264
"test","SNRPD3","HisToGene","her2+",0.197921562064144,0.122605828190033
"test","SNTA1","HisToGene","her2+",0.0567457943042449,0.0184484508556676
"test","SNX33","HisToGene","her2+",0.0815619283193544,0.0367190009390168
"test","SNX8","HisToGene","her2+",0.0943617420804509,0.0495837675225413
"test","SOD3","HisToGene","her2+",0.00750632856686789,0.010635753238598
"test","SOS2","HisToGene","her2+",0.0654831307368307,0.0216951875997652
"test","SOX4","HisToGene","her2+",0.0291670085014194,0.0361085642227452
"test","SP6","HisToGene","her2+",0.0803544088030315,0.0356532755771125
"test","SPAG9","HisToGene","her2+",0.0874195970946871,0.0482654073112448
"test","SPARC","HisToGene","her2+",0.0286651589497347,0.0464819320717653
"test","SPIN1","HisToGene","her2+",0.125606245912099,0.0540554457786693
"test","SPSB1","HisToGene","her2+",0.0679494197639198,0.0357077413579079
"test","SRGN","HisToGene","her2+",0.15409888503636,0.0957971934581572
"test","SRPX2","HisToGene","her2+",0.0403082041287856,0.0200232449037431
"test","SRR","HisToGene","her2+",0.11751613299376,0.0468000579750147
"test","SRRT","HisToGene","her2+",0.209623467583671,0.128315907844308
"test","SRSF1","HisToGene","her2+",0.229639994532755,0.161155965847544
"test","SRSF5","HisToGene","her2+",0.217515879006572,0.18187349568821
"test","SSSCA1","HisToGene","her2+",0.023857117411947,0.0215713805969628
"test","STAMBP","HisToGene","her2+",0.0899108146170932,0.0355943535787861
"test","STAT5A","HisToGene","her2+",-0.00270866870379005,0.00238826885540697
"test","STK17A","HisToGene","her2+",0.0765360711909167,0.0297197085161912
"test","STK4","HisToGene","her2+",0.0649969322661108,0.020472851901124
"test","STMN1","HisToGene","her2+",0.255421335442971,0.200631605075235
"test","STRN3","HisToGene","her2+",0.0689568467289876,0.0237457645160421
"test","STT3A","HisToGene","her2+",0.101958063621186,0.0525817055360581
"test","SUGP1","HisToGene","her2+",0.0707502065008453,0.0176991897809491
"test","SURF1","HisToGene","her2+",0.0398061209442036,0.0196804946520564
"test","SVIL","HisToGene","her2+",0.0653658706506808,0.0232647817890636
"test","SYDE1","HisToGene","her2+",0.012678840028179,0.0120237108542218
"test","SYK","HisToGene","her2+",0.0832275596513477,0.0356080517876125
"test","TACC3","HisToGene","her2+",0.118319114595985,0.0510048167002704
"test","TANC2","HisToGene","her2+",0.152640947632619,0.0847688793434166
"test","TARBP1","HisToGene","her2+",0.13189502674033,0.0512767390505328
"test","TAX1BP1","HisToGene","her2+",0.161352278983287,0.0955049969025379
"test","TAX1BP3","HisToGene","her2+",0.102728135982132,0.055940484973129
"test","TBC1D10A","HisToGene","her2+",0.0964117309397968,0.0540401807207109
"test","TBC1D23","HisToGene","her2+",0.154709421262372,0.0631713750412015
"test","TBCA","HisToGene","her2+",0.104541651316176,0.0412525174633546
"test","TBXAS1","HisToGene","her2+",0.0733010695824191,0.029182035873599
"test","TCEA2","HisToGene","her2+",0.0944941864915129,0.0392108622534913
"test","TCEA3","HisToGene","her2+",0.156507555594195,0.0875752329692238
"test","TCF25","HisToGene","her2+",0.114044060154058,0.103511165259941
"test","TDRD3","HisToGene","her2+",0.0516683641239766,0.016692485499802
"test","TESK1","HisToGene","her2+",0.127437543402797,0.0756914047252881
"test","TESMIN","HisToGene","her2+",0.130175071612012,0.0522229633669382
"test","TEX10","HisToGene","her2+",0.0962596270813602,0.0387321248178272
"test","TEX2","HisToGene","her2+",0.158460165860879,0.0818932118917969
"test","TFF3","HisToGene","her2+",-0.0598865845259433,-0.0303281665214069
"test","TGFBR2","HisToGene","her2+",0.02086429146877,0.0145032910096924
"test","THBS1","HisToGene","her2+",0.0586392605948273,0.0498480475240157
"test","THOC5","HisToGene","her2+",0.0561312022657372,0.0215971975836482
"test","THOC6","HisToGene","her2+",0.054739938702331,0.0185583772332944
"test","TIGD5","HisToGene","her2+",0.0617044068539494,0.0282827082553258
"test","TIMP1","HisToGene","her2+",-0.00691653709871407,0.00348314392795779
"test","TJP3","HisToGene","her2+",0.136066148589654,0.0659685208388702
"test","TM7SF2","HisToGene","her2+",0.11530878050447,0.0832916304005246
"test","TMBIM6","HisToGene","her2+",0.230049925532739,0.20175339895599
"test","TMEM101","HisToGene","her2+",0.00167374502913893,0.00645529450637091
"test","TMEM123","HisToGene","her2+",0.239466497911114,0.193522905741849
"test","TMEM14B","HisToGene","her2+",0.188308259921879,0.1028359123058
"test","TMEM160","HisToGene","her2+",0.0424205124129366,0.037857147544146
"test","TMEM184A","HisToGene","her2+",0.126882463890347,0.0701178149349912
"test","TMEM259","HisToGene","her2+",0.16916140226249,0.146055590024546
"test","TMEM86A","HisToGene","her2+",0.0980812468874639,0.0586936383734122
"test","TMX1","HisToGene","her2+",0.135198286607089,0.0626408429801405
"test","TNC","HisToGene","her2+",0.192656838359021,0.116074935489131
"test","TNFRSF14","HisToGene","her2+",0.0358576123690031,0.0302312197449416
"test","TNFRSF21","HisToGene","her2+",0.02519858385714,0.0144852682819416
"test","TNFRSF4","HisToGene","her2+",0.0288217161923964,0.0170036509721506
"test","TNNT1","HisToGene","her2+",0.0321382115823076,0.0200807937505737
"test","TOM1L2","HisToGene","her2+",0.128762105660011,0.0639971405113392
"test","TP53I3","HisToGene","her2+",0.0878538979956302,0.0437073517640812
"test","TPM2","HisToGene","her2+",0.0254208020430632,0.0289056043083222
"test","TRAC","HisToGene","her2+",0.0664466388546262,0.0443654353026578
"test","TRAF5","HisToGene","her2+",0.0964371878097417,0.0349293101057177
"test","TRAP1","HisToGene","her2+",0.152014944083233,0.11359672996083
"test","TRAPPC4","HisToGene","her2+",0.16074183318035,0.0836339723288349
"test","TRIM14","HisToGene","her2+",0.088529574617979,0.0472162543865486
"test","TRIM22","HisToGene","her2+",0.0586711599645598,0.0249695429060489
"test","TRIM25","HisToGene","her2+",0.109877446153789,0.06612216772475
"test","TRIM47","HisToGene","her2+",0.0758901980828196,0.0313249876904379
"test","TSPAN33","HisToGene","her2+",0.0184760689255366,0.00823745605675401
"test","TSR2","HisToGene","her2+",0.0612317795098438,0.020620810166683
"test","TTC31","HisToGene","her2+",0.0757054143699926,0.0243089523560221
"test","TTI1","HisToGene","her2+",0.0653679676249925,0.019301014178806
"test","TXN2","HisToGene","her2+",0.139490269968064,0.112129849035678
"test","TXNDC17","HisToGene","her2+",0.232429624409432,0.163634677222376
"test","TXNRD2","HisToGene","her2+",0.157384807484084,0.0954742331823003
"test","TYROBP","HisToGene","her2+",0.0907299287652934,0.0697164812320773
"test","UBA52","HisToGene","her2+",0.061370658839392,0.0710944170463857
"test","UBA6","HisToGene","her2+",0.14319901453688,0.0740038920756574
"test","UBAP2L","HisToGene","her2+",0.196688616324618,0.123225037262845
"test","UBE2W","HisToGene","her2+",0.110131588205436,0.0365664427822029
"test","UBL7","HisToGene","her2+",0.0784027114909535,0.0413409404510917
"test","UBR2","HisToGene","her2+",0.0844106792408099,0.0403753255590799
"test","UBXN1","HisToGene","her2+",0.0988324768009301,0.0787181299332877
"test","UCK1","HisToGene","her2+",0.106128945079108,0.0623774388418626
"test","UFD1L","HisToGene","her2+",0.201937674355215,0.135992550616423
"test","UQCRC1","HisToGene","her2+",0.0989744114292558,0.0948344070525933
"test","UXS1","HisToGene","her2+",0.151479470484735,0.0800554235881708
"test","UXT","HisToGene","her2+",0.0971243696814266,0.0604291838925988
"test","VARS","HisToGene","her2+",0.129918661399063,0.0979192548320276
"test","VAV1","HisToGene","her2+",0.0407237700712985,0.0163675999384188
"test","VCAM1","HisToGene","her2+",0.0408808491984633,0.0192910531088014
"test","VEGFB","HisToGene","her2+",0.0863996961146436,0.0663454163839772
"test","VIM","HisToGene","her2+",0.0852532623960162,0.0817310605206554
"test","VPS13D","HisToGene","her2+",0.0834325470993018,0.0363765091832654
"test","VPS45","HisToGene","her2+",0.0895584029316054,0.032794004696726
"test","VWF","HisToGene","her2+",0.00248664905558433,0.00569550188726818
"test","WDFY3","HisToGene","her2+",0.108106649054646,0.0374817537249771
"test","WDR13","HisToGene","her2+",0.0901205710920767,0.0679775953524218
"test","WDR34","HisToGene","her2+",0.0614590034556367,0.0623842200252023
"test","WDR46","HisToGene","her2+",0.165303527922754,0.135578023519613
"test","WDR73","HisToGene","her2+",0.11127606361544,0.044675780654061
"test","WDR74","HisToGene","her2+",0.154136779976513,0.109667038537709
"test","WIPF1","HisToGene","her2+",0.0424583152740699,0.0295790085718385
"test","XAB2","HisToGene","her2+",0.118535884812311,0.0797192090326691
"test","XIAP","HisToGene","her2+",0.0423964422523492,0.0190103953978606
"test","XPO6","HisToGene","her2+",0.16770789563399,0.11054708516057
"test","YIPF4","HisToGene","her2+",0.107043375483828,0.0633657989533996
"test","YTHDC1","HisToGene","her2+",0.0940673344803095,0.0438821912923105
"test","ZDHHC12","HisToGene","her2+",0.115468086269362,0.100215315891127
"test","ZFAND3","HisToGene","her2+",0.166024824734295,0.0922755629112725
"test","ZFP36","HisToGene","her2+",0.135411004028705,0.0865013044860573
"test","ZFPL1","HisToGene","her2+",0.0940490532750372,0.0586338570706207
"test","ZFR","HisToGene","her2+",0.134172149354378,0.0676186452762348
"test","ZG16B","HisToGene","her2+",0.0808118194792416,0.0415562006409676
"test","ZMAT5","HisToGene","her2+",0.111523324632853,0.0707840071166358
"test","ZMYND19","HisToGene","her2+",0.174261166087872,0.121953115346907
"test","ZMYND8","HisToGene","her2+",0.0948013695130894,0.0496013983271156
"test","ZNF217","HisToGene","her2+",0.159910928767911,0.077995417800223
"test","ZNF337","HisToGene","her2+",0.122998766247827,0.04997145615137
"test","ZNF33B","HisToGene","her2+",0.0998332908954526,0.0340093637336976
"test","ZNF362","HisToGene","her2+",0.0702150414609876,0.0206229770418667
"test","ZNF524","HisToGene","her2+",0.0751346027839959,0.0468650146041938
"test","ZNF592","HisToGene","her2+",0.0412080004039954,0.0135626255395794
"test","ZNF644","HisToGene","her2+",0.0509948978602941,0.0287875875114308
"test","ZNF668","HisToGene","her2+",0.123299653181896,0.0609019666728175
"test","ZNF771","HisToGene","her2+",0.0568163585860533,0.0244064067303353
"test","ZNF787","HisToGene","her2+",0.107934048997259,0.0764934699272838
"test","ZNF791","HisToGene","her2+",-0.00652248426776218,0.00151288053393325
"test","ZNF83","HisToGene","her2+",0.126517145085621,0.0512319208166423
"test","ZNF91","HisToGene","her2+",0.0576598006699168,0.0253650973954985
"test","ZNRF1","HisToGene","her2+",0.126973965886789,0.0669071889599726
"test","ZSWIM8","HisToGene","her2+",0.161608396998179,0.109706677668239
"test","A2M","ST-Net","her2+",0.124241608715095,0.095470195472624
"test","AAMDC","ST-Net","her2+",0.0434236161012009,0.0170938320402333
"test","ABCA3","ST-Net","her2+",0.0587248370616939,0.0294367812566663
"test","ABCA7","ST-Net","her2+",0.0977872875921664,0.0394516135543727
"test","ABCF3","ST-Net","her2+",0.148137238010056,0.103960793811861
"test","ABHD14A","ST-Net","her2+",0.10057270832705,0.041584439087408
"test","ABHD4","ST-Net","her2+",0.0854825682545563,0.0380240607519585
"test","ACAA1","ST-Net","her2+",0.155652699195958,0.0853527226606149
"test","ACER3","ST-Net","her2+",0.0348207557587731,0.0176377098271146
"test","ADAM15","ST-Net","her2+",0.0282761051181187,0.0285922380784144
"test","ADCY3","ST-Net","her2+",0.0692855777649468,0.0304017513063257
"test","ADI1","ST-Net","her2+",0.183318109681442,0.139945436982918
"test","AEBP1","ST-Net","her2+",0.18310126110467,0.153171980483019
"test","AES","ST-Net","her2+",0.226921191435881,0.211410976784001
"test","AGAP2","ST-Net","her2+",0.0650586613996404,0.0190514041460716
"test","AGO2","ST-Net","her2+",0.134722521893024,0.0698129981720404
"test","AGPAT2","ST-Net","her2+",0.191434764578796,0.142487737997104
"test","AGR2","ST-Net","her2+",0.137827258249365,0.104058890344817
"test","AHCY","ST-Net","her2+",0.183501611543866,0.123563957992844
"test","AKAP9","ST-Net","her2+",0.110474231901127,0.0718120121863092
"test","AKR1A1","ST-Net","her2+",0.200661708316472,0.157062349705281
"test","AKT1S1","ST-Net","her2+",0.209587347856213,0.167792756489549
"test","ALDH16A1","ST-Net","her2+",0.151929805398757,0.100475694125583
"test","ALG3","ST-Net","her2+",0.175604691880514,0.115578498582781
"test","ANGPTL4","ST-Net","her2+",0.0386898706134982,0.0210113308488542
"test","ANKLE2","ST-Net","her2+",0.151128032761528,0.0986546337641436
"test","ANKRD12","ST-Net","her2+",0.106657038962462,0.0660340524412214
"test","ANKRD28","ST-Net","her2+",0.0773969281898273,0.0366006285361366
"test","ANO10","ST-Net","her2+",0.093315142330343,0.0347971997969001
"test","AP5B1","ST-Net","her2+",0.0308452459475258,0.0121571932698647
"test","AP5Z1","ST-Net","her2+",0.147704831203058,0.0767127080630235
"test","APBA2","ST-Net","her2+",0.0366121460731225,0.0201389725072169
"test","APBB2","ST-Net","her2+",0.115347048427637,0.0457014902045365
"test","APOBEC3G","ST-Net","her2+",0.160912033730597,0.051209256058679
"test","APOC1","ST-Net","her2+",0.266767225255513,0.196298145593045
"test","AQP1","ST-Net","her2+",0.0645091419724342,0.0457527625183018
"test","ARF5","ST-Net","her2+",0.056479240901287,0.0157084920453146
"test","ARF6","ST-Net","her2+",0.179273893226943,0.109388998789572
"test","ARFGEF2","ST-Net","her2+",0.0973433823319865,0.0455432227387871
"test","ARHGAP10","ST-Net","her2+",0.0591834031001216,0.0204662435706155
"test","ARHGAP4","ST-Net","her2+",0.169511534192743,0.100208464110391
"test","ARHGAP45","ST-Net","her2+",0.23514651195133,0.141533646755501
"test","ARHGAP5","ST-Net","her2+",0.0860364760594534,0.0326523617170962
"test","ARHGEF10L","ST-Net","her2+",0.0686783908433359,0.0278593617348866
"test","ARHGEF3","ST-Net","her2+",0.106074050703507,0.0433518781440283
"test","ARHGEF40","ST-Net","her2+",0.0803755669188662,0.0397755961255993
"test","ARID1B","ST-Net","her2+",0.136043042460023,0.0830522570306094
"test","ARID3A","ST-Net","her2+",0.0702718953922088,0.0420737727493474
"test","ARID4A","ST-Net","her2+",0.0777160150132493,0.0298885929952093
"test","ARID5A","ST-Net","her2+",0.18194012672688,0.121552036433467
"test","ARID5B","ST-Net","her2+",0.101753973227714,0.0557789053531764
"test","ARNT","ST-Net","her2+",0.118262428454149,0.0487328474498704
"test","ASCL2","ST-Net","her2+",0.0871215526462252,0.0361966036475447
"test","ASH2L","ST-Net","her2+",0.126003353564998,0.0716405477567552
"test","ASL","ST-Net","her2+",0.111601818106793,0.0571040291359124
"test","ASMTL","ST-Net","her2+",0.11225458286324,0.0587196681517314
"test","ASNA1","ST-Net","her2+",0.212250949131348,0.176355898255352
"test","ASNS","ST-Net","her2+",0.0928846694389993,0.0344066060106266
"test","ATAD1","ST-Net","her2+",0.0767649872851165,0.032404181484137
"test","ATF6B","ST-Net","her2+",0.086200889192984,0.0361100369718867
"test","ATG12","ST-Net","her2+",0.151521454749117,0.0826424529000327
"test","ATG16L2","ST-Net","her2+",0.0988149761646806,0.0325541547614036
"test","ATL2","ST-Net","her2+",0.0816366066017117,0.0311185657929103
"test","ATP5H","ST-Net","her2+",0.188751032298742,0.119882197050779
"test","ATP5O","ST-Net","her2+",0.219005746516757,0.161124303295682
"test","ATP6AP1","ST-Net","her2+",0.244908173037716,0.177477657462603
"test","ATP6V0D1","ST-Net","her2+",0.15208898277372,0.1088828010306
"test","AURKAIP1","ST-Net","her2+",0.220425598874703,0.158035145437197
"test","AVEN","ST-Net","her2+",0.0745540828249441,0.0234755810806848
"test","BABAM1","ST-Net","her2+",0.182469162778497,0.131053968903058
"test","BAD","ST-Net","her2+",0.186046693725628,0.144475639232562
"test","BAIAP3","ST-Net","her2+",0.0610203957179806,0.0283573232753316
"test","BCAM","ST-Net","her2+",0.197357108060176,0.173647442054791
"test","BCL2L12","ST-Net","her2+",0.122894321045409,0.0543217606129042
"test","BGN","ST-Net","her2+",0.225952708830071,0.176186917422155
"test","BICDL1","ST-Net","her2+",0.123002191790077,0.0516363154582882
"test","BIN3","ST-Net","her2+",0.136337481511059,0.0803484801726042
"test","BIRC2","ST-Net","her2+",0.0992055534846345,0.055335506791884
"test","BOK","ST-Net","her2+",0.113114820066581,0.0637510759369029
"test","BOLA3","ST-Net","her2+",0.120098547513266,0.0393241449377166
"test","BRD9","ST-Net","her2+",0.166050875155354,0.10964348607279
"test","BRF1","ST-Net","her2+",0.161863851296029,0.0992392172280367
"test","BRF2","ST-Net","her2+",0.107190967840761,0.0726203640498164
"test","BRK1","ST-Net","her2+",0.173112718377805,0.106522230373092
"test","BRPF1","ST-Net","her2+",0.0709778262596103,0.0310401609034449
"test","BSG","ST-Net","her2+",0.195011915202319,0.167805904834486
"test","BST2","ST-Net","her2+",0.137362425105622,0.11349001231988
"test","BTG1","ST-Net","her2+",0.175953108376106,0.126676267160625
"test","C10orf10","ST-Net","her2+",0.0381524649527836,0.0180248598952725
"test","C10orf54","ST-Net","her2+",0.189077974255392,0.129772287599028
"test","C12orf45","ST-Net","her2+",0.130394325169134,0.0605025801284442
"test","C15orf61","ST-Net","her2+",0.0794321522769709,0.0196223110087857
"test","C19orf24","ST-Net","her2+",0.114614365040836,0.086773574801177
"test","C19orf52","ST-Net","her2+",0.134991505931074,0.0616808510496134
"test","C19orf60","ST-Net","her2+",0.146808596987516,0.0989993858606008
"test","C1QB","ST-Net","her2+",0.272191423706394,0.201345621234022
"test","C1R","ST-Net","her2+",0.187143324959906,0.156269620468731
"test","C1S","ST-Net","her2+",0.155468246954615,0.105244467919344
"test","C1orf216","ST-Net","her2+",0.0464750559823405,0.0125483483721584
"test","C2","ST-Net","her2+",0.147148313150319,0.0653088407312709
"test","C2CD2L","ST-Net","her2+",0.113523013481446,0.046375705686211
"test","C3","ST-Net","her2+",0.311875955210622,0.259031028185064
"test","C4orf48","ST-Net","her2+",0.140417673349962,0.111235302808677
"test","C5orf38","ST-Net","her2+",0.0822133845939588,0.0411876170893652
"test","C6orf136","ST-Net","her2+",0.108709545206446,0.0455082533973155
"test","C6orf48","ST-Net","her2+",0.156396532976522,0.0987650442841879
"test","CADM4","ST-Net","her2+",0.198173376515075,0.139491275163762
"test","CALML5","ST-Net","her2+",0.0302629756304284,0.0486313524319827
"test","CAMTA2","ST-Net","her2+",0.0858097306878147,0.0545845818409026
"test","CAPG","ST-Net","her2+",0.21096754605957,0.131657152912338
"test","CARS2","ST-Net","her2+",0.146679163526607,0.0867805595608051
"test","CBLC","ST-Net","her2+",0.0767840303795029,0.0260322417421766
"test","CCDC106","ST-Net","her2+",0.147327696019736,0.0870102370765628
"test","CCDC167","ST-Net","her2+",0.145672438279681,0.072057020020082
"test","CCDC57","ST-Net","her2+",0.118544373775192,0.0637225268888092
"test","CCDC80","ST-Net","her2+",0.0519051652944136,0.0301278012504743
"test","CCDC88B","ST-Net","her2+",0.131127143033204,0.0646601799953222
"test","CCL19","ST-Net","her2+",0.253458744002401,0.0977368601381848
"test","CCL2","ST-Net","her2+",0.0386307704989839,0.0265164280272465
"test","CCL21","ST-Net","her2+",0.0977353800242686,0.0379659891097208
"test","CCM2","ST-Net","her2+",0.204367743168661,0.152851655881944
"test","CCNB1IP1","ST-Net","her2+",0.116339204824853,0.0695221357060546
"test","CCNE2","ST-Net","her2+",0.180117899774929,0.0758697090953187
"test","CCS","ST-Net","her2+",0.154754508027864,0.0977644048215962
"test","CCT4","ST-Net","her2+",0.227019210862343,0.168490294889063
"test","CD14","ST-Net","her2+",0.239060552155948,0.176466952303826
"test","CD320","ST-Net","her2+",0.142490695733453,0.094992988667387
"test","CD3D","ST-Net","her2+",0.149113299668261,0.0587086308997012
"test","CD4","ST-Net","her2+",0.14603299260284,0.073355901410446
"test","CD52","ST-Net","her2+",0.307663195053436,0.182039684369873
"test","CD68","ST-Net","her2+",0.216107222780423,0.1546363733134
"test","CD74","ST-Net","her2+",0.309439680886572,0.261249268981023
"test","CD79A","ST-Net","her2+",0.18420320808337,0.0895093726933064
"test","CDH11","ST-Net","her2+",0.0551049783881935,0.0244318528622913
"test","CDK5RAP1","ST-Net","her2+",0.0938702744458808,0.0305506907421296
"test","CEP250","ST-Net","her2+",0.108009151834011,0.0395526923679545
"test","CERCAM","ST-Net","her2+",0.082557381077893,0.0482904705820577
"test","CERS5","ST-Net","her2+",0.149743704226825,0.0675828715146483
"test","CES2","ST-Net","her2+",0.0934422415172598,0.0505117504392407
"test","CFAP36","ST-Net","her2+",0.0924302966489144,0.0367880506568948
"test","CFDP1","ST-Net","her2+",0.145836812298554,0.084285021746809
"test","CGGBP1","ST-Net","her2+",0.155912379356655,0.0853287489427408
"test","CHCHD6","ST-Net","her2+",0.0915564917131504,0.0348593777653601
"test","CHD1","ST-Net","her2+",0.114468874881787,0.0582276534866568
"test","CHD6","ST-Net","her2+",0.129043601925803,0.0907331136121077
"test","CHFR","ST-Net","her2+",0.135452067455387,0.0784567453769054
"test","CHST11","ST-Net","her2+",0.0948571670867249,0.036961043696053
"test","CIR1","ST-Net","her2+",0.0868668748260757,0.0319271777712962
"test","CLASRP","ST-Net","her2+",0.150955564730031,0.0780238176620358
"test","CLDN3","ST-Net","her2+",0.231684018274675,0.176914031466702
"test","CLDN4","ST-Net","her2+",0.270717812808266,0.199002919444576
"test","CLU","ST-Net","her2+",0.0788993358171261,0.0612775849977485
"test","CNN2","ST-Net","her2+",0.133495587808107,0.124505545490847
"test","COL14A1","ST-Net","her2+",0.0307520908061809,0.00757064315715484
"test","COL3A1","ST-Net","her2+",0.159012618707371,0.0900281686194916
"test","COL4A1","ST-Net","her2+",0.14487418043345,0.0618599386334134
"test","COL6A2","ST-Net","her2+",0.203035760178594,0.161979332271284
"test","COL8A2","ST-Net","her2+",0.0385039110856551,0.0191148922499822
"test","COMMD1","ST-Net","her2+",0.125351088369995,0.0531861471980223
"test","COMP","ST-Net","her2+",0.0928340717766552,0.0543685868569892
"test","COPS7A","ST-Net","her2+",0.164212001957485,0.0964616503610128
"test","COQ4","ST-Net","her2+",0.165741861885764,0.101180907376579
"test","CORO1A","ST-Net","her2+",0.136527189341313,0.0557071134313394
"test","CORO1B","ST-Net","her2+",0.182347138271999,0.160882960104
"test","CORO2A","ST-Net","her2+",0.130181914853502,0.044866386659272
"test","CORO7","ST-Net","her2+",0.179488473613375,0.108793366846926
"test","COX5A","ST-Net","her2+",0.203771293169353,0.112876322837884
"test","CPNE1","ST-Net","her2+",0.218115900323445,0.147110842391501
"test","CPSF1","ST-Net","her2+",0.14454957837016,0.0846766742730583
"test","CPVL","ST-Net","her2+",0.087303338142524,0.0518821574384044
"test","CRABP2","ST-Net","her2+",0.158887971024892,0.0954401314757111
"test","CRACR2B","ST-Net","her2+",0.255679299345534,0.160992853787834
"test","CRELD2","ST-Net","her2+",0.172083855906084,0.0923691570358232
"test","CROCC","ST-Net","her2+",0.0921419342210248,0.0357794786292727
"test","CSF1","ST-Net","her2+",0.131444525731858,0.0676050163197931
"test","CSF1R","ST-Net","her2+",0.223528158587728,0.149757388728064
"test","CTDSPL","ST-Net","her2+",0.161631766416912,0.0906587476633751
"test","CTIF","ST-Net","her2+",0.10766394688138,0.0657773747891717
"test","CTSK","ST-Net","her2+",0.10751250517551,0.0664938353499202
"test","CTU2","ST-Net","her2+",0.0726749876301452,0.0315742754613987
"test","CUTC","ST-Net","her2+",0.0686463095199949,0.0333338334453636
"test","CUX1","ST-Net","her2+",0.174093950657285,0.120616342646404
"test","CX3CL1","ST-Net","her2+",0.0377765208570986,0.0391122307711518
"test","CXCL10","ST-Net","her2+",0.0907165131136716,0.0413608345036036
"test","CXXC5","ST-Net","her2+",0.172803072146199,0.137338930669748
"test","CYP27A1","ST-Net","her2+",0.113972794411048,0.0457718716994195
"test","DAPK3","ST-Net","her2+",0.167887238740674,0.133387436986372
"test","DCAF6","ST-Net","her2+",0.175201191181521,0.0753203121786525
"test","DCXR","ST-Net","her2+",0.210424633536287,0.143861389082276
"test","DDAH1","ST-Net","her2+",0.102018256830031,0.0438273256646917
"test","DDB2","ST-Net","her2+",0.0539123237035234,0.037372588553413
"test","DDIT3","ST-Net","her2+",0.0772680657523445,0.0439540680796265
"test","DDRGK1","ST-Net","her2+",0.136834567756099,0.0941826319361726
"test","DDT","ST-Net","her2+",0.202770812862829,0.147275219706272
"test","DEAF1","ST-Net","her2+",0.118641981709891,0.0774609261685065
"test","DENND1A","ST-Net","her2+",0.0979695248313014,0.0539073137930015
"test","DERL3","ST-Net","her2+",0.127497626238856,0.0800810481773247
"test","DESI1","ST-Net","her2+",0.160167025756812,0.0665103363142793
"test","DHX16","ST-Net","her2+",0.130189652254723,0.0521760277119057
"test","DLG1","ST-Net","her2+",0.101342478876957,0.0684330965602276
"test","DMAP1","ST-Net","her2+",0.155337607482262,0.103799901991849
"test","DNAJB2","ST-Net","her2+",0.197118506458373,0.151389394743698
"test","DNAJC1","ST-Net","her2+",0.12545352317993,0.0723998381105525
"test","DNAJC7","ST-Net","her2+",0.186854239199779,0.126530783899391
"test","DOCK6","ST-Net","her2+",0.140707294039876,0.0588985305714902
"test","DPH3","ST-Net","her2+",0.0974273893910768,0.0276422714464504
"test","DPM2","ST-Net","her2+",0.176493038517057,0.137914716424172
"test","DPP7","ST-Net","her2+",0.19460454253021,0.130609505619341
"test","DPP9","ST-Net","her2+",0.138456681354447,0.105287286757693
"test","DPYSL3","ST-Net","her2+",0.117070209215974,0.0643900338875283
"test","DVL1","ST-Net","her2+",0.16145875085032,0.0726080564812338
"test","EBAG9","ST-Net","her2+",0.0912042264813601,0.034343133437443
"test","ECHDC2","ST-Net","her2+",0.113590233965058,0.0619604367227241
"test","ECM1","ST-Net","her2+",0.0641946757090509,0.0562872446802872
"test","EFEMP2","ST-Net","her2+",0.094589802973269,0.0559212720769369
"test","EFHD2","ST-Net","her2+",0.174409181839158,0.107354210416145
"test","EIF1AD","ST-Net","her2+",0.101383836734442,0.0390305727729161
"test","EIF3B","ST-Net","her2+",0.279013625519124,0.223237028278659
"test","EIF3F","ST-Net","her2+",0.0972637979315492,0.0540421939221252
"test","EIF3G","ST-Net","her2+",0.161138443439366,0.12019342999773
"test","ELN","ST-Net","her2+",0.00127193487321182,0.00177913651607666
"test","ELOF1","ST-Net","her2+",0.173945857547961,0.121732087466281
"test","EMC3","ST-Net","her2+",0.147936184743988,0.0675537205583979
"test","ENPP1","ST-Net","her2+",0.136213033387416,0.077325497647438
"test","EPHB3","ST-Net","her2+",0.109259704379196,0.0953386639647415
"test","ERAL1","ST-Net","her2+",0.176446957166808,0.0853771650434139
"test","ERI3","ST-Net","her2+",0.202000662464478,0.166903804221711
"test","ERMP1","ST-Net","her2+",0.164023637099875,0.0885598793769392
"test","ETFB","ST-Net","her2+",0.204601249996546,0.147435015307271
"test","EVA1B","ST-Net","her2+",0.158727702125896,0.132435190576835
"test","EXD3","ST-Net","her2+",0.0885487162103663,0.0264715016894812
"test","EXOC5","ST-Net","her2+",0.151716124713284,0.0907048572350676
"test","EXOSC1","ST-Net","her2+",0.130542162758251,0.0511830451963833
"test","EXOSC10","ST-Net","her2+",0.169162473559811,0.0942831065232564
"test","EXOSC2","ST-Net","her2+",0.0787731751804068,0.033981644566597
"test","EZH2","ST-Net","her2+",0.138866549005271,0.0720709740339998
"test","FAAH","ST-Net","her2+",0.118138678249979,0.073837531807755
"test","FADS2","ST-Net","her2+",0.248273607545619,0.192164804013348
"test","FAH","ST-Net","her2+",0.117515845488949,0.0542761591220664
"test","FAIM2","ST-Net","her2+",0.088203617550414,0.0566690313055795
"test","FAM102A","ST-Net","her2+",0.199559779553665,0.125440993780912
"test","FAM117A","ST-Net","her2+",0.13682154315136,0.0806941219075449
"test","FAM118A","ST-Net","her2+",0.079784018054702,0.0298402981526862
"test","FAM160B1","ST-Net","her2+",0.0957249124688077,0.039199475480785
"test","FAM173A","ST-Net","her2+",0.169196758026092,0.108964868128846
"test","FAM193B","ST-Net","her2+",0.201389353011644,0.12263037801733
"test","FAM213B","ST-Net","her2+",0.100361404845326,0.0421279052575007
"test","FAM3A","ST-Net","her2+",0.136200703226352,0.0781982899905877
"test","FAM45A","ST-Net","her2+",0.0892492866171649,0.0345393734597951
"test","FAP","ST-Net","her2+",0.0723522994460614,0.0267778137363035
"test","FARP1","ST-Net","her2+",0.155478148680707,0.132008371207846
"test","FARSB","ST-Net","her2+",0.15432080896944,0.0926571150598594
"test","FASN","ST-Net","her2+",0.368621030441812,0.267702674682027
"test","FBF1","ST-Net","her2+",0.099654408378511,0.0361319846155873
"test","FBLN2","ST-Net","her2+",0.0991306543962651,0.0478542524776034
"test","FCER1G","ST-Net","her2+",0.13228624724818,0.0656189566864037
"test","FDPS","ST-Net","her2+",0.238099466584582,0.166788272190062
"test","FGFR1","ST-Net","her2+",0.0481886120364721,0.0523793958593331
"test","FKBP10","ST-Net","her2+",0.0742043417904075,0.0445547007058258
"test","FKBP8","ST-Net","her2+",0.155100240627588,0.124459464409151
"test","FLNA","ST-Net","her2+",0.176179332169025,0.158770488949626
"test","FN1","ST-Net","her2+",0.203210608501102,0.135436994434992
"test","FNBP4","ST-Net","her2+",0.129341907451086,0.0771464006330494
"test","FOXP4","ST-Net","her2+",0.216156528129859,0.151136139569016
"test","FSTL1","ST-Net","her2+",0.103115261496563,0.0680390056889721
"test","FSTL3","ST-Net","her2+",0.090626014805045,0.0568480649050848
"test","FUOM","ST-Net","her2+",0.0900876623200218,0.0454296208159028
"test","FUS","ST-Net","her2+",0.208578210615075,0.170190296518437
"test","FZD2","ST-Net","her2+",0.10004185057805,0.0525180956663683
"test","GALK1","ST-Net","her2+",0.0709295930495387,0.0347583272215072
"test","GANAB","ST-Net","her2+",0.224449870414746,0.1759298947661
"test","GAR1","ST-Net","her2+",0.133305446484927,0.056637994626362
"test","GAS6","ST-Net","her2+",0.134452590347192,0.0829676997179583
"test","GATA3","ST-Net","her2+",0.139344778496088,0.0950201321113552
"test","GATC","ST-Net","her2+",0.213894391066482,0.162261811381961
"test","GBP1","ST-Net","her2+",0.117481022560712,0.0720502962489485
"test","GBP2","ST-Net","her2+",0.122184537997639,0.0738127961339738
"test","GBP3","ST-Net","her2+",0.0972654701013049,0.038284732972425
"test","GBP4","ST-Net","her2+",0.125645975450181,0.0559391993031897
"test","GBP5","ST-Net","her2+",0.0317380216013941,0.0303361410444999
"test","GEMIN4","ST-Net","her2+",0.123705637940339,0.0560142650850275
"test","GLCCI1","ST-Net","her2+",0.130065309844828,0.074052399606104
"test","GLG1","ST-Net","her2+",0.152045760143783,0.11278700504747
"test","GLTSCR2","ST-Net","her2+",0.144292261945367,0.119135525205257
"test","GMFG","ST-Net","her2+",0.203495095238346,0.106655008268287
"test","GMPPA","ST-Net","her2+",0.145325961541079,0.0788653140657161
"test","GNAI2","ST-Net","her2+",0.219257663277071,0.169896519734595
"test","GNAS","ST-Net","her2+",0.283449434869891,0.258481320121232
"test","GNL2","ST-Net","her2+",0.191136489528203,0.0794187955343519
"test","GPR108","ST-Net","her2+",0.154732718538861,0.0934937835241179
"test","GPRC5A","ST-Net","her2+",0.186936613920175,0.126308289133864
"test","GPS1","ST-Net","her2+",0.167576025369443,0.117353359820667
"test","GPSM1","ST-Net","her2+",0.0923130073064515,0.0497903867796765
"test","GPX3","ST-Net","her2+",0.0756396511995681,0.0511488380250017
"test","GRK3","ST-Net","her2+",0.0701201847676442,0.0342364615331545
"test","GSK3A","ST-Net","her2+",0.18312375309625,0.132967699887492
"test","GSTM3","ST-Net","her2+",0.0988488243209893,0.0592436251477621
"test","GYPC","ST-Net","her2+",0.159329698754198,0.113905745382761
"test","HAGHL","ST-Net","her2+",0.135961291748619,0.0658590592734031
"test","HCFC1R1","ST-Net","her2+",0.206408829276512,0.166389521914678
"test","HCST","ST-Net","her2+",0.197271761099488,0.107259861590355
"test","HDAC5","ST-Net","her2+",0.0986228709340542,0.0626997471156926
"test","HDAC6","ST-Net","her2+",0.092853856887144,0.0398644240319202
"test","HELZ2","ST-Net","her2+",0.101857705085338,0.058357165569498
"test","HES1","ST-Net","her2+",0.177893796511246,0.100483008112568
"test","HLA.B","ST-Net","her2+",0.291536521047127,0.255393131927973
"test","HLA.DMA","ST-Net","her2+",0.206659174883438,0.140910361030335
"test","HLA.DMB","ST-Net","her2+",0.210421928872067,0.131972099740766
"test","HLA.DOA","ST-Net","her2+",0.10766282087592,0.0430992336825339
"test","HLA.DPA1","ST-Net","her2+",0.220264545890545,0.200224040039566
"test","HLA.DPB1","ST-Net","her2+",0.219812786025371,0.163484740180458
"test","HLA.DRA","ST-Net","her2+",0.230243439238662,0.199313532904741
"test","HLA.DRB1","ST-Net","her2+",0.217601155458218,0.170722141899612
"test","HMGB2","ST-Net","her2+",0.207095221092179,0.146090165374367
"test","HNRNPUL2","ST-Net","her2+",0.224221716440166,0.187603118679946
"test","HOOK3","ST-Net","her2+",0.0549125781722171,0.0189076494221635
"test","HPS6","ST-Net","her2+",0.0770963423168323,0.0308859965652548
"test","HSD17B1","ST-Net","her2+",-0.00635622386939631,-0.00882582162830217
"test","HSPA4","ST-Net","her2+",0.200529107387192,0.133959819203802
"test","HSPB1","ST-Net","her2+",0.184676118860444,0.14386565002136
"test","HSPB11","ST-Net","her2+",0.130334578913203,0.051617603975589
"test","HYI","ST-Net","her2+",0.141543050412133,0.0944220162371353
"test","IDH3G","ST-Net","her2+",0.103341410080071,0.0568160029993945
"test","IDUA","ST-Net","her2+",0.0644060720373164,0.0196310887292485
"test","IER5L","ST-Net","her2+",0.213422645185759,0.184124103852177
"test","IFI27","ST-Net","her2+",0.177513383507421,0.130760411267987
"test","IFI27L1","ST-Net","her2+",0.0836404002987438,0.0206287625053014
"test","IFI44L","ST-Net","her2+",0.04242114598454,0.0337258607132157
"test","IGFBP2","ST-Net","her2+",0.176451032088549,0.117556219243006
"test","IGFBP4","ST-Net","her2+",0.147201883646715,0.147631242420216
"test","IGHA1","ST-Net","her2+",0.175457570481941,0.141762721192216
"test","IGHG3","ST-Net","her2+",0.235136882365894,0.158500023531258
"test","IGHG4","ST-Net","her2+",0.0730876061113179,0.0691487625262536
"test","IGHM","ST-Net","her2+",0.167849655252783,0.113804596451113
"test","IGKC","ST-Net","her2+",0.221664648027122,0.166047586257164
"test","IGLC2","ST-Net","her2+",0.173546962480993,0.139900012572456
"test","IGLC3","ST-Net","her2+",0.267900526468579,0.176885461773793
"test","IGLC7","ST-Net","her2+",0.0814305288129066,0.0362696279575587
"test","IKZF3","ST-Net","her2+",0.0617437216487888,0.0330126232642512
"test","IL10RA","ST-Net","her2+",0.173916026696888,0.0863389563121552
"test","ILKAP","ST-Net","her2+",0.103775453062423,0.0314512294545393
"test","INAFM1","ST-Net","her2+",0.0688369111899876,0.0470966789727316
"test","INPP4B","ST-Net","her2+",0.0721729550164063,0.0352889874610405
"test","INPP5D","ST-Net","her2+",0.108253431005292,0.0612623053435745
"test","INPP5J","ST-Net","her2+",0.100944939746508,0.0295557556839136
"test","INTS8","ST-Net","her2+",0.183677649122183,0.0941335553977148
"test","ISG15","ST-Net","her2+",0.0740460440528268,0.0677405823381484
"test","ISLR","ST-Net","her2+",0.103201182949819,0.0753716140069956
"test","ITGA5","ST-Net","her2+",0.0895018775726908,0.0437886729197921
"test","ITGB4","ST-Net","her2+",0.067304447305474,0.0473155843773474
"test","ITGB6","ST-Net","her2+",0.102903770114625,0.0499132635493417
"test","ITSN1","ST-Net","her2+",0.102496831686309,0.04239588419067
"test","JAG2","ST-Net","her2+",0.0633341188598266,0.0405433172339201
"test","JAK1","ST-Net","her2+",0.12108871454964,0.063656057236252
"test","JAK3","ST-Net","her2+",0.248004162977243,0.132526580655364
"test","JCHAIN","ST-Net","her2+",0.144587763468525,0.0825928390553985
"test","JMJD6","ST-Net","her2+",0.127533245272958,0.0665931157797578
"test","KAT6B","ST-Net","her2+",0.116190555827754,0.0599584679617638
"test","KATNA1","ST-Net","her2+",0.108127667144256,0.034801160997435
"test","KCNAB2","ST-Net","her2+",0.140273122531614,0.0553147430311622
"test","KCTD10","ST-Net","her2+",0.124856561980716,0.0828520508944376
"test","KDM4B","ST-Net","her2+",0.219992901273551,0.158019418860554
"test","KIAA0895L","ST-Net","her2+",0.147372571160013,0.0605720167693479
"test","KIAA1211L","ST-Net","her2+",0.0811333037498862,0.0386251222286434
"test","KIAA1217","ST-Net","her2+",0.101204350372367,0.0608593131748278
"test","KIAA1468","ST-Net","her2+",0.128526432044263,0.0508370208202847
"test","KIAA1715","ST-Net","her2+",0.113944151003181,0.0633117312952067
"test","KIF13B","ST-Net","her2+",0.0768243363800986,0.03797569761621
"test","KLF9","ST-Net","her2+",0.052692539600103,0.0256149160364681
"test","KMT2B","ST-Net","her2+",0.242423445104891,0.16995652649972
"test","KMT2E","ST-Net","her2+",0.0641902304741959,0.0395030722674768
"test","KPNB1","ST-Net","her2+",0.168294558385187,0.110868301188022
"test","KRAS","ST-Net","her2+",0.162789545760661,0.0730725876993334
"test","KRT10","ST-Net","her2+",0.180188327003891,0.097210826154295
"test","KRT17","ST-Net","her2+",0.0221859763522361,0.0126036248828322
"test","KRT8","ST-Net","her2+",0.2213055199894,0.138714315705985
"test","KRT86","ST-Net","her2+",0.122212552998485,0.0643247080922814
"test","LAMB2","ST-Net","her2+",0.143171875481824,0.0792340661782699
"test","LAMTOR2","ST-Net","her2+",0.205749055256575,0.137600306366155
"test","LANCL1","ST-Net","her2+",0.0888391692029221,0.0285513583790552
"test","LARP1B","ST-Net","her2+",0.0803364119239966,0.0291928183609607
"test","LARP7","ST-Net","her2+",0.0845688000099919,0.0338621967152409
"test","LCK","ST-Net","her2+",0.17473932271613,0.0784964058298111
"test","LCP1","ST-Net","her2+",0.112575624904805,0.087912804795977
"test","LGALS1","ST-Net","her2+",0.144011201036185,0.124210544793135
"test","LIMCH1","ST-Net","her2+",0.125219881980114,0.0544492031895836
"test","LIMK1","ST-Net","her2+",0.179769658056516,0.12882296053365
"test","LINC00176","ST-Net","her2+",0.124200485378361,0.06499186238833
"test","LINGO1","ST-Net","her2+",-0.0302806754461843,-0.0164595815114556
"test","LLGL1","ST-Net","her2+",0.088273942756968,0.0375955758729024
"test","LMF1","ST-Net","her2+",0.0710172415146041,0.0240585627311061
"test","LMNA","ST-Net","her2+",0.167796377015529,0.131755280709436
"test","LRRC8A","ST-Net","her2+",0.13457591920058,0.0706236676588614
"test","LRWD1","ST-Net","her2+",0.104728545322685,0.0375157519111576
"test","LST1","ST-Net","her2+",0.130887951073451,0.0674623205692153
"test","LTB4R","ST-Net","her2+",0.120999331146121,0.0631702534563115
"test","LTBP3","ST-Net","her2+",0.152183474296835,0.126206107234426
"test","LTF","ST-Net","her2+",0.0290756812162806,0.0212482608267884
"test","LUC7L","ST-Net","her2+",0.165894996413811,0.0919494764131035
"test","LUC7L3","ST-Net","her2+",0.159530825705181,0.135935361858332
"test","LUM","ST-Net","her2+",0.149526393385526,0.0896142864619323
"test","LYL1","ST-Net","her2+",0.118614810756639,0.0568220362539589
"test","MAGEF1","ST-Net","her2+",0.165295374378737,0.0921514271543735
"test","MAGI1","ST-Net","her2+",0.0729995444004355,0.0222066614855952
"test","MAGOHB","ST-Net","her2+",0.122889358052595,0.0525877189950281
"test","MAP1S","ST-Net","her2+",0.136341915037272,0.0596052483298904
"test","MAP3K14","ST-Net","her2+",0.0904466274644898,0.0377967054232658
"test","MAP3K6","ST-Net","her2+",0.106940791460906,0.0609104363264895
"test","MAP4K2","ST-Net","her2+",0.0547010497189482,0.0229775177862407
"test","MAPK9","ST-Net","her2+",0.120410207744108,0.0516485621856983
"test","MAPKAPK5","ST-Net","her2+",0.146852590829815,0.0763068596040018
"test","MARS","ST-Net","her2+",0.21088360408508,0.137807075942261
"test","MAVS","ST-Net","her2+",0.133974694558477,0.0855960169700974
"test","MCTS1","ST-Net","her2+",0.134419110201546,0.0708404072535202
"test","MED13L","ST-Net","her2+",0.117454879672793,0.0625234453546803
"test","MED25","ST-Net","her2+",0.173535127908312,0.12519438900963
"test","MEN1","ST-Net","her2+",0.107983470934501,0.0448323743042611
"test","METTL12","ST-Net","her2+",0.0837232974007683,0.0369360087632475
"test","METTL16","ST-Net","her2+",0.0915533322881263,0.0437069698924022
"test","MFAP4","ST-Net","her2+",0.090020472425282,0.0446329430945053
"test","MFSD3","ST-Net","her2+",0.0817233213524566,0.0374712402208559
"test","MFSD7","ST-Net","her2+",0.0757569143139522,0.0287517675668678
"test","MGMT","ST-Net","her2+",0.0927142678955251,0.0465934956638867
"test","MGP","ST-Net","her2+",0.0928977655943913,0.0766554712356427
"test","MIB2","ST-Net","her2+",0.101951330482679,0.0457148406357635
"test","MICAL1","ST-Net","her2+",0.16177187634252,0.0926253123554268
"test","MICALL2","ST-Net","her2+",0.128470082930614,0.0795352336969072
"test","MID1IP1","ST-Net","her2+",0.196644344459633,0.1188935651842
"test","MIF","ST-Net","her2+",0.106523593103293,0.0416730140343101
"test","MIIP","ST-Net","her2+",0.174143576071116,0.0896437924681705
"test","MKNK1","ST-Net","her2+",0.108162925000948,0.0549136768006054
"test","MLLT4","ST-Net","her2+",0.10145514542882,0.0507897792777147
"test","MLST8","ST-Net","her2+",0.20675854272874,0.146232138070679
"test","MMP9","ST-Net","her2+",0.187715369652529,0.0895360744465642
"test","MORC2","ST-Net","her2+",0.16155345326757,0.0953455305886015
"test","MPND","ST-Net","her2+",0.121466443355505,0.0593584365812269
"test","MPST","ST-Net","her2+",0.187811002990221,0.136007244273634
"test","MRPL2","ST-Net","her2+",0.0967439506098764,0.0438880340080634
"test","MRPL21","ST-Net","her2+",0.150035375863306,0.0849980833967822
"test","MRPL23","ST-Net","her2+",0.113855739416765,0.0542712466396773
"test","MRPL51","ST-Net","her2+",0.230213201169174,0.161166852149118
"test","MRPL54","ST-Net","her2+",0.104757502348453,0.0691101035555971
"test","MRPS22","ST-Net","her2+",0.146107503571044,0.0530856012560802
"test","MS4A6A","ST-Net","her2+",0.165445595088104,0.103374034735874
"test","MST1R","ST-Net","her2+",0.13208739025646,0.0609586719452483
"test","MTG2","ST-Net","her2+",0.155400741786722,0.0719996578801307
"test","MTMR12","ST-Net","her2+",0.13790854794611,0.0584455905444975
"test","MUC1","ST-Net","her2+",0.193409215496835,0.159726174035607
"test","MUCL1","ST-Net","her2+",0.246860994406855,0.160147731484024
"test","MUS81","ST-Net","her2+",0.172281301417415,0.114174006422346
"test","MVP","ST-Net","her2+",0.178213734807517,0.151887683341745
"test","MX2","ST-Net","her2+",0.0816872805090623,0.0285612636137717
"test","MYH10","ST-Net","her2+",0.0734797806244062,0.0344245304174446
"test","MYL12B","ST-Net","her2+",0.265452860588066,0.215064807293109
"test","MYL6B","ST-Net","her2+",0.110260162960286,0.0590374753814755
"test","MYL9","ST-Net","her2+",0.130742773422647,0.117177769059147
"test","MYO1G","ST-Net","her2+",0.125129331467149,0.0517464642568676
"test","MYO9B","ST-Net","her2+",0.202751332202804,0.123575297810602
"test","MZT2A","ST-Net","her2+",0.169720167729485,0.153557443378798
"test","NAA10","ST-Net","her2+",0.19799646663971,0.131283740489052
"test","NANS","ST-Net","her2+",0.166527362513844,0.105232096639428
"test","NCKAP1L","ST-Net","her2+",0.0822079342922796,0.0436768348454063
"test","NCKAP5L","ST-Net","her2+",0.0743379355336074,0.018594815191369
"test","NDRG1","ST-Net","her2+",0.130070676476247,0.0846411311932056
"test","NDUFA1","ST-Net","her2+",0.192640568218554,0.138095382101494
"test","NDUFA12","ST-Net","her2+",0.188775774854494,0.0861368688763643
"test","NDUFB2","ST-Net","her2+",0.224257030058113,0.15982699984431
"test","NDUFB3","ST-Net","her2+",0.190113249461827,0.0993482728800966
"test","NDUFB9","ST-Net","her2+",0.255531989285786,0.211604885413599
"test","NDUFC1","ST-Net","her2+",0.200821472162092,0.106610883303644
"test","NDUFS1","ST-Net","her2+",0.202862739771117,0.117040897930437
"test","NDUFV3","ST-Net","her2+",0.161281878137439,0.0779636909473775
"test","NEBL","ST-Net","her2+",0.150363025679425,0.0824587318094299
"test","NEK7","ST-Net","her2+",0.120356818104735,0.055220305849693
"test","NELFE","ST-Net","her2+",0.131958599445884,0.0860196477568705
"test","NFATC4","ST-Net","her2+",0.128438432341855,0.0785350971483414
"test","NFIC","ST-Net","her2+",0.20955729141779,0.178965099760368
"test","NINJ1","ST-Net","her2+",0.194818704616659,0.131627186323772
"test","NIT2","ST-Net","her2+",0.166828986744947,0.080361965287228
"test","NMRAL1","ST-Net","her2+",0.185830980271997,0.139946843160429
"test","NR1H2","ST-Net","her2+",0.125106433698973,0.0888492116333892
"test","NR4A1","ST-Net","her2+",0.122690834370353,0.0738928717411246
"test","NRP1","ST-Net","her2+",0.0846339336385185,0.0432184315413351
"test","NSMCE1","ST-Net","her2+",0.137373062365222,0.0813415781517832
"test","NTMT1","ST-Net","her2+",0.0968056883659001,0.0429374941116735
"test","NUP214","ST-Net","her2+",0.13686254232169,0.0595780226873424
"test","NUP93","ST-Net","her2+",0.141750011464795,0.0679549657751047
"test","NXN","ST-Net","her2+",0.0688723104395848,0.0290269557954146
"test","OASL","ST-Net","her2+",0.0194809322567854,0.0216763794212699
"test","OGFRL1","ST-Net","her2+",0.113334117699866,0.0494742129306393
"test","OPTN","ST-Net","her2+",0.0940617169916332,0.0625892264845266
"test","ORC2","ST-Net","her2+",0.106683400192088,0.0374034144340246
"test","OSBPL8","ST-Net","her2+",0.0873781815179275,0.0326012256654087
"test","P4HA2","ST-Net","her2+",0.0434033128011958,0.016078184106272
"test","PAF1","ST-Net","her2+",0.0966567762767349,0.0510068238939521
"test","PAFAH1B3","ST-Net","her2+",0.146249698254752,0.0927893015816881
"test","PAQR4","ST-Net","her2+",0.195275156481967,0.137105012899649
"test","PARN","ST-Net","her2+",0.0998231976446227,0.0359988472378129
"test","PCCB","ST-Net","her2+",0.186700879479505,0.0931811485257723
"test","PCIF1","ST-Net","her2+",0.0857458344026364,0.0524662718580191
"test","PDCD5","ST-Net","her2+",0.158467386231774,0.0782447855048865
"test","PDGFRA","ST-Net","her2+",0.0408035577789602,0.0260715193378769
"test","PDGFRB","ST-Net","her2+",0.120797444407733,0.0680854976964006
"test","PER1","ST-Net","her2+",0.0500026103030365,0.0341441386210669
"test","PEX11G","ST-Net","her2+",0.0762783173872947,0.0259888231966704
"test","PEX14","ST-Net","her2+",0.0547791978787312,0.0237418232420885
"test","PGLS","ST-Net","her2+",0.203756648387772,0.146783084261687
"test","PHF11","ST-Net","her2+",0.0921190934276507,0.0367691658173518
"test","PHF13","ST-Net","her2+",0.102076562801058,0.0354563851249181
"test","PHF21A","ST-Net","her2+",0.0969414576750843,0.0452206314326737
"test","PHKB","ST-Net","her2+",0.116681785635432,0.0711480883905662
"test","PIGQ","ST-Net","her2+",0.204215975409955,0.150198457586156
"test","PIH1D1","ST-Net","her2+",0.134523815320272,0.0857699851089575
"test","PILRA","ST-Net","her2+",0.059634130709238,0.0223267164617358
"test","PIM2","ST-Net","her2+",0.200276238927054,0.0935287001428169
"test","PITX1","ST-Net","her2+",0.0718377104268555,0.0428533307369098
"test","PKNOX1","ST-Net","her2+",0.0931032830229171,0.0318194586345468
"test","PLAC9","ST-Net","her2+",0.0240612822395389,0.00882879705962807
"test","PLEKHO2","ST-Net","her2+",0.124590245691422,0.0729163336078415
"test","PLIN2","ST-Net","her2+",0.0858672236872619,0.023384085800432
"test","PLK1","ST-Net","her2+",0.195286758324071,0.0867435225099605
"test","PLK2","ST-Net","her2+",0.138758126611561,0.0721935051526961
"test","PLLP","ST-Net","her2+",0.129789190148514,0.065749399602708
"test","PLP2","ST-Net","her2+",0.153632155057716,0.0984246736505241
"test","PLPPR2","ST-Net","her2+",0.169133526030041,0.114855615171994
"test","PLSCR1","ST-Net","her2+",0.0898551254249896,0.0497631529698878
"test","PLTP","ST-Net","her2+",0.16868456380177,0.111985305247756
"test","PLVAP","ST-Net","her2+",0.114555777716692,0.0624548588050233
"test","PLXNA1","ST-Net","her2+",0.172929438192837,0.105319832354412
"test","PLXND1","ST-Net","her2+",0.216963974553828,0.153634672896291
"test","PMP22","ST-Net","her2+",0.0874457555741716,0.0599201735203901
"test","PNISR","ST-Net","her2+",0.0896799675159612,0.0741289785887973
"test","PNMT","ST-Net","her2+",0.122955969040807,0.103692952092393
"test","PNP","ST-Net","her2+",0.145869412912834,0.0550479511476456
"test","PNPLA6","ST-Net","her2+",0.146531351237169,0.0791387422301707
"test","PODNL1","ST-Net","her2+",0.0330722890590523,0.0182866690812612
"test","PODXL","ST-Net","her2+",0.129483471064468,0.0614662601246241
"test","POLR2E","ST-Net","her2+",0.183856919738352,0.135090907918729
"test","POLR2J","ST-Net","her2+",0.194795846424787,0.139728148418978
"test","POR","ST-Net","her2+",0.217424855269337,0.136515663507495
"test","POSTN","ST-Net","her2+",0.16729689066124,0.0982733007503336
"test","PPHLN1","ST-Net","her2+",0.176694351190611,0.0930596280086118
"test","PPIB","ST-Net","her2+",0.126096688195357,0.0972286540096858
"test","PPIH","ST-Net","her2+",0.182965907348355,0.0837534708129213
"test","PPM1G","ST-Net","her2+",0.19636545656722,0.12475922004116
"test","PPP1R1A","ST-Net","her2+",0.0945455587614048,0.0566708145903538
"test","PPP1R1B","ST-Net","her2+",0.112321521338903,0.130936157371301
"test","PPP1R37","ST-Net","her2+",0.1632079941805,0.105219236509268
"test","PRKAB1","ST-Net","her2+",0.149737954151164,0.105213839023946
"test","PRKCSH","ST-Net","her2+",0.257795252921089,0.210551793480773
"test","PROSER1","ST-Net","her2+",0.170897490159954,0.0772795885423752
"test","PRPF6","ST-Net","her2+",0.16179150294405,0.102037037507966
"test","PRPSAP1","ST-Net","her2+",0.105185428324771,0.0463619742342889
"test","PSCA","ST-Net","her2+",0.0305886162156915,0.00849125583415684
"test","PSMD4","ST-Net","her2+",0.168281398828763,0.093706000189599
"test","PSTPIP1","ST-Net","her2+",0.16011382646378,0.0691766330468984
"test","PTGDS","ST-Net","her2+",0.255977598952221,0.150712881580628
"test","PTOV1","ST-Net","her2+",0.221511792942303,0.179843606795703
"test","PTP4A3","ST-Net","her2+",0.101102956473234,0.0518289482267324
"test","PTPRC","ST-Net","her2+",0.177644915716538,0.110141058940214
"test","PTPRJ","ST-Net","her2+",0.0877282872760195,0.052941343911874
"test","PTRF","ST-Net","her2+",0.0954304957232848,0.0854001205061182
"test","PTRH1","ST-Net","her2+",0.0554491920487509,0.0212404703120143
"test","PUS3","ST-Net","her2+",0.0513944775932588,0.0181978586144466
"test","PWP1","ST-Net","her2+",0.142013475948772,0.0726381619553166
"test","PWWP2B","ST-Net","her2+",0.160204944283609,0.12522788892968
"test","PXDN","ST-Net","her2+",0.223372790095632,0.152215796485165
"test","PYURF","ST-Net","her2+",0.0963922571456019,0.054239428253366
"test","QSOX1","ST-Net","her2+",0.160329988668459,0.143346710370331
"test","R3HDM2","ST-Net","her2+",0.146485792055757,0.0665925536749608
"test","RAB11FIP1","ST-Net","her2+",0.0731916822352905,0.0503804140917086
"test","RAB3A","ST-Net","her2+",0.0792140439593586,0.0274069798480777
"test","RAB3GAP1","ST-Net","her2+",0.171381967925822,0.103150172334885
"test","RAB3IL1","ST-Net","her2+",0.0325013483370465,0.0171712337611629
"test","RABGAP1L","ST-Net","her2+",0.107262454169019,0.0488604034448709
"test","RALBP1","ST-Net","her2+",0.0881133519086334,0.0365862239565522
"test","RALGAPA2","ST-Net","her2+",0.102455694866285,0.0408670862945137
"test","RAMP2","ST-Net","her2+",0.048381052169634,0.0238947914074445
"test","RAP1B","ST-Net","her2+",0.0556578661601158,0.020692791466317
"test","RARS2","ST-Net","her2+",0.0936694614142666,0.0343861426627572
"test","RASA2","ST-Net","her2+",0.0762341079358228,0.0314186774164363
"test","RASGRP2","ST-Net","her2+",0.15699950370656,0.0512885932033925
"test","RASSF3","ST-Net","her2+",0.0718330206014241,0.0391311174191539
"test","RBL1","ST-Net","her2+",0.148981553124,0.0526853857752701
"test","RBM42","ST-Net","her2+",0.193369869472889,0.136172984993936
"test","RECQL4","ST-Net","her2+",0.134060668274484,0.0576654170181089
"test","RECQL5","ST-Net","her2+",0.122431997653522,0.0545619885421635
"test","REEP6","ST-Net","her2+",0.0914494146897364,0.0479209408327728
"test","RGS1","ST-Net","her2+",0.116155174960006,0.0493289732736256
"test","RHOB","ST-Net","her2+",0.209702597086592,0.157903566024385
"test","RIOK1","ST-Net","her2+",0.0777593570809787,0.0385439283504161
"test","RMND1","ST-Net","her2+",0.0876925732982878,0.0345213602628021
"test","RNASET2","ST-Net","her2+",0.19359906513431,0.156548658200785
"test","RND3","ST-Net","her2+",0.104731210113307,0.040177855910275
"test","RNF135","ST-Net","her2+",0.146926396863541,0.0520742264376665
"test","RNF170","ST-Net","her2+",0.0515133358974979,0.0251511647486984
"test","RRAS","ST-Net","her2+",0.0651471354887534,0.0437766677964368
"test","RSL1D1","ST-Net","her2+",0.205063797176811,0.165892720300742
"test","RSRP1","ST-Net","her2+",0.122730173060088,0.0690577883407716
"test","RUVBL1","ST-Net","her2+",0.155539580137512,0.0731429350958683
"test","S100A14","ST-Net","her2+",0.0339837101505275,0.062181283643021
"test","S100A9","ST-Net","her2+",0.0527639675559809,0.05932656719866
"test","SAMM50","ST-Net","her2+",0.157885266502421,0.0896879836758421
"test","SASH1","ST-Net","her2+",0.0825989715694584,0.0433222852787509
"test","SAT1","ST-Net","her2+",0.174969597430409,0.142735606682423
"test","SCAF1","ST-Net","her2+",0.127182579108302,0.0825278565594329
"test","SCD","ST-Net","her2+",0.312799607281172,0.207320060265427
"test","SCNN1D","ST-Net","her2+",0.0994765565719501,0.0321381449443725
"test","SCX","ST-Net","her2+",0.1311535914094,0.0456992490822846
"test","SDHB","ST-Net","her2+",0.149324452692008,0.0656549370226541
"test","SEC14L2","ST-Net","her2+",0.121500102434402,0.0580796693245589
"test","SEC23A","ST-Net","her2+",0.0944581390304856,0.0339174119301167
"test","SEMA3B","ST-Net","her2+",0.0933069873097622,0.0721260802755733
"test","SEMA4B","ST-Net","her2+",0.19859038664312,0.117161092913093
"test","SF3B4","ST-Net","her2+",0.162547775323783,0.104744458597145
"test","SFSWAP","ST-Net","her2+",0.134345289359732,0.0773601049493029
"test","SGTA","ST-Net","her2+",0.214467020090261,0.180181893232006
"test","SH3BP5L","ST-Net","her2+",0.121484528928749,0.0573478719820422
"test","SIGLEC1","ST-Net","her2+",0.0838519985482077,0.0317236876742204
"test","SIGMAR1","ST-Net","her2+",0.158296300901969,0.0787865257033894
"test","SLC16A2","ST-Net","her2+",0.0410999371221276,0.00972152140932819
"test","SLC16A3","ST-Net","her2+",0.216233986048957,0.132338482309307
"test","SLC22A18","ST-Net","her2+",0.102457346873315,0.0420867133968155
"test","SLC25A24","ST-Net","her2+",0.14583224733605,0.0709341469906653
"test","SLC2A1","ST-Net","her2+",0.176016206393119,0.0861501600910707
"test","SLC2A8","ST-Net","her2+",0.0577050449027577,0.0171210172303079
"test","SLC35A2","ST-Net","her2+",0.210710926313224,0.12720746599095
"test","SLC43A1","ST-Net","her2+",0.0838904943621264,0.0423088946550484
"test","SLC4A5","ST-Net","her2+",0.126164250784539,0.0587335646194638
"test","SLC8B1","ST-Net","her2+",0.113564768455742,0.056258936684402
"test","SLC9A3R2","ST-Net","her2+",0.15189867936197,0.0977073417053032
"test","SLC9A8","ST-Net","her2+",0.110919411908726,0.039722158626698
"test","SLFN13","ST-Net","her2+",0.101779451861709,0.0287142932389251
"test","SLPI","ST-Net","her2+",0.048436019464364,0.0211214603676982
"test","SMCHD1","ST-Net","her2+",0.128853121547988,0.0857475369846229
"test","SMG9","ST-Net","her2+",0.17562499932375,0.0972744211520406
"test","SMYD2","ST-Net","her2+",0.0920440027270698,0.0412857577016919
"test","SNAPC3","ST-Net","her2+",0.0914082294174595,0.0276025027297533
"test","SNF8","ST-Net","her2+",0.178406419552631,0.135954611611843
"test","SNRPD3","ST-Net","her2+",0.205887467558286,0.104184160987974
"test","SNTA1","ST-Net","her2+",0.0710321924100653,0.0246828949904703
"test","SNX33","ST-Net","her2+",0.0996594263352692,0.0398758274407753
"test","SNX8","ST-Net","her2+",0.110240437893597,0.061313232117213
"test","SOD3","ST-Net","her2+",0.0865561170763701,0.050100816517916
"test","SOS2","ST-Net","her2+",0.081302279923203,0.0274417470385955
"test","SOX4","ST-Net","her2+",0.162495594619351,0.147471463240569
"test","SP6","ST-Net","her2+",0.0501786240215298,0.0141509017222667
"test","SPAG9","ST-Net","her2+",0.106927193838821,0.0679501943795673
"test","SPARC","ST-Net","her2+",0.161677876647671,0.101375763667177
"test","SPIN1","ST-Net","her2+",0.150246415067368,0.086025297908345
"test","SPSB1","ST-Net","her2+",0.076582162581745,0.031464360618729
"test","SRGN","ST-Net","her2+",0.1879450625216,0.123594730962014
"test","SRPX2","ST-Net","her2+",0.0495441189420562,0.0180472875706627
"test","SRR","ST-Net","her2+",0.0982370787891671,0.0422723000415752
"test","SRRT","ST-Net","her2+",0.20692304029408,0.131316497928942
"test","SRSF1","ST-Net","her2+",0.227138633786662,0.169288641596341
"test","SRSF5","ST-Net","her2+",0.228806972025241,0.189685590291472
"test","SSSCA1","ST-Net","her2+",0.106170229720681,0.0572747930428394
"test","STAMBP","ST-Net","her2+",0.131843048836198,0.0591814260071326
"test","STAT5A","ST-Net","her2+",0.0860340198242641,0.0493497370189205
"test","STK17A","ST-Net","her2+",0.127012280494729,0.0629865395623335
"test","STK4","ST-Net","her2+",0.113084131556598,0.0504687739755201
"test","STMN1","ST-Net","her2+",0.220642161946996,0.169823524323616
"test","STRN3","ST-Net","her2+",0.112719212109283,0.0486945359019127
"test","STT3A","ST-Net","her2+",0.128109216374199,0.0684292576836901
"test","SUGP1","ST-Net","her2+",0.0959318302746355,0.0218198475024384
"test","SURF1","ST-Net","her2+",0.0696061888587021,0.0375654022586099
"test","SVIL","ST-Net","her2+",0.0390826087982642,0.0229694593140007
"test","SYDE1","ST-Net","her2+",0.0642892939474304,0.0273935540232577
"test","SYK","ST-Net","her2+",0.124824189369971,0.0556108594004406
"test","TACC3","ST-Net","her2+",0.167196388332933,0.0764516858642728
"test","TANC2","ST-Net","her2+",0.105523183061378,0.0538814563977809
"test","TARBP1","ST-Net","her2+",0.144330124855809,0.0620451687751198
"test","TAX1BP1","ST-Net","her2+",0.14902148031587,0.104665970920364
"test","TAX1BP3","ST-Net","her2+",0.137401122983269,0.0827376515881811
"test","TBC1D10A","ST-Net","her2+",0.144754020043683,0.0798736546014608
"test","TBC1D23","ST-Net","her2+",0.164436741282237,0.068852879811724
"test","TBCA","ST-Net","her2+",0.140852557446475,0.0551986551174065
"test","TBXAS1","ST-Net","her2+",0.0797293820554259,0.032639619872256
"test","TCEA2","ST-Net","her2+",0.0969107361206772,0.0434844314589797
"test","TCEA3","ST-Net","her2+",0.133948540509444,0.0811959488657556
"test","TCF25","ST-Net","her2+",0.172868858701703,0.149396929111746
"test","TDRD3","ST-Net","her2+",0.0891699013517722,0.0263903350677805
"test","TESK1","ST-Net","her2+",0.146506815200618,0.105549142025721
"test","TESMIN","ST-Net","her2+",0.139515470029573,0.0561316889063204
"test","TEX10","ST-Net","her2+",0.0656930332020136,0.0313175369105521
"test","TEX2","ST-Net","her2+",0.161896978377613,0.107050645963979
"test","TFF3","ST-Net","her2+",0.126607453217779,0.121398313956563
"test","TGFBR2","ST-Net","her2+",0.0996491947998527,0.0489369113611892
"test","THBS1","ST-Net","her2+",0.114360816009473,0.0783355410944445
"test","THOC5","ST-Net","her2+",0.0781001622106451,0.0278504533074542
"test","THOC6","ST-Net","her2+",0.0966623274181692,0.0483351888468269
"test","TIGD5","ST-Net","her2+",0.10928036927147,0.0524725806765985
"test","TIMP1","ST-Net","her2+",0.271991415652142,0.220876563823604
"test","TJP3","ST-Net","her2+",0.128392319299932,0.0573069575842513
"test","TM7SF2","ST-Net","her2+",0.184768533481088,0.134117841845434
"test","TMBIM6","ST-Net","her2+",0.245580354169257,0.204661123877939
"test","TMEM101","ST-Net","her2+",0.0794706999728396,0.0344084119892621
"test","TMEM123","ST-Net","her2+",0.212741579281165,0.154907681330256
"test","TMEM14B","ST-Net","her2+",0.184022453527396,0.116685666798682
"test","TMEM160","ST-Net","her2+",0.152625116555089,0.109024565904651
"test","TMEM184A","ST-Net","her2+",0.182337561307219,0.105980840396155
"test","TMEM259","ST-Net","her2+",0.217696367927424,0.193557479225882
"test","TMEM86A","ST-Net","her2+",0.14518214499062,0.093728182173981
"test","TMX1","ST-Net","her2+",0.146083757499277,0.0889513733104913
"test","TNC","ST-Net","her2+",0.13313140530896,0.0868859557922913
"test","TNFRSF14","ST-Net","her2+",0.131828508641188,0.085095383598285
"test","TNFRSF21","ST-Net","her2+",0.0300716415539141,0.0173348368669912
"test","TNFRSF4","ST-Net","her2+",0.122727238200673,0.0526673677696783
"test","TNNT1","ST-Net","her2+",0.108154165320185,0.0671765306893339
"test","TOM1L2","ST-Net","her2+",0.144282469562329,0.0724039296633369
"test","TP53I3","ST-Net","her2+",0.0709086818272599,0.0381422350613572
"test","TPM2","ST-Net","her2+",0.117096364847735,0.0804811344510712
"test","TRAC","ST-Net","her2+",0.237528781675699,0.127568340743352
"test","TRAF5","ST-Net","her2+",0.0530160138079902,0.0305962616041255
"test","TRAP1","ST-Net","her2+",0.167048606848055,0.112383743676089
"test","TRAPPC4","ST-Net","her2+",0.156257304044169,0.095039426243758
"test","TRIM14","ST-Net","her2+",0.140076787424163,0.0741092100340504
"test","TRIM22","ST-Net","her2+",0.0884876352773809,0.0495099846029061
"test","TRIM25","ST-Net","her2+",0.123460614892993,0.0818644949051787
"test","TRIM47","ST-Net","her2+",0.111172757139714,0.0498783945574823
"test","TSPAN33","ST-Net","her2+",0.0728677357638579,0.0302286207532529
"test","TSR2","ST-Net","her2+",0.0858725911228571,0.0375800015712147
"test","TTC31","ST-Net","her2+",0.0910186797454965,0.0407415745540924
"test","TTI1","ST-Net","her2+",0.111955779827425,0.0452459693548918
"test","TXN2","ST-Net","her2+",0.186497350327258,0.141748659988296
"test","TXNDC17","ST-Net","her2+",0.21634925755526,0.124705370635751
"test","TXNRD2","ST-Net","her2+",0.179091679066342,0.112092135205278
"test","TYROBP","ST-Net","her2+",0.197804599786894,0.128733367460883
"test","UBA52","ST-Net","her2+",0.28988532911925,0.252176246632199
"test","UBA6","ST-Net","her2+",0.170485568117987,0.0955819139304695
"test","UBAP2L","ST-Net","her2+",0.233003194980966,0.152297987144572
"test","UBE2W","ST-Net","her2+",0.14362272646775,0.0545118550441527
"test","UBL7","ST-Net","her2+",0.129208924117392,0.0660847687081929
"test","UBR2","ST-Net","her2+",0.121961905573602,0.0517151989044496
"test","UBXN1","ST-Net","her2+",0.141980206155161,0.0938491521162062
"test","UCK1","ST-Net","her2+",0.160299510526359,0.0757657448803174
"test","UFD1L","ST-Net","her2+",0.195129452623964,0.116299946645068
"test","UQCRC1","ST-Net","her2+",0.175673113473248,0.135876741271768
"test","UXS1","ST-Net","her2+",0.117442868153667,0.0596027473584484
"test","UXT","ST-Net","her2+",0.124087046907474,0.0648902635819852
"test","VARS","ST-Net","her2+",0.177550198232053,0.124200879877323
"test","VAV1","ST-Net","her2+",0.141132580303926,0.0606795559298175
"test","VCAM1","ST-Net","her2+",0.113613159178313,0.0586399002877113
"test","VEGFB","ST-Net","her2+",0.111636241137215,0.0746930620092855
"test","VIM","ST-Net","her2+",0.21280489825142,0.149718548335047
"test","VPS13D","ST-Net","her2+",0.128433505205905,0.0581111012959123
"test","VPS45","ST-Net","her2+",0.124636373389039,0.0511215570149899
"test","VWF","ST-Net","her2+",0.121884028456584,0.0710598583847251
"test","WDFY3","ST-Net","her2+",0.100488528086484,0.0430019033760167
"test","WDR13","ST-Net","her2+",0.174609995767319,0.109270731501098
"test","WDR34","ST-Net","her2+",0.243978336826798,0.191582964574032
"test","WDR46","ST-Net","her2+",0.246971889635121,0.18178003665975
"test","WDR73","ST-Net","her2+",0.126313934994097,0.0613212509733044
"test","WDR74","ST-Net","her2+",0.15306594836552,0.108437240495149
"test","WIPF1","ST-Net","her2+",0.215264659702041,0.132838092464653
"test","XAB2","ST-Net","her2+",0.133565156169502,0.0855315085284516
"test","XIAP","ST-Net","her2+",0.0707154387149139,0.0432839509216936
"test","XPO6","ST-Net","her2+",0.179268498729573,0.114786197190859
"test","YIPF4","ST-Net","her2+",0.162751964212055,0.10460010629009
"test","YTHDC1","ST-Net","her2+",0.123402813179307,0.0808253541721387
"test","ZDHHC12","ST-Net","her2+",0.198505819493475,0.160171029108767
"test","ZFAND3","ST-Net","her2+",0.178878520445923,0.100636511369574
"test","ZFP36","ST-Net","her2+",0.121790062476718,0.0815571737063356
"test","ZFPL1","ST-Net","her2+",0.14044522288098,0.0755236259782685
"test","ZFR","ST-Net","her2+",0.118621171517801,0.0683976243848412
"test","ZG16B","ST-Net","her2+",0.10008111918661,0.0710051120338329
"test","ZMAT5","ST-Net","her2+",0.152678395207062,0.0922798974322208
"test","ZMYND19","ST-Net","her2+",0.239159676995962,0.136485858893071
"test","ZMYND8","ST-Net","her2+",0.128006157457682,0.089845122202809
"test","ZNF217","ST-Net","her2+",0.172342378022805,0.0939976149729309
"test","ZNF337","ST-Net","her2+",0.128298094915932,0.0601183308284717
"test","ZNF33B","ST-Net","her2+",0.0935043217011448,0.0328529382336386
"test","ZNF362","ST-Net","her2+",0.0708953773932986,0.0369557304912417
"test","ZNF524","ST-Net","her2+",0.0974320906361602,0.0528084506526844
"test","ZNF592","ST-Net","her2+",0.0838013706387311,0.0335993351345958
"test","ZNF644","ST-Net","her2+",0.139355382784507,0.0645384792081744
"test","ZNF668","ST-Net","her2+",0.160276362692869,0.0764956766006962
"test","ZNF771","ST-Net","her2+",0.0963411618289646,0.0514822556406988
"test","ZNF787","ST-Net","her2+",0.16039804485388,0.110415064701225
"test","ZNF791","ST-Net","her2+",0.0693623002156608,0.03969902328511
"test","ZNF83","ST-Net","her2+",0.121810253814159,0.0605842990115853
"test","ZNF91","ST-Net","her2+",0.114041359574355,0.0548121905024392
"test","ZNRF1","ST-Net","her2+",0.137096134768992,0.0582922790993893
"test","ZSWIM8","ST-Net","her2+",0.168047269481537,0.112330320989779
"test","A2M","GHIST","her2+",0.205145714037598,0.196422689229653
"test","AAMDC","GHIST","her2+",0.0918608267176649,0.0422302573327031
"test","ABCA3","GHIST","her2+",NA,0.00660478408401292
"test","ABCA7","GHIST","her2+",NA,0.00661196333181123
"test","ABCF3","GHIST","her2+",0.172463509125983,0.0736592722727488
"test","ABHD14A","GHIST","her2+",0.111711725600903,0.021478284317444
"test","ABHD4","GHIST","her2+",0.0457995745693911,0.011468653073816
"test","ACAA1","GHIST","her2+",0.162928366431275,0.127185004270858
"test","ACER3","GHIST","her2+",0.00058336153816678,0.0057790952713958
"test","ADAM15","GHIST","her2+",0.170200240920258,0.162159660707629
"test","ADCY3","GHIST","her2+",NA,0.00566545628512663
"test","ADI1","GHIST","her2+",0.239653549278996,0.223691259031872
"test","AEBP1","GHIST","her2+",0.213535502545873,0.202488615279906
"test","AES","GHIST","her2+",0.279548136501445,0.276962689837844
"test","AGAP2","GHIST","her2+",NA,0.00585021411158978
"test","AGO2","GHIST","her2+",0.19236895760052,0.0351070634098779
"test","AGPAT2","GHIST","her2+",0.23943598904006,0.214440439461198
"test","AGR2","GHIST","her2+",0.176013800159853,0.146927605045273
"test","AHCY","GHIST","her2+",0.188429652057958,0.175854036676584
"test","AKAP9","GHIST","her2+",0.13009111137585,0.116906978320618
"test","AKR1A1","GHIST","her2+",0.22773001832901,0.2087893954974
"test","AKT1S1","GHIST","her2+",0.213668468904657,0.201394798891217
"test","ALDH16A1","GHIST","her2+",0.141787741790766,0.121927205050788
"test","ALG3","GHIST","her2+",0.190566323754728,0.153872925215454
"test","ANGPTL4","GHIST","her2+",-0.00994711552216523,0.00486372352902059
"test","ANKLE2","GHIST","her2+",0.185834882880522,0.1612597053956
"test","ANKRD12","GHIST","her2+",0.12526484179687,0.10295058042342
"test","ANKRD28","GHIST","her2+",0.141004073875086,0.0727368147576979
"test","ANO10","GHIST","her2+",NA,0.0061494797881035
"test","AP5B1","GHIST","her2+",NA,0.00556334435706345
"test","AP5Z1","GHIST","her2+",0.137995083202387,0.048222440501322
"test","APBA2","GHIST","her2+",-0.0128586298361452,0.00653455442049248
"test","APBB2","GHIST","her2+",NA,0.0060186766580608
"test","APOBEC3G","GHIST","her2+",0.128700840502871,0.0686690120132688
"test","APOC1","GHIST","her2+",0.218925564765382,0.165739928786234
"test","AQP1","GHIST","her2+",0.0597580022669141,0.0511249831494465
"test","ARF5","GHIST","her2+",0.0712898294709757,0.0443878695817866
"test","ARF6","GHIST","her2+",0.225915792692991,0.201800814131701
"test","ARFGEF2","GHIST","her2+",0.0170285386204493,0.0137107870188984
"test","ARHGAP10","GHIST","her2+",NA,0.00623107504315598
"test","ARHGAP4","GHIST","her2+",0.0943922139272749,0.0538833966174603
"test","ARHGAP45","GHIST","her2+",0.135009671449717,0.0561399413807913
"test","ARHGAP5","GHIST","her2+",0.107398105916943,0.0385950555853911
"test","ARHGEF10L","GHIST","her2+",-0.0165239004650177,0.00641178244605629
"test","ARHGEF3","GHIST","her2+",0.194442849387677,0.0690041119352368
"test","ARHGEF40","GHIST","her2+",-0.00920081774467314,0.00609356009062207
"test","ARID1B","GHIST","her2+",0.0405867702559072,0.026008593493246
"test","ARID3A","GHIST","her2+",NA,0.00615615836442367
"test","ARID4A","GHIST","her2+",0.056568641542802,0.0210986544900414
"test","ARID5A","GHIST","her2+",0.155349448101162,0.134636520292006
"test","ARID5B","GHIST","her2+",0.11954502789071,0.097728825757837
"test","ARNT","GHIST","her2+",NA,0.00653216929454559
"test","ASCL2","GHIST","her2+",0.096616059100276,0.0217803908917437
"test","ASH2L","GHIST","her2+",0.269271971279946,0.0578664331462287
"test","ASL","GHIST","her2+",0.127866953673269,0.0699263030289237
"test","ASMTL","GHIST","her2+",0.0924790993861137,0.0564983217417927
"test","ASNA1","GHIST","her2+",0.248846262156773,0.233172413045766
"test","ASNS","GHIST","her2+",NA,0.00648842284154056
"test","ATAD1","GHIST","her2+",0.147683935070102,0.0587805300972183
"test","ATF6B","GHIST","her2+",0.141735145942038,0.0628612522925388
"test","ATG12","GHIST","her2+",0.16923860329717,0.11011396155674
"test","ATG16L2","GHIST","her2+",NA,0.0060876304847123
"test","ATL2","GHIST","her2+",NA,0.00627821413630791
"test","ATP5H","GHIST","her2+",0.224677287564619,0.204404852302427
"test","ATP5O","GHIST","her2+",0.242286370143653,0.227140735645485
"test","ATP6AP1","GHIST","her2+",0.300814607582645,0.284264659849816
"test","ATP6V0D1","GHIST","her2+",0.172096682290029,0.145098485110269
"test","AURKAIP1","GHIST","her2+",0.198369659486324,0.182462515673915
"test","AVEN","GHIST","her2+",NA,0.00601175469600808
"test","BABAM1","GHIST","her2+",0.216351627433728,0.197633242726184
"test","BAD","GHIST","her2+",0.217686675577056,0.206080667502549
"test","BAIAP3","GHIST","her2+",0.0271906802401325,0.0191249804720929
"test","BCAM","GHIST","her2+",0.208107647603756,0.185854772079021
"test","BCL2L12","GHIST","her2+",0.142904735334911,0.0478686121596169
"test","BGN","GHIST","her2+",0.219062849416099,0.202321007333968
"test","BICDL1","GHIST","her2+",0.14430318300982,0.0588540828703111
"test","BIN3","GHIST","her2+",0.163223588707183,0.0663113066565257
"test","BIRC2","GHIST","her2+",0.135747481106059,0.0874481421776558
"test","BOK","GHIST","her2+",0.13715399098661,0.0868156888151838
"test","BOLA3","GHIST","her2+",0.126017431555374,0.0894945395170594
"test","BRD9","GHIST","her2+",0.206777731757067,0.134557764841
"test","BRF1","GHIST","her2+",0.191388322765656,0.12130501917853
"test","BRF2","GHIST","her2+",0.256103495196371,0.0620846865303825
"test","BRK1","GHIST","her2+",0.176496342109688,0.161239541807379
"test","BRPF1","GHIST","her2+",NA,0.00586382118877582
"test","BSG","GHIST","her2+",0.283073240560296,0.273594838183191
"test","BST2","GHIST","her2+",0.16856139035503,0.165424690087864
"test","BTG1","GHIST","her2+",0.243968424260645,0.231478284769137
"test","C10orf10","GHIST","her2+",0.0683108734359098,0.035578416144055
"test","C10orf54","GHIST","her2+",0.156710269595422,0.124003427660622
"test","C12orf45","GHIST","her2+",0.147242790473792,0.0810708006846633
"test","C15orf61","GHIST","her2+",0.0544482928643949,0.0405169579794517
"test","C19orf24","GHIST","her2+",0.147332211545068,0.128591824818407
"test","C19orf52","GHIST","her2+",0.155592253005931,0.0389649953831599
"test","C19orf60","GHIST","her2+",0.126286052757668,0.105552053059022
"test","C1QB","GHIST","her2+",0.118132498309446,0.0661123715476442
"test","C1R","GHIST","her2+",0.176798317702814,0.167941333377084
"test","C1S","GHIST","her2+",0.172269987509115,0.150272728597436
"test","C1orf216","GHIST","her2+",NA,0.00541704446417916
"test","C2","GHIST","her2+",0.127702346713219,0.0464293798611643
"test","C2CD2L","GHIST","her2+",0.141113698154967,0.0249814706086448
"test","C3","GHIST","her2+",0.249550837339219,0.244757635367329
"test","C4orf48","GHIST","her2+",0.189525320710161,0.173542821189362
"test","C5orf38","GHIST","her2+",0.0967867589571861,0.0368219612876978
"test","C6orf136","GHIST","her2+",NA,0.00596483404179533
"test","C6orf48","GHIST","her2+",0.220646568245369,0.192774587954873
"test","CADM4","GHIST","her2+",0.218551870682762,0.1489650074842
"test","CALML5","GHIST","her2+",0.0852244707220245,0.0554624246897238
"test","CAMTA2","GHIST","her2+",0.0214646470447281,0.0111727517501221
"test","CAPG","GHIST","her2+",0.239267249584259,0.211878453414694
"test","CARS2","GHIST","her2+",0.148250033721317,0.123337683847626
"test","CBLC","GHIST","her2+",0.148429605785897,0.0343128641001241
"test","CCDC106","GHIST","her2+",0.119274505360568,0.0776844195729146
"test","CCDC167","GHIST","her2+",0.159145242083992,0.11085122390831
"test","CCDC57","GHIST","her2+",0.123327778071937,0.0920033449009746
"test","CCDC80","GHIST","her2+",0.0299773865732341,0.0251880387714344
"test","CCDC88B","GHIST","her2+",0.0997574199408901,0.0448338057743164
"test","CCL19","GHIST","her2+",0.0632659886526224,0.0510715189880439
"test","CCL2","GHIST","her2+",0.115742894251927,0.10995035690646
"test","CCL21","GHIST","her2+",0.0506872716075683,0.0311957545273114
"test","CCM2","GHIST","her2+",0.177247506467407,0.123695268696557
"test","CCNB1IP1","GHIST","her2+",0.11925655829309,0.0449023786259362
"test","CCNE2","GHIST","her2+",NA,0.00743602110919441
"test","CCS","GHIST","her2+",0.186596612490949,0.148828761884218
"test","CCT4","GHIST","her2+",0.258149714821556,0.24570827299484
"test","CD14","GHIST","her2+",0.171511386534089,0.153265265630796
"test","CD320","GHIST","her2+",0.163930946156057,0.100574639300378
"test","CD3D","GHIST","her2+",0.132784103562217,0.0791605584011695
"test","CD4","GHIST","her2+",0.0663187804222184,0.0284483324628259
"test","CD52","GHIST","her2+",0.188367572655827,0.143507277976207
"test","CD68","GHIST","her2+",0.197471105164834,0.180635040882557
"test","CD74","GHIST","her2+",0.285116473776732,0.281133009155426
"test","CD79A","GHIST","her2+",0.127441853730343,0.0952163445685226
"test","CDH11","GHIST","her2+",0.0803611256734047,0.0368848165726988
"test","CDK5RAP1","GHIST","her2+",0.182029592356694,0.0517623816498453
"test","CEP250","GHIST","her2+",NA,0.00635687848395509
"test","CERCAM","GHIST","her2+",0.0705414121467497,0.0361191371629862
"test","CERS5","GHIST","her2+",NA,0.00719486928468968
"test","CES2","GHIST","her2+",0.0599899911107624,0.0139066619196206
"test","CFAP36","GHIST","her2+",0.174967836961609,0.0349462095744067
"test","CFDP1","GHIST","her2+",0.164296335741733,0.0665807300662659
"test","CGGBP1","GHIST","her2+",0.213367261032877,0.0964915379860105
"test","CHCHD6","GHIST","her2+",0.0642585691899769,0.0250178543499383
"test","CHD1","GHIST","her2+",0.150096732028707,0.0913667264223317
"test","CHD6","GHIST","her2+",0.20671483568074,0.137288432225651
"test","CHFR","GHIST","her2+",0.233891395925083,0.0490765468603591
"test","CHST11","GHIST","her2+",0.1321888404207,0.0495949161804202
"test","CIR1","GHIST","her2+",NA,0.00620075319340062
"test","CLASRP","GHIST","her2+",0.182254567940885,0.152881750247455
"test","CLDN3","GHIST","her2+",0.294890599573337,0.274887184360991
"test","CLDN4","GHIST","her2+",0.322575164862574,0.306415882749097
"test","CLU","GHIST","her2+",0.140034558167501,0.13059529056552
"test","CNN2","GHIST","her2+",0.224105688392263,0.218807586278201
"test","COL14A1","GHIST","her2+",0.0107504721436297,0.0171876805771455
"test","COL3A1","GHIST","her2+",0.216683717938291,0.19118200633263
"test","COL4A1","GHIST","her2+",0.0975536832770535,0.0713068715681612
"test","COL6A2","GHIST","her2+",0.242636292605422,0.23224789056985
"test","COL8A2","GHIST","her2+",NA,0.00602345258320959
"test","COMMD1","GHIST","her2+",0.121536575925891,0.0975485314345527
"test","COMP","GHIST","her2+",0.11009993747929,0.0593186717512917
"test","COPS7A","GHIST","her2+",0.12565692456423,0.0615619987341349
"test","COQ4","GHIST","her2+",0.199978990409005,0.120984864921875
"test","CORO1A","GHIST","her2+",0.131368045741065,0.0531836622833335
"test","CORO1B","GHIST","her2+",0.209756204019309,0.205435721986792
"test","CORO2A","GHIST","her2+",NA,0.00637897652815689
"test","CORO7","GHIST","her2+",0.200174376695001,0.0828566022082561
"test","COX5A","GHIST","her2+",0.191580710276816,0.172288251178847
"test","CPNE1","GHIST","her2+",0.210264460643688,0.141246442871871
"test","CPSF1","GHIST","her2+",0.212366728310859,0.0870422680053496
"test","CPVL","GHIST","her2+",0.0607397713673484,0.0135442475476132
"test","CRABP2","GHIST","her2+",0.236076561365657,0.193204165671396
"test","CRACR2B","GHIST","her2+",0.284741750529333,0.266333543378171
"test","CRELD2","GHIST","her2+",0.184482207916359,0.143675953318026
"test","CROCC","GHIST","her2+",0.0374565277827122,0.0171046742866556
"test","CSF1","GHIST","her2+",0.0957852511194634,0.0408256984640857
"test","CSF1R","GHIST","her2+",0.133040375734404,0.0537706476060066
"test","CTDSPL","GHIST","her2+",0.24794486685002,0.102524458379481
"test","CTIF","GHIST","her2+",0.290384805533546,0.0650139698318411
"test","CTSK","GHIST","her2+",0.118434261782826,0.0971326990624828
"test","CTU2","GHIST","her2+",NA,0.0065623309332377
"test","CUTC","GHIST","her2+",NA,0.00549502951761195
"test","CUX1","GHIST","her2+",0.19202635804724,0.166593701496484
"test","CX3CL1","GHIST","her2+",0.10568265347513,0.0664938125117616
"test","CXCL10","GHIST","her2+",0.180336696116558,0.0735802659383793
"test","CXXC5","GHIST","her2+",0.223855538567738,0.204403957500046
"test","CYP27A1","GHIST","her2+",NA,0.00664185262673297
"test","DAPK3","GHIST","her2+",0.191636210127694,0.179194955229593
"test","DCAF6","GHIST","her2+",0.159755437523493,0.074235138451279
"test","DCXR","GHIST","her2+",0.215439333268238,0.201023006256863
"test","DDAH1","GHIST","her2+",0.0340359251899405,0.0100030037112924
"test","DDB2","GHIST","her2+",NA,0.00628527762178715
"test","DDIT3","GHIST","her2+",0.189979280099028,0.0721628786932463
"test","DDRGK1","GHIST","her2+",0.150434653870675,0.130332381585226
"test","DDT","GHIST","her2+",0.201143746915405,0.184941478630401
"test","DEAF1","GHIST","her2+",0.135393115832442,0.110444230510861
"test","DENND1A","GHIST","her2+",NA,0.00666491687813678
"test","DERL3","GHIST","her2+",0.156051586957638,0.118851494615243
"test","DESI1","GHIST","her2+",0.0823810845698118,0.0341164368226795
"test","DHX16","GHIST","her2+",0.227403916634712,0.0854830547988411
"test","DLG1","GHIST","her2+",0.112057562999045,0.075526160783097
"test","DMAP1","GHIST","her2+",0.153673269570632,0.122073685155721
"test","DNAJB2","GHIST","her2+",0.215418616134354,0.202266066828985
"test","DNAJC1","GHIST","her2+",0.188581040774986,0.161702124704451
"test","DNAJC7","GHIST","her2+",0.19609076844375,0.171427990362957
"test","DOCK6","GHIST","her2+",0.166509059085916,0.0912669434562308
"test","DPH3","GHIST","her2+",NA,0.00610416338700888
"test","DPM2","GHIST","her2+",0.216089854915566,0.200408206177678
"test","DPP7","GHIST","her2+",0.192192568441982,0.173889641586525
"test","DPP9","GHIST","her2+",0.166884552248708,0.151543254015957
"test","DPYSL3","GHIST","her2+",0.146485614728519,0.12466579550184
"test","DVL1","GHIST","her2+",0.240595137847456,0.0502944671215883
"test","EBAG9","GHIST","her2+",0.193511678764529,0.0325367276104707
"test","ECHDC2","GHIST","her2+",0.115953015233059,0.0930535136842342
"test","ECM1","GHIST","her2+",0.120112345539176,0.116984294474508
"test","EFEMP2","GHIST","her2+",0.0912238993070682,0.069679821339568
"test","EFHD2","GHIST","her2+",0.138363206883717,0.106340026654359
"test","EIF1AD","GHIST","her2+",0.144364581446067,0.0308229150099025
"test","EIF3B","GHIST","her2+",0.290858161734158,0.282329981267495
"test","EIF3F","GHIST","her2+",0.123522323642396,0.106793260551241
"test","EIF3G","GHIST","her2+",0.163393007923249,0.148902325031069
"test","ELN","GHIST","her2+",0.0406409394667366,0.0252973355371369
"test","ELOF1","GHIST","her2+",0.187578184074368,0.173390534083439
"test","EMC3","GHIST","her2+",0.147888243102966,0.115128068661398
"test","ENPP1","GHIST","her2+",0.0263482714058338,0.0113338859778582
"test","EPHB3","GHIST","her2+",0.211635785524611,0.148594678898821
"test","ERAL1","GHIST","her2+",0.189691804431281,0.113555298073453
"test","ERI3","GHIST","her2+",0.216312918694813,0.205949232286983
"test","ERMP1","GHIST","her2+",0.250377338024285,0.1035505149024
"test","ETFB","GHIST","her2+",0.191412197940785,0.179319117771612
"test","EVA1B","GHIST","her2+",0.123224964760808,0.120186328400518
"test","EXD3","GHIST","her2+",0.142239640863034,0.0234608829891017
"test","EXOC5","GHIST","her2+",0.273332859642627,0.119103792412049
"test","EXOSC1","GHIST","her2+",0.139977824563883,0.0559066410678263
"test","EXOSC10","GHIST","her2+",0.20380614909795,0.126670802877781
"test","EXOSC2","GHIST","her2+",NA,0.00627828898238767
"test","EZH2","GHIST","her2+",0.0998602540547139,0.0516749610939256
"test","FAAH","GHIST","her2+",0.0764417362490291,0.03267647600029
"test","FADS2","GHIST","her2+",0.293726191665549,0.280924132359073
"test","FAH","GHIST","her2+",0.111658563603517,0.083637086924516
"test","FAIM2","GHIST","her2+",NA,0.00651109378536477
"test","FAM102A","GHIST","her2+",0.209128508439063,0.178303215699472
"test","FAM117A","GHIST","her2+",0.148224977409365,0.0659236607474854
"test","FAM118A","GHIST","her2+",0.0876249308358129,0.0332485648025632
"test","FAM160B1","GHIST","her2+",0.120719553057899,0.0322754098764775
"test","FAM173A","GHIST","her2+",0.187339257061172,0.16535401175111
"test","FAM193B","GHIST","her2+",0.179799704466361,0.126278131045097
"test","FAM213B","GHIST","her2+",0.196162226761115,0.0806551703853818
"test","FAM3A","GHIST","her2+",0.153396484845785,0.0904736856925307
"test","FAM45A","GHIST","her2+",NA,0.00632674917974511
"test","FAP","GHIST","her2+",0.0916655281805127,0.0209219119335291
"test","FARP1","GHIST","her2+",0.216708824861514,0.197326832179404
"test","FARSB","GHIST","her2+",0.269289263436792,0.115239206269847
"test","FASN","GHIST","her2+",0.418721851488663,0.398594362608867
"test","FBF1","GHIST","her2+",0.166212663812113,0.0235084105159442
"test","FBLN2","GHIST","her2+",0.130148465641591,0.100446933371472
"test","FCER1G","GHIST","her2+",0.0932762373873839,0.0236601208172433
"test","FDPS","GHIST","her2+",0.251883870079743,0.230931049532031
"test","FGFR1","GHIST","her2+",0.186941430840148,0.125653857871258
"test","FKBP10","GHIST","her2+",0.114090199843669,0.0944109286052058
"test","FKBP8","GHIST","her2+",0.18939806217922,0.175667122876856
"test","FLNA","GHIST","her2+",0.281356547306122,0.273578916531502
"test","FN1","GHIST","her2+",0.2968698502842,0.266915022913914
"test","FNBP4","GHIST","her2+",0.121034055784675,0.0758433035589289
"test","FOXP4","GHIST","her2+",0.262143279352371,0.237127722927493
"test","FSTL1","GHIST","her2+",0.147116077309905,0.128032414423631
"test","FSTL3","GHIST","her2+",0.112904258020621,0.0719020731651715
"test","FUOM","GHIST","her2+",0.166927414467785,0.0330318747653106
"test","FUS","GHIST","her2+",0.240441410536143,0.23087598008949
"test","FZD2","GHIST","her2+",NA,0.00739950301667385
"test","GALK1","GHIST","her2+",NA,0.00697865704714119
"test","GANAB","GHIST","her2+",0.246855590153601,0.236466803705877
"test","GAR1","GHIST","her2+",0.13645228106776,0.0855865844558977
"test","GAS6","GHIST","her2+",0.142886582376044,0.130632969999068
"test","GATA3","GHIST","her2+",0.252026602541182,0.226865570253193
"test","GATC","GHIST","her2+",0.232393647243753,0.218677886152378
"test","GBP1","GHIST","her2+",0.156128880764929,0.104805211133527
"test","GBP2","GHIST","her2+",0.147942545844069,0.125619678981844
"test","GBP3","GHIST","her2+",0.116586647349494,0.0298430169928371
"test","GBP4","GHIST","her2+",NA,0.00588899967039482
"test","GBP5","GHIST","her2+",0.0534969887806025,0.0223137281554546
"test","GEMIN4","GHIST","her2+",NA,0.00643806347552747
"test","GLCCI1","GHIST","her2+",0.180973561906361,0.106832641565973
"test","GLG1","GHIST","her2+",0.167706517556748,0.148315145125425
"test","GLTSCR2","GHIST","her2+",0.134395419005901,0.12686333926441
"test","GMFG","GHIST","her2+",0.139556899006742,0.0952737992615299
"test","GMPPA","GHIST","her2+",0.165110230834177,0.100795759029087
"test","GNAI2","GHIST","her2+",0.243681670316019,0.240381195734436
"test","GNAS","GHIST","her2+",0.419481719376345,0.389726337736822
"test","GNL2","GHIST","her2+",0.215091910344807,0.180114998658726
"test","GPR108","GHIST","her2+",0.152979100109917,0.123746369522893
"test","GPRC5A","GHIST","her2+",0.221744442037545,0.203369405632323
"test","GPS1","GHIST","her2+",0.190555048032722,0.17205121161378
"test","GPSM1","GHIST","her2+",0.118234312470199,0.0413694576022928
"test","GPX3","GHIST","her2+",0.0344459728855464,0.0291359999071924
"test","GRK3","GHIST","her2+",-0.00707396088496177,0.00581034983240777
"test","GSK3A","GHIST","her2+",0.222881482636606,0.10017281010104
"test","GSTM3","GHIST","her2+",0.142466062808395,0.13370644577665
"test","GYPC","GHIST","her2+",0.10043242035513,0.0809651550056031
"test","HAGHL","GHIST","her2+",0.0760206212320346,0.0324238379492161
"test","HCFC1R1","GHIST","her2+",0.223081084003364,0.210856735727856
"test","HCST","GHIST","her2+",0.122186577170404,0.0915387658013955
"test","HDAC5","GHIST","her2+",0.0859347056162581,0.0505509957077504
"test","HDAC6","GHIST","her2+",0.141979402349871,0.0291329343256968
"test","HELZ2","GHIST","her2+",0.167712681513639,0.147221428958535
"test","HES1","GHIST","her2+",0.203231730683844,0.177939581598049
"test","HLA.B","GHIST","her2+",0.328390518024259,0.248545849647741
"test","HLA.DMA","GHIST","her2+",0.188950039077559,0.119067698564528
"test","HLA.DMB","GHIST","her2+",0.192713497703695,0.079307976601839
"test","HLA.DOA","GHIST","her2+",NA,0.0060334906033535
"test","HLA.DPA1","GHIST","her2+",0.236331549064019,0.218961912822793
"test","HLA.DPB1","GHIST","her2+",0.187253204726715,0.152194817058269
"test","HLA.DRA","GHIST","her2+",0.305167639503691,0.288468479476555
"test","HLA.DRB1","GHIST","her2+",0.319610310376095,0.150076120328799
"test","HMGB2","GHIST","her2+",0.264283748231996,0.245021340098022
"test","HNRNPUL2","GHIST","her2+",0.257394390128267,0.180380418324799
"test","HOOK3","GHIST","her2+",0.105050360860148,0.0445161771450555
"test","HPS6","GHIST","her2+",0.067642859099085,0.00614553374317998
"test","HSD17B1","GHIST","her2+",0.0756857425841327,0.0117296410132285
"test","HSPA4","GHIST","her2+",0.190613285434297,0.1726500092561
"test","HSPB1","GHIST","her2+",0.278396108005282,0.263535664346953
"test","HSPB11","GHIST","her2+",0.15722314879975,0.0518088173900142
"test","HYI","GHIST","her2+",0.122957941301968,0.104127188963764
"test","IDH3G","GHIST","her2+",0.122083129824793,0.0810035861231622
"test","IDUA","GHIST","her2+",NA,0.00658721546390939
"test","IER5L","GHIST","her2+",0.240946885476845,0.229407021347593
"test","IFI27","GHIST","her2+",0.242646168201818,0.23578355528908
"test","IFI27L1","GHIST","her2+",NA,0.00600357556457473
"test","IFI44L","GHIST","her2+",0.092250013062651,0.0583198687707544
"test","IGFBP2","GHIST","her2+",0.229458603400403,0.205034073032099
"test","IGFBP4","GHIST","her2+",0.145503895743011,0.143119592409316
"test","IGHA1","GHIST","her2+",0.159724735643103,0.174677726395367
"test","IGHG3","GHIST","her2+",0.23778168203416,0.226163612167566
"test","IGHG4","GHIST","her2+",0.073261984705702,0.0676794503374451
"test","IGHM","GHIST","her2+",0.207956716956193,0.210561422615238
"test","IGKC","GHIST","her2+",0.21737725506212,0.22774385755471
"test","IGLC2","GHIST","her2+",0.219544490126858,0.225158020691547
"test","IGLC3","GHIST","her2+",0.237240665102443,0.232879113479282
"test","IGLC7","GHIST","her2+",0.124653934541361,0.0946368130324209
"test","IKZF3","GHIST","her2+",0.11459756076945,0.067472821927377
"test","IL10RA","GHIST","her2+",0.0652203991282505,0.0264918478347686
"test","ILKAP","GHIST","her2+",0.136887398082364,0.0420874432301628
"test","INAFM1","GHIST","her2+",0.0897016036315403,0.0528777383633185
"test","INPP4B","GHIST","her2+",0.0399870582545665,0.0130960682701445
"test","INPP5D","GHIST","her2+",0.0492254893153607,0.0225016224538572
"test","INPP5J","GHIST","her2+",0.112816607914639,0.0189637339157095
"test","INTS8","GHIST","her2+",0.210071953399587,0.182303809314322
"test","ISG15","GHIST","her2+",0.12629536164392,0.125464501592248
"test","ISLR","GHIST","her2+",0.105958561854979,0.0914694318735007
"test","ITGA5","GHIST","her2+",0.094351876320766,0.0340239693659778
"test","ITGB4","GHIST","her2+",0.115105643647562,0.107144334735608
"test","ITGB6","GHIST","her2+",0.189326383330751,0.168625842859392
"test","ITSN1","GHIST","her2+",0.156888003052924,0.0384351177833269
"test","JAG2","GHIST","her2+",NA,0.00700295695935592
"test","JAK1","GHIST","her2+",0.147058735075351,0.125199304639716
"test","JAK3","GHIST","her2+",0.123380571813032,0.0342801505754521
"test","JCHAIN","GHIST","her2+",0.103964653296714,0.0648425142402805
"test","JMJD6","GHIST","her2+",0.13214770158949,0.104301643001499
"test","KAT6B","GHIST","her2+",0.0929916860600545,0.106925032874033
"test","KATNA1","GHIST","her2+",0.18295381394914,0.0624566528000211
"test","KCNAB2","GHIST","her2+",NA,0.00606964485541259
"test","KCTD10","GHIST","her2+",0.227622059818758,0.049590259548447
"test","KDM4B","GHIST","her2+",0.260665656986975,0.180433408878205
"test","KIAA0895L","GHIST","her2+",0.0379980698401703,0.00965822422937333
"test","KIAA1211L","GHIST","her2+",NA,0.00576914459911994
"test","KIAA1217","GHIST","her2+",0.122771563327854,0.0989214941753789
"test","KIAA1468","GHIST","her2+",0.0880286940566481,0.0487937026458632
"test","KIAA1715","GHIST","her2+",0.124314253849144,0.0488109584400834
"test","KIF13B","GHIST","her2+",0.125444117638343,0.0206500762889762
"test","KLF9","GHIST","her2+",0.0834974000697618,0.0474730644269832
"test","KMT2B","GHIST","her2+",0.275863138188979,0.185229232187136
"test","KMT2E","GHIST","her2+",0.101257765967658,0.0809800060890662
"test","KPNB1","GHIST","her2+",0.180521205792061,0.162854054154319
"test","KRAS","GHIST","her2+",0.17016635053385,0.140212720739926
"test","KRT10","GHIST","her2+",0.210154890566509,0.181754817147379
"test","KRT17","GHIST","her2+",0.00665889157046899,0.020547883351179
"test","KRT8","GHIST","her2+",0.263775026587497,0.245588086561353
"test","KRT86","GHIST","her2+",0.0460738827343548,0.0124204817003392
"test","LAMB2","GHIST","her2+",0.115235620318867,0.0944435755104696
"test","LAMTOR2","GHIST","her2+",0.232592878664033,0.214456621234615
"test","LANCL1","GHIST","her2+",NA,0.00582708909502699
"test","LARP1B","GHIST","her2+",0.120383633889913,0.0375799183536422
"test","LARP7","GHIST","her2+",0.176485957291805,0.0663357868730141
"test","LCK","GHIST","her2+",0.122314682805176,0.0243960940433633
"test","LCP1","GHIST","her2+",0.176489467420361,0.154716819679138
"test","LGALS1","GHIST","her2+",0.145569123170629,0.141625773025519
"test","LIMCH1","GHIST","her2+",0.142449461959913,0.0864606002110014
"test","LIMK1","GHIST","her2+",0.184675703106848,0.167216563521159
"test","LINC00176","GHIST","her2+",0.139832383916161,0.0868825400351644
"test","LINGO1","GHIST","her2+",NA,0.0330457522953738
"test","LLGL1","GHIST","her2+",-0.0361145316073763,-0.00031462860767426
"test","LMF1","GHIST","her2+",0.0578698280933119,0.0204046814483104
"test","LMNA","GHIST","her2+",0.229974262040063,0.226024391451332
"test","LRRC8A","GHIST","her2+",0.213376409308618,0.0425319514993713
"test","LRWD1","GHIST","her2+",-0.01959295785684,0.00706693634385337
"test","LST1","GHIST","her2+",0.0292595449043971,0.0141854118365437
"test","LTB4R","GHIST","her2+",NA,0.0070926967141593
"test","LTBP3","GHIST","her2+",0.193005948895204,0.185376525207579
"test","LTF","GHIST","her2+",0.0773154385064936,0.0560786085742376
"test","LUC7L","GHIST","her2+",0.209664771137877,0.124106344712435
"test","LUC7L3","GHIST","her2+",0.248124085407317,0.224663514542741
"test","LUM","GHIST","her2+",0.20378263634797,0.176201304323767
"test","LYL1","GHIST","her2+",0.0118301570193652,0.013634806033819
"test","MAGEF1","GHIST","her2+",0.227701795417184,0.13546465607706
"test","MAGI1","GHIST","her2+",NA,0.0054500547243782
"test","MAGOHB","GHIST","her2+",0.152585227589001,0.124059290985092
"test","MAP1S","GHIST","her2+",0.133999090178196,0.0468794915838848
"test","MAP3K14","GHIST","her2+",0.159349088662403,0.0249690060219907
"test","MAP3K6","GHIST","her2+",0.0707513583383322,0.0466452222763369
"test","MAP4K2","GHIST","her2+",NA,0.00646383149213543
"test","MAPK9","GHIST","her2+",NA,0.005946056601125
"test","MAPKAPK5","GHIST","her2+",0.246680779346102,0.0588249268329879
"test","MARS","GHIST","her2+",0.2540941490415,0.170625265447253
"test","MAVS","GHIST","her2+",0.182063234021846,0.0838201166091078
"test","MCTS1","GHIST","her2+",0.15654372842667,0.126743325407
"test","MED13L","GHIST","her2+",0.0202225487783249,0.00811574972405952
"test","MED25","GHIST","her2+",0.182866108505767,0.0844932089095848
"test","MEN1","GHIST","her2+",0.0628347531008265,0.00628184941110142
"test","METTL12","GHIST","her2+",0.17362332351624,0.0308728870536229
"test","METTL16","GHIST","her2+",0.187589966902797,0.0421393803164494
"test","MFAP4","GHIST","her2+",0.0597646643582123,0.0372757360358443
"test","MFSD3","GHIST","her2+",0.124095919253831,0.031331190168164
"test","MFSD7","GHIST","her2+",NA,0.0063178052381981
"test","MGMT","GHIST","her2+",0.0880919924657905,0.0487062280934621
"test","MGP","GHIST","her2+",0.183608323570008,0.17311883081929
"test","MIB2","GHIST","her2+",NA,0.00730566366743149
"test","MICAL1","GHIST","her2+",0.156615017096324,0.0611747280871072
"test","MICALL2","GHIST","her2+",0.159252772569838,0.0977441373298485
"test","MID1IP1","GHIST","her2+",0.256045556372229,0.23092045856604
"test","MIF","GHIST","her2+",0.0876394296991556,0.0697060863408432
"test","MIIP","GHIST","her2+",0.165171263977622,0.123462630433067
"test","MKNK1","GHIST","her2+",0.11069094335018,0.0523577371553956
"test","MLLT4","GHIST","her2+",0.151652343751253,0.0871837745538416
"test","MLST8","GHIST","her2+",0.206820171665394,0.186088559880065
"test","MMP9","GHIST","her2+",0.117251880042495,0.0705653935867532
"test","MORC2","GHIST","her2+",0.172874699565223,0.0698870620400522
"test","MPND","GHIST","her2+",0.112422862756464,0.0590953659709665
"test","MPST","GHIST","her2+",0.201562861816833,0.184226546362226
"test","MRPL2","GHIST","her2+",0.104210474657646,0.0333138255564718
"test","MRPL21","GHIST","her2+",0.195631156079253,0.177897544014596
"test","MRPL23","GHIST","her2+",0.126860647853804,0.0689175911920076
"test","MRPL51","GHIST","her2+",0.25817660828041,0.243922097255044
"test","MRPL54","GHIST","her2+",0.123784784121192,0.0979870319072801
"test","MRPS22","GHIST","her2+",0.183321483882982,0.10039598113764
"test","MS4A6A","GHIST","her2+",NA,0.00790150618631066
"test","MST1R","GHIST","her2+",NA,0.00677678071437506
"test","MTG2","GHIST","her2+",NA,0.00681632117619522
"test","MTMR12","GHIST","her2+",0.180448989720744,0.0496328466420971
"test","MUC1","GHIST","her2+",0.2495185423206,0.234201763269575
"test","MUCL1","GHIST","her2+",0.205049029775282,0.133922388952201
"test","MUS81","GHIST","her2+",0.199176878868305,0.170180887539216
"test","MVP","GHIST","her2+",0.183937691643193,0.17634305846768
"test","MX2","GHIST","her2+",0.07999747520836,0.0131911500563806
"test","MYH10","GHIST","her2+",0.129929691948333,0.0236345146730302
"test","MYL12B","GHIST","her2+",0.315375113270527,0.298998367074855
"test","MYL6B","GHIST","her2+",0.120918095536632,0.0721807835658573
"test","MYL9","GHIST","her2+",0.194968949815821,0.185242478015845
"test","MYO1G","GHIST","her2+",0.0511621931929861,0.0171971382871965
"test","MYO9B","GHIST","her2+",0.186571918397937,0.151877620585234
"test","MZT2A","GHIST","her2+",0.23913910831626,0.22522602952703
"test","NAA10","GHIST","her2+",0.197551417785003,0.171225315622425
"test","NANS","GHIST","her2+",0.165779433543632,0.149234859149513
"test","NCKAP1L","GHIST","her2+",NA,0.00616961531458498
"test","NCKAP5L","GHIST","her2+",0.037761710229445,0.0154156112485201
"test","NDRG1","GHIST","her2+",0.217754469928268,0.205014893217933
"test","NDUFA1","GHIST","her2+",0.246973566724616,0.233601209165016
"test","NDUFA12","GHIST","her2+",0.206940133466015,0.180439430805788
"test","NDUFB2","GHIST","her2+",0.260086317272604,0.245552430073669
"test","NDUFB3","GHIST","her2+",0.233503946673341,0.202491678849438
"test","NDUFB9","GHIST","her2+",0.286228282140085,0.278648395934613
"test","NDUFC1","GHIST","her2+",0.236014237620791,0.2038708690854
"test","NDUFS1","GHIST","her2+",0.220385308479384,0.18603284756209
"test","NDUFV3","GHIST","her2+",0.153646331596091,0.123948316382352
"test","NEBL","GHIST","her2+",NA,0.00649493414264429
"test","NEK7","GHIST","her2+",NA,0.00646396126642284
"test","NELFE","GHIST","her2+",0.148349430772742,0.125489595693657
"test","NFATC4","GHIST","her2+",0.166581123898649,0.107637188988273
"test","NFIC","GHIST","her2+",0.221569860814392,0.210446530752201
"test","NINJ1","GHIST","her2+",0.231975424851587,0.222021908154242
"test","NIT2","GHIST","her2+",0.201238962853786,0.168644854861681
"test","NMRAL1","GHIST","her2+",0.230282164541016,0.206278800295995
"test","NR1H2","GHIST","her2+",0.106577944904484,0.0905132389848007
"test","NR4A1","GHIST","her2+",0.15443581001047,0.13722482620849
"test","NRP1","GHIST","her2+",NA,0.00685057485270119
"test","NSMCE1","GHIST","her2+",0.145023965625995,0.120693830720154
"test","NTMT1","GHIST","her2+",0.0355509254598753,0.0199811299982286
"test","NUP214","GHIST","her2+",0.215999149297453,0.0733044362117195
"test","NUP93","GHIST","her2+",0.231419611883507,0.0435598675582302
"test","NXN","GHIST","her2+",NA,0.00576144600667805
"test","OASL","GHIST","her2+",0.150973625465078,0.0408878191927205
"test","OGFRL1","GHIST","her2+",0.130735100236692,0.0781326499076672
"test","OPTN","GHIST","her2+",0.0856851654976521,0.0643569786466264
"test","ORC2","GHIST","her2+",NA,0.00589126870341109
"test","OSBPL8","GHIST","her2+",0.0813859775312775,0.0633063588390025
"test","P4HA2","GHIST","her2+",NA,0.00585289925816251
"test","PAF1","GHIST","her2+",NA,0.0065250404461981
"test","PAFAH1B3","GHIST","her2+",0.161584519883145,0.138400465515152
"test","PAQR4","GHIST","her2+",0.148235035235714,0.101772460666187
"test","PARN","GHIST","her2+",0.0517408077144701,0.0164416576419072
"test","PCCB","GHIST","her2+",0.249945250493964,0.111704882375735
"test","PCIF1","GHIST","her2+",0.22022700925381,0.0515051003043706
"test","PDCD5","GHIST","her2+",0.23351678223466,0.204933734280309
"test","PDGFRA","GHIST","her2+",-0.0626428426850385,-0.00464321634146321
"test","PDGFRB","GHIST","her2+",0.10854485586266,0.0930571706862626
"test","PER1","GHIST","her2+",0.0676354154868388,0.0180767219568529
"test","PEX11G","GHIST","her2+",-0.019066411966343,0.00501677523798523
"test","PEX14","GHIST","her2+",0.163735639384354,0.0285550004480957
"test","PGLS","GHIST","her2+",0.198148315764708,0.179825657174229
"test","PHF11","GHIST","her2+",0.104086954844242,0.034085943408434
"test","PHF13","GHIST","her2+",0.0344333751530538,0.013942221956047
"test","PHF21A","GHIST","her2+",0.168946144906474,0.0349923661259213
"test","PHKB","GHIST","her2+",0.270252762510484,0.059655236603345
"test","PIGQ","GHIST","her2+",0.201565986156612,0.185764692889568
"test","PIH1D1","GHIST","her2+",0.146689302082627,0.119865564400316
"test","PILRA","GHIST","her2+",0.149523970526508,0.0346726419187221
"test","PIM2","GHIST","her2+",0.0923148271789557,0.0419558939697615
"test","PITX1","GHIST","her2+",0.117622954470691,0.0911732005037525
"test","PKNOX1","GHIST","her2+",NA,0.00616991649868583
"test","PLAC9","GHIST","her2+",0.0146040469827091,0.0264336247718038
"test","PLEKHO2","GHIST","her2+",0.0619563947886441,0.0268928735559572
"test","PLIN2","GHIST","her2+",0.120107388050714,0.0356504335996814
"test","PLK1","GHIST","her2+",0.112468979011823,0.029968492926687
"test","PLK2","GHIST","her2+",0.16006966149386,0.126986658327549
"test","PLLP","GHIST","her2+",NA,0.0067659440666484
"test","PLP2","GHIST","her2+",0.176438634305788,0.162045479679447
"test","PLPPR2","GHIST","her2+",0.194596075436264,0.0952191274876994
"test","PLSCR1","GHIST","her2+",0.187063959298423,0.108174290765794
"test","PLTP","GHIST","her2+",0.160483346887084,0.137478547021412
"test","PLVAP","GHIST","her2+",0.111601444424838,0.0913990748147873
"test","PLXNA1","GHIST","her2+",NA,0.00791840385357486
"test","PLXND1","GHIST","her2+",0.212534982528683,0.192853320981768
"test","PMP22","GHIST","her2+",0.119880395725639,0.103843576844832
"test","PNISR","GHIST","her2+",0.119669088261979,0.107995307076667
"test","PNMT","GHIST","her2+",0.188997525505992,0.150948106918527
"test","PNP","GHIST","her2+",NA,0.00672630597068542
"test","PNPLA6","GHIST","her2+",0.168720999063253,0.0911637661189526
"test","PODNL1","GHIST","her2+",-0.0123808752281018,0.00564742163751064
"test","PODXL","GHIST","her2+",0.0109440892853533,0.012715866465787
"test","POLR2E","GHIST","her2+",0.197354221282615,0.182382094510022
"test","POLR2J","GHIST","her2+",0.230265058745898,0.210162137412395
"test","POR","GHIST","her2+",0.217246501560057,0.194069871328272
"test","POSTN","GHIST","her2+",0.210803644849312,0.176084137825445
"test","PPHLN1","GHIST","her2+",NA,0.00715453680458119
"test","PPIB","GHIST","her2+",0.142653738302645,0.135674829398589
"test","PPIH","GHIST","her2+",0.137884228527342,0.0790111011624696
"test","PPM1G","GHIST","her2+",0.203808060299894,0.178473825192737
"test","PPP1R1A","GHIST","her2+",0.111402923962882,0.101835949209303
"test","PPP1R1B","GHIST","her2+",0.18450693675616,0.17039166243517
"test","PPP1R37","GHIST","her2+",0.121327097387531,0.0768950982008241
"test","PRKAB1","GHIST","her2+",0.254178912843523,0.0622322663172457
"test","PRKCSH","GHIST","her2+",0.303198536028394,0.290970057157341
"test","PROSER1","GHIST","her2+",NA,0.0063767340210559
"test","PRPF6","GHIST","her2+",0.163976400029139,0.135365380319825
"test","PRPSAP1","GHIST","her2+",0.101393591319973,0.0521762374667149
"test","PSCA","GHIST","her2+",NA,0.00542233505841255
"test","PSMD4","GHIST","her2+",0.186703327144734,0.162480365570018
"test","PSTPIP1","GHIST","her2+",0.149575012276365,0.0229623310144031
"test","PTGDS","GHIST","her2+",0.130104289997018,0.102750914593563
"test","PTOV1","GHIST","her2+",0.249036151683276,0.238361444394649
"test","PTP4A3","GHIST","her2+",0.116439736276231,0.0887584834734682
"test","PTPRC","GHIST","her2+",0.166843829587796,0.134466195798393
"test","PTPRJ","GHIST","her2+",0.116971829463091,0.0618131113957697
"test","PTRF","GHIST","her2+",0.120588437309253,0.115198201272039
"test","PTRH1","GHIST","her2+",NA,0.0062090329615805
"test","PUS3","GHIST","her2+",NA,0.00561306842430093
"test","PWP1","GHIST","her2+",0.187181259322288,0.12007084558503
"test","PWWP2B","GHIST","her2+",0.185696197674534,0.168742432267796
"test","PXDN","GHIST","her2+",0.224627695312505,0.202938197862984
"test","PYURF","GHIST","her2+",0.13356728065368,0.106245374232891
"test","QSOX1","GHIST","her2+",0.221245077039776,0.208015059453689
"test","R3HDM2","GHIST","her2+",NA,0.00687160363339072
"test","RAB11FIP1","GHIST","her2+",0.213812391179159,0.154578459526194
"test","RAB3A","GHIST","her2+",NA,0.0056916403032458
"test","RAB3GAP1","GHIST","her2+",0.218736327372599,0.137108927884767
"test","RAB3IL1","GHIST","her2+",NA,0.00599378005932749
"test","RABGAP1L","GHIST","her2+",0.113428027889789,0.0677291078261101
"test","RALBP1","GHIST","her2+",0.173567303661767,0.0303466906007465
"test","RALGAPA2","GHIST","her2+",0.0439303112440316,0.0199964499032673
"test","RAMP2","GHIST","her2+",0.0568936076060694,0.0245422408927556
"test","RAP1B","GHIST","her2+",0.0285899077280936,0.0208138022310455
"test","RARS2","GHIST","her2+",0.197618293272484,0.0336186518855478
"test","RASA2","GHIST","her2+",NA,0.00617385642224094
"test","RASGRP2","GHIST","her2+",0.0382998218632723,0.0144320371521638
"test","RASSF3","GHIST","her2+",0.187959531245967,0.0384074689385144
"test","RBL1","GHIST","her2+",NA,0.0060851068848015
"test","RBM42","GHIST","her2+",0.208089917279578,0.178836212351709
"test","RECQL4","GHIST","her2+",-0.0542529041291675,0.00196838355772633
"test","RECQL5","GHIST","her2+",0.141279273410428,0.0291412426262675
"test","REEP6","GHIST","her2+",0.138425639814495,0.108560339872687
"test","RGS1","GHIST","her2+",0.0649166697842815,0.0439479410127402
"test","RHOB","GHIST","her2+",0.30003037068588,0.284006315292006
"test","RIOK1","GHIST","her2+",0.124841152201923,0.0242702204032454
"test","RMND1","GHIST","her2+",NA,0.00592707656659239
"test","RNASET2","GHIST","her2+",0.256267279992059,0.236377965390317
"test","RND3","GHIST","her2+",0.18769902838405,0.0845703187350524
"test","RNF135","GHIST","her2+",0.152125274175306,0.0804332875996336
"test","RNF170","GHIST","her2+",NA,0.00617577178426371
"test","RRAS","GHIST","her2+",0.172533561336391,0.107317744251832
"test","RSL1D1","GHIST","her2+",0.194905408616186,0.183736496035501
"test","RSRP1","GHIST","her2+",0.138501357854113,0.115299271328322
"test","RUVBL1","GHIST","her2+",0.209828065300791,0.116472393155388
"test","S100A14","GHIST","her2+",0.194021761295767,0.145220778225913
"test","S100A9","GHIST","her2+",0.0941743880296143,0.0894329876871288
"test","SAMM50","GHIST","her2+",0.148465799349565,0.119579678791319
"test","SASH1","GHIST","her2+",0.0253463698775484,0.0236683876409078
"test","SAT1","GHIST","her2+",0.245201866737574,0.23928143050681
"test","SCAF1","GHIST","her2+",0.205125528055752,0.0880513996766044
"test","SCD","GHIST","her2+",0.335537409022031,0.308594232213354
"test","SCNN1D","GHIST","her2+",0.0747143312524667,0.0184290716718813
"test","SCX","GHIST","her2+",0.155992403042159,0.028828052301961
"test","SDHB","GHIST","her2+",0.181309162807371,0.147086888810288
"test","SEC14L2","GHIST","her2+",0.0621153891083852,0.0336489550480075
"test","SEC23A","GHIST","her2+",NA,0.00607249201519551
"test","SEMA3B","GHIST","her2+",0.0554012802412112,0.0154909748082992
"test","SEMA4B","GHIST","her2+",0.222821600997131,0.141787979682013
"test","SF3B4","GHIST","her2+",0.224227669272029,0.145976116978256
"test","SFSWAP","GHIST","her2+",0.143554706622561,0.0832152782607106
"test","SGTA","GHIST","her2+",0.300289975960339,0.207551647742427
"test","SH3BP5L","GHIST","her2+",0.194885948594058,0.0762956667150315
"test","SIGLEC1","GHIST","her2+",0.0179301910646061,0.0102387693903178
"test","SIGMAR1","GHIST","her2+",0.164891748948728,0.132172353652944
"test","SLC16A2","GHIST","her2+",NA,0.00515963247842869
"test","SLC16A3","GHIST","her2+",0.193870614711944,0.162923041568906
"test","SLC22A18","GHIST","her2+",0.184440108302395,0.0376900255620868
"test","SLC25A24","GHIST","her2+",0.183171308275952,0.108585365138465
"test","SLC2A1","GHIST","her2+",0.175255255658748,0.103259241664316
"test","SLC2A8","GHIST","her2+",0.146375976872413,0.0221748591792618
"test","SLC35A2","GHIST","her2+",0.192929866348011,0.168565638418767
"test","SLC43A1","GHIST","her2+",NA,0.00594143246549362
"test","SLC4A5","GHIST","her2+",0.161499285654953,0.0372919398806278
"test","SLC8B1","GHIST","her2+",0.126035329264255,0.0443480595324722
"test","SLC9A3R2","GHIST","her2+",0.181433288300217,0.118296621811827
"test","SLC9A8","GHIST","her2+",NA,0.00609905042311591
"test","SLFN13","GHIST","her2+",NA,0.00560251261384325
"test","SLPI","GHIST","her2+",0.0372499004202822,0.018495993247417
"test","SMCHD1","GHIST","her2+",0.15440330981079,0.128507674121718
"test","SMG9","GHIST","her2+",0.132615091364718,0.0591261624789774
"test","SMYD2","GHIST","her2+",NA,0.00629127380691308
"test","SNAPC3","GHIST","her2+",0.180449760009403,0.0368279545756702
"test","SNF8","GHIST","her2+",0.164850420493354,0.156683005346031
"test","SNRPD3","GHIST","her2+",0.214552685777597,0.183770551337296
"test","SNTA1","GHIST","her2+",NA,0.00588079361349858
"test","SNX33","GHIST","her2+",0.0704815632431251,0.0386874760194726
"test","SNX8","GHIST","her2+",0.0965508855989968,0.0650151244720133
"test","SOD3","GHIST","her2+",0.0677933894651388,0.0559382941125459
"test","SOS2","GHIST","her2+",0.135154307502981,0.0242109834617013
"test","SOX4","GHIST","her2+",0.241927771117103,0.224687918131447
"test","SP6","GHIST","her2+",0.0713720247373106,0.0152489167953311
"test","SPAG9","GHIST","her2+",0.172121712704168,0.0801894801724013
"test","SPARC","GHIST","her2+",0.233283996871012,0.211780213799502
"test","SPIN1","GHIST","her2+",0.334192890878527,0.0835982077466122
"test","SPSB1","GHIST","her2+",0.11010757694402,0.0550503305635546
"test","SRGN","GHIST","her2+",0.197409389537381,0.173078327522765
"test","SRPX2","GHIST","her2+",0.055343822756327,0.0137942345582238
"test","SRR","GHIST","her2+",0.00372140445394158,0.00986144832421407
"test","SRRT","GHIST","her2+",0.255103655442523,0.163741346612671
"test","SRSF1","GHIST","her2+",0.278880633262626,0.258953190695035
"test","SRSF5","GHIST","her2+",0.261044440443047,0.240795355565852
"test","SSSCA1","GHIST","her2+",0.121261036915042,0.0920828331860036
"test","STAMBP","GHIST","her2+",0.28070219731135,0.0577701289706141
"test","STAT5A","GHIST","her2+",0.0592278116347901,0.0134160243532524
"test","STK17A","GHIST","her2+",0.0901620004574686,0.05899714009435
"test","STK4","GHIST","her2+",0.0458160613874347,0.0400217660779305
"test","STMN1","GHIST","her2+",0.281919110547386,0.258894144864905
"test","STRN3","GHIST","her2+",NA,0.00618073882144924
"test","STT3A","GHIST","her2+",0.156255132910328,0.0921592531705105
"test","SUGP1","GHIST","her2+",0.0965851600043234,0.0175159451902322
"test","SURF1","GHIST","her2+",0.0846182698642501,0.0317396662914993
"test","SVIL","GHIST","her2+",-4.30010272182615e-05,0.0070750709920801
"test","SYDE1","GHIST","her2+",NA,0.00595183130588202
"test","SYK","GHIST","her2+",0.135909114375074,0.0306526078780462
"test","TACC3","GHIST","her2+",0.202845583696675,0.0785952156863186
"test","TANC2","GHIST","her2+",0.276216777947525,0.116675548859121
"test","TARBP1","GHIST","her2+",0.188440588233666,0.0776989807334291
"test","TAX1BP1","GHIST","her2+",0.185493029662643,0.167046853248424
"test","TAX1BP3","GHIST","her2+",0.212588271074516,0.0847407886506386
"test","TBC1D10A","GHIST","her2+",0.103753692333328,0.0649467333880615
"test","TBC1D23","GHIST","her2+",0.0843908509994529,0.0177425326642792
"test","TBCA","GHIST","her2+",0.147178766852348,0.118898294666316
"test","TBXAS1","GHIST","her2+",NA,0.00688025158184083
"test","TCEA2","GHIST","her2+",0.102505651916969,0.0544876790233212
"test","TCEA3","GHIST","her2+",0.146650369618348,0.0973119383429746
"test","TCF25","GHIST","her2+",0.199546056311963,0.188162540039122
"test","TDRD3","GHIST","her2+",0.0706961905062773,0.0200602995023095
"test","TESK1","GHIST","her2+",0.258794753119917,0.118861212478987
"test","TESMIN","GHIST","her2+",0.0665500251352998,0.0185036651871083
"test","TEX10","GHIST","her2+",0.113162547610264,0.0341625446063527
"test","TEX2","GHIST","her2+",0.115567157137549,0.0653025103628883
"test","TFF3","GHIST","her2+",0.129268445051893,0.104551362980585
"test","TGFBR2","GHIST","her2+",-0.0175053668059719,0.00627940636365349
"test","THBS1","GHIST","her2+",0.149613125942491,0.140380262682598
"test","THOC5","GHIST","her2+",-0.0192151334331749,0.00754111249463275
"test","THOC6","GHIST","her2+",0.000518135258298938,0.00931136795644803
"test","TIGD5","GHIST","her2+",0.0998022945452418,0.0344650370836127
"test","TIMP1","GHIST","her2+",0.2080450562442,0.206259938600272
"test","TJP3","GHIST","her2+",0.194991633129394,0.160602346289132
"test","TM7SF2","GHIST","her2+",0.177414344912365,0.150523662125346
"test","TMBIM6","GHIST","her2+",0.293149648100447,0.283376070457118
"test","TMEM101","GHIST","her2+",0.0135585486479185,0.0116111114220535
"test","TMEM123","GHIST","her2+",0.275218624830649,0.262555594269968
"test","TMEM14B","GHIST","her2+",0.235707545331343,0.211183493866295
"test","TMEM160","GHIST","her2+",0.150105801817081,0.138483283365765
"test","TMEM184A","GHIST","her2+",0.14212664859113,0.100217247057959
"test","TMEM259","GHIST","her2+",0.257172012641316,0.242935601628396
"test","TMEM86A","GHIST","her2+",0.105995745668988,0.0625009987902463
"test","TMX1","GHIST","her2+",0.180272049346923,0.119889384235889
"test","TNC","GHIST","her2+",0.0863791163031887,0.0417780459748585
"test","TNFRSF14","GHIST","her2+",0.116290849725215,0.0919047405302458
"test","TNFRSF21","GHIST","her2+",0.109953791896253,0.0195881633195351
"test","TNFRSF4","GHIST","her2+",0.190836411056328,0.0310511691352337
"test","TNNT1","GHIST","her2+",0.134750863101286,0.0994782339006258
"test","TOM1L2","GHIST","her2+",0.163269522496398,0.127541351695211
"test","TP53I3","GHIST","her2+",0.0510521022469511,0.0279062823093423
"test","TPM2","GHIST","her2+",0.153647485768991,0.138671674278491
"test","TRAC","GHIST","her2+",0.176664183163437,0.13057895280079
"test","TRAF5","GHIST","her2+",0.0272591128662981,0.0103992113296959
"test","TRAP1","GHIST","her2+",0.1853843361187,0.164891399399941
"test","TRAPPC4","GHIST","her2+",0.123854373768666,0.0842743815341994
"test","TRIM14","GHIST","her2+",0.135687753083233,0.052566242756006
"test","TRIM22","GHIST","her2+",0.111019511331996,0.0647416982929005
"test","TRIM25","GHIST","her2+",0.247212241617522,0.110375676916539
"test","TRIM47","GHIST","her2+",0.132126695438925,0.0665952452672241
"test","TSPAN33","GHIST","her2+",0.0421588919754044,0.00893884024804998
"test","TSR2","GHIST","her2+",NA,0.00601531545147937
"test","TTC31","GHIST","her2+",NA,0.00607313446931553
"test","TTI1","GHIST","her2+",0.040564222819149,0.0191314487642884
"test","TXN2","GHIST","her2+",0.190232140616617,0.175246760501121
"test","TXNDC17","GHIST","her2+",0.242028164268535,0.22659269162598
"test","TXNRD2","GHIST","her2+",0.245603061431907,0.102912573426582
"test","TYROBP","GHIST","her2+",0.167234098254434,0.133147269525476
"test","UBA52","GHIST","her2+",0.305514115173883,0.300951792916883
"test","UBA6","GHIST","her2+",0.279329124958128,0.117410992553592
"test","UBAP2L","GHIST","her2+",0.232222533415078,0.209647164543054
"test","UBE2W","GHIST","her2+",0.123378718484487,0.0587883415188368
"test","UBL7","GHIST","her2+",0.153236462868673,0.0842417388749965
"test","UBR2","GHIST","her2+",NA,0.00750737159958599
"test","UBXN1","GHIST","her2+",0.174819541153141,0.155152373796615
"test","UCK1","GHIST","her2+",0.144897867031785,0.0605181307825929
"test","UFD1L","GHIST","her2+",0.224054124799746,0.199361028571123
"test","UQCRC1","GHIST","her2+",0.208708140923503,0.197823923270101
"test","UXS1","GHIST","her2+",0.193618694959374,0.0392821227752161
"test","UXT","GHIST","her2+",0.123788483553669,0.101698331504104
"test","VARS","GHIST","her2+",0.221009361527083,0.147407356553457
"test","VAV1","GHIST","her2+",NA,0.0065513932887038
"test","VCAM1","GHIST","her2+",0.116468265780593,0.0858267507088595
"test","VEGFB","GHIST","her2+",0.154800128516256,0.129000473111183
"test","VIM","GHIST","her2+",0.265227400349379,0.252370036453772
"test","VPS13D","GHIST","her2+",0.0778662375269206,0.0218213627296495
"test","VPS45","GHIST","her2+",NA,0.00618758277933545
"test","VWF","GHIST","her2+",0.142641680191785,0.0904194993615552
"test","WDFY3","GHIST","her2+",0.175977767477902,0.0713316130329121
"test","WDR13","GHIST","her2+",0.174276504792692,0.14874520908303
"test","WDR34","GHIST","her2+",0.242056828135274,0.229090252080832
"test","WDR46","GHIST","her2+",0.228296820031347,0.207226497003112
"test","WDR73","GHIST","her2+",0.104293839893932,0.0286244023104307
"test","WDR74","GHIST","her2+",0.195294289218117,0.165590235106704
"test","WIPF1","GHIST","her2+",0.148980341488756,0.125551812402764
"test","XAB2","GHIST","her2+",0.154754147415257,0.0889864334730104
"test","XIAP","GHIST","her2+",0.0696451483637596,0.0313654471034962
"test","XPO6","GHIST","her2+",0.243733516424079,0.162459302342386
"test","YIPF4","GHIST","her2+",0.182965574152717,0.125950493127776
"test","YTHDC1","GHIST","her2+",0.156560361385691,0.127907784630861
"test","ZDHHC12","GHIST","her2+",0.25521469807038,0.18129793307693
"test","ZFAND3","GHIST","her2+",0.192306006966545,0.164022478157626
"test","ZFP36","GHIST","her2+",0.191786652932051,0.173127872862681
"test","ZFPL1","GHIST","her2+",0.160692208147882,0.0899440509863487
"test","ZFR","GHIST","her2+",0.102339627895972,0.0954653661846247
"test","ZG16B","GHIST","her2+",0.130299341135702,0.11782835477713
"test","ZMAT5","GHIST","her2+",0.171006845010013,0.11761022034234
"test","ZMYND19","GHIST","her2+",0.177858797820696,0.107321825759215
"test","ZMYND8","GHIST","her2+",0.140357384587316,0.122182616293922
"test","ZNF217","GHIST","her2+",0.241026710891602,0.152038122627249
"test","ZNF337","GHIST","her2+",NA,0.00653590707302915
"test","ZNF33B","GHIST","her2+",0.1274282810667,0.0534214461808098
"test","ZNF362","GHIST","her2+",NA,0.00594864935517344
"test","ZNF524","GHIST","her2+",0.106253116469411,0.0578573361702228
"test","ZNF592","GHIST","her2+",NA,0.00599474771796955
"test","ZNF644","GHIST","her2+",0.186815824396175,0.0846820624061533
"test","ZNF668","GHIST","her2+",0.173062509232101,0.0446969768640554
"test","ZNF771","GHIST","her2+",0.161835007642136,0.0327880983455616
"test","ZNF787","GHIST","her2+",0.204113953226907,0.12854227370456
"test","ZNF791","GHIST","her2+",0.118204317883454,0.0543023557032856
"test","ZNF83","GHIST","her2+",0.160315713047912,0.035568685077425
"test","ZNF91","GHIST","her2+",0.12397943849576,0.0762419161291813
"test","ZNRF1","GHIST","her2+",NA,0.00788365142939147
"test","ZSWIM8","GHIST","her2+",0.203153033278084,0.173731840434214
